Feature ID,BlankSub Mean 1000ppb_,BlankSub Mean 100ppb_,BlankSub Mean 10ppb_,BlankSub Mean 250ppb_,BlankSub Mean 500ppb_,BlankSub Mean D1S1_,BlankSub Mean D1S2_,BlankSub Mean D1S3_,BlankSub Mean D1S4_,BlankSub Mean D2S1_,BlankSub Mean D2S2_,BlankSub Mean D2S3_,BlankSub Mean D2S4_,BlankSub Mean D3S1_,BlankSub Mean D3S2_,BlankSub Mean D3S3_,BlankSub Mean D3S4_
1,167.7952,,,,,,,,,,,,,,,,
2,,,,,,,,,,,1086.8382,,,,,,
3,,,479.9657,,,,,,,,,,,,,,
4,122.1853,127.0425,132.2901,,,,,,,,,,,,,,
5,,,,,,,,,,,438.2032,,,,,,
7,,,,,,2193.6136,2454.5834,2585.1823,,2144.0321,3577.9572,2921.0509,589.4909,2620.0116,2324.825,2883.1582,513.3308
9,,,,,,,,,,,562.0834,468.6159,,416.3115,,436.5674,87.7378
11,,377.8147,,407.3003,334.5222,9460.4932,10087.3412,10845.8659,9938.0945,9784.709,14218.5849,12408.8839,3382.4537,10635.0342,9723.8995,11907.1652,
12,,,,,,1453.8097,1548.9167,1611.5603,,,2087.979,1878.995,,1599.0257,,1762.8879,
13,,,,,,2934.2914,3288.7738,3331.6032,,2825.3798,4112.4014,3661.8186,,3265.239,3138.6287,3580.4079,
14,,,,,,136.3434,,,,,,182.5529,,,,171.6669,
15,,,,,,,,,,,844.906,764.1766,,,,736.1195,
17,,,166.5302,,,,,,,,,,,,,,
19,,,,,,,,,257.5992,,379.1497,,,,,300.6905,
20,,,,,,,,571.3512,,471.0667,703.1869,625.4297,,577.3766,544.5163,596.4918,159.2274
21,,,,,,127.7386,,,,,200.9422,,,,,,
22,,,,,,3401.3101,3610.8518,3743.4851,3656.4034,3553.2089,4800.4429,4339.3494,,3886.12,3634.0045,4317.4919,
23,,,,,,,,222.586,,,,,,,,,
25,742.7966,,,,,,,,,,,,,,,,
26,,1075.8712,1478.779,,,,,,,,,,,,,,
27,,,,,,,,,,,,,,,,,
30,,73.4198,85.0881,,55.2801,,,,,,,,34.2835,,,,
31,,,,,,,,,,,273.1799,,,,,,
32,,,,389.4725,,4042.9592,4171.8115,4461.9439,4419.2769,3988.9067,5018.5973,4698.5458,1941.663,4263.7618,3989.4654,4684.4429,1709.9249
33,,,,,,,351.0527,,,,404.226,379.8093,,,,374.67,
34,,116.317,,116.5048,263.636,,,,,,,,,,,,
36,1633.2389,227.3882,,440.9212,886.6279,,,,,,,,,,,,
37,17293.672,1882.3984,,6013.6985,9146.827,,,,,,,,,,,,
40,,,,,,,132.282,122.8769,135.5493,,142.7785,135.8046,,115.0829,,123.9259,
42,,,,,,,,,,,,,,,,,
43,,,446.8198,,,8083.2879,8978.7843,8935.8129,3826.4699,7836.3867,11344.0039,10134.7086,2636.3546,8996.4086,8532.5029,9704.1396,
44,,,,,,1928.1681,2149.5575,2174.1397,,1886.7384,2711.0108,2376.4727,,2143.4854,2037.9849,2290.4751,614.0348
45,,,97.9051,,,1414.1338,1548.1575,1574.8276,,1392.218,1949.8188,1769.2951,,1527.9999,1524.0937,1725.5458,
47,,,,,,,155.6727,,,129.7288,188.732,161.3741,,158.1558,,168.8798,43.1892
52,,,,,,,,313.5792,,,361.3192,328.2385,,,,349.3912,
54,,,,,134.9128,,,,,,,,,,,,
56,,,,,,,,,,,,,,172.962,,,
57,,230.429,,,228.1217,,,,,,,,,,,,
58,,,,,,954.6552,970.5558,1296.881,275.3311,366.6527,603.6987,454.0626,,1373.2821,1479.63,1770.857,213.3589
59,,,,,,,,,,,195.0372,,,316.4828,268.8839,360.1292,
60,338.1515,,,93.5576,206.3195,,,,,,,,,,,,
64,,,214.5804,,,,,,,,,,,,,,
65,,719.8313,1278.5529,718.2265,833.7474,10103.7906,10844.5032,11591.1532,11266.8102,10594.5342,14478.7936,13056.4302,,11514.8132,10684.3979,12809.4062,
68,,,,,,,,,,,,,,,,,
69,,,,,,1192.6941,1231.3893,1319.2356,1256.7759,1199.9799,1637.1887,1438.5456,,1305.2656,1175.4371,1428.4801,486.0002
70,,,,,,,,,,,405.1419,,,,,,
71,,,,,,127.623,144.0994,,,,179.8657,170.4045,,164.2548,152.6146,174.3962,57.8354
72,152.142,,,,65.9728,,,,,,,,,,,,
73,,,,,,,232.8627,102.8976,,,210.737,73.4411,,,319.2182,178.2156,
74,,,,,,,151.2195,106.6981,,,105.324,,,96.1542,147.3443,147.7176,
75,,,,,,67.6906,,,43.523,,,,,,,,
77,,,65.8579,,,292.0018,,321.5138,,289.8736,405.542,359.5503,,,292.9235,351.6266,
78,,,,,,1605.6027,1035.0447,806.3783,33.0951,446.3849,,,173.2587,2155.039,,,
80,,633.2483,734.4772,,,,,,,,,,,,,,
81,861.7631,265.9984,,,690.8528,,,,,,,,,,,,
82,687.0366,,,,,,,,,,,,,,,,
84,,117.7974,123.5275,,95.0557,,,,,,,,,,,,
88,911.618,,,,,,,,,,,,,,,,
90,,,,,,,,,,,190.4555,,,,,,
91,,,,,,140.7202,,137.9499,,,,,,,,,
92,234.0763,,,,127.5815,,,,,,,,,,,,
93,184.8609,,,,,,,,,,,,,,,,
95,,,,,,,,183.9413,,,,,,,,,
97,,,,235.3452,,,,,,,,,645.0663,,,,680.5973
98,,,,,,15355.8667,16827.2593,16794.273,7717.6053,14887.9533,21337.2377,19048.171,4839.9142,17385.0087,16346.1003,19008.802,4209.1763
99,,667.8069,930.8561,,,,,,,,,,,,,,
100,336.8804,,,130.2142,167.4643,,,,,,,,,,,,
102,,,,,,2611.5688,2870.1644,2914.8142,1281.8287,2503.7195,3518.19,3111.2125,,2888.2667,2781.7254,3140.3988,
108,,,,,,,2640.6516,2586.6249,,2256.0738,3333.3204,2936.7624,,2706.4005,2480.0722,2910.6325,
109,146.5855,,,,,,,,,,,,,,,,
111,245.7813,,,,,,,,,,,,,,,,
112,224.3862,,,,149.8063,,,,,,,,,,,,
114,,,,,,,,,,,,153.7754,,,,,
115,,,,,,,,,,463.2315,904.2457,,,,,,
119,,,,63.6317,128.1731,,,,,,,,,,,,
123,952.3961,153.6068,,,545.581,,,,,,,,,,,,
124,316.813,,,,187.7538,,,,,,,,,,,,
125,,,,,,,,,342.6381,,486.1122,,,,,,
126,2360.7688,197.7042,,789.3825,1393.4792,,,,,,,,,,,,
127,698.9219,,,,557.6174,,,,,,,,,,,,
130,,,,,,,,,,,199.4782,,,,,,
133,,,,,,,,,,,,,,,,,
134,,,,,,,,,,,179.8956,,,,,,
136,,,462.8976,,,,,,,,,,,,,,
137,,,,,,,,,,,,,,,159.7301,,
138,13248.313,2477.447,329.4416,7493.9399,11477.868,,,,,,,,,,324.3788,,
140,20915.426,2466.2644,320.8842,7418.6306,11317.63,,,,,,,,,,,,
145,,,,,,,,,,,,,,286.9661,,,
146,,,,,,,,,,,,,,,,136.5119,
147,,,,,,6183.9999,12335.231,10288.2893,,1907.7063,6004.0395,4140.7484,,2038.543,4540.9639,5235.5591,
148,107.3201,,,,,,,,,,,,,,,,
149,,,,,,,190.3335,,,,,,,,,221.8282,
151,140.5002,,,,,,,,,,,,,,,,
152,,,,,,,,,,,,,,,,,
153,,,,,,185.5039,,250.8862,,,,,,169.3522,,239.5806,
155,,178.3792,285.2502,,,2713.8546,2966.4925,2961.6312,1325.6272,2536.7739,3594.4982,3246.2007,926.625,2910.9602,2696.2235,3067.0241,
157,,,,,,,,,,,126.8151,,,,,,
160,,,,,,,,,,,164.4235,,,280.5627,,520.7893,
161,,204.5403,210.0415,,,,,,,,,,,,,,
162,,,73.5678,,,501.2473,539.6513,585.391,268.7985,480.2566,706.3723,628.3023,,570.7327,541.5977,595.8667,
163,,,,,,,,,,,,,,,,,
164,1371.8824,128.2128,,,859.9617,,,,,,,,,,,,
165,,,59.5613,,,499.3661,521.067,523.939,,,628.7352,584.7555,,523.6642,497.8274,560.9483,
167,,,,,,120.7863,136.3685,143.3656,,,,,,,,,
168,,,,,,256.0275,458.742,340.7159,,,,,,98.086,,,
169,,764.813,1704.0984,1217.9085,640.3997,30972.8134,32156.4117,33734.7117,33266.7664,31364.552,40917.8077,37597.867,12978.9307,33890.0124,31667.0757,36833.303,10940.503
175,,151.2457,134.2876,,,,,,,,,,,,,,
176,,,,,,,,,,,143.3699,,,,,,
180,,,,,,,,445.3423,,408.6096,529.1645,439.5578,,,,,
181,,,,,,2087.4166,2309.1051,2347.9845,,2026.4667,2939.5963,2628.1429,645.818,2394.6748,2206.946,2513.1658,562.6102
182,,264.1135,338.075,700.6794,,,,,,350.2193,,,,,,,
185,,,180.9769,,,,,,,,,,,248.9708,,,327.6903
186,,,,,,,,,,339.9744,502.2629,,,,398.1784,,
187,407.8404,,,,504.9095,,,,,389.6741,882.8135,,750.3722,,,,
188,,,,,,,,,,294.5987,457.0019,348.1586,,195.2242,,,
189,13654.0808,1410.8521,,3545.6526,7265.1888,,,,,,,,,,,,
191,,,,,,,,,,,,,,,,,
193,,,,,,,,,254.8768,,185.5941,,364.2375,,219.6884,,357.1104
194,,,,,,,1106.0315,,,1038.1249,1243.9929,,,,,1204.5779,
195,,,,,,,,,,,,,,167.396,,,
196,723.568,,,,425.4034,,,,,,,,,,,,
197,,,,,,2633.4747,3741.932,1722.9245,,3167.4643,2917.2556,912.6359,,,,,
198,,,,,,160.9624,,,,,537.3899,,,,,,
199,,,,,,,143.3769,179.8988,,,314.8452,,,,,633.2191,
200,19736.432,4311.906,526.7368,9058.901,13877.972,,,,,,,,,,,,
201,,,,,,,,,,,,,,,,391.7924,
202,,,,,,,,,,4847.0953,5948.0933,14378.3661,9323.4521,4187.461,2994.0503,1750.3637,2499.4137
203,562.7004,,1784.4004,,1324.2876,2273.7296,2292.7547,2162.3794,2419.8625,2271.8898,1816.8902,1972.777,3220.7716,1935.9677,2096.5882,2168.7452,3279.4464
204,,,,,,,,,,,340.2583,,,,,,
205,,,137.8177,,,,,,,,,,,,163.3873,,
206,,,,,,,,103.9547,,,,,,,,,
207,1589.3582,,,,855.6946,,,,,,,,,,,,
208,,,,,,275.3179,435.6212,210.4868,,363.7655,321.8633,101.9372,,,,,
209,,,,,,,,,,,,230.1275,,,,,
212,319.5595,,209.965,,,,,,,,,,,,,,
217,3393.27,,,996.4459,1928.1621,,,,,,,,,,,,
220,,,,,,594.6061,690.1471,,,,,,,203.5493,,202.4803,
224,,,,,,34844.2897,93769.29,61919.9033,354.591,42683.999,69514.119,49860.6177,,48097.892,47724.6783,54188.5217,
226,11417.892,1060.9457,,2892.2492,5230.2354,,,,,,,,,,,,
227,4435.6655,,,1257.8007,2309.5413,,,,,,,,,,,,
228,,,,,,391.6233,,517.3824,,,552.8623,414.7081,,558.0579,437.8474,621.6429,
230,,,,,,,,,,,,,,,,,
232,,,,,,,183.6768,186.1787,,,,,,,,,
234,,,,144.813,,,,,,,,,,,,,
236,,492.588,587.9587,,365.3528,,,,,,,,,,,,
237,,,249.3856,,,,,,,,,,,,,,
238,,,,,,519.4684,529.2113,818.7944,405.7098,,,,,232.1114,,,
240,,,,,,723.6186,671.3891,916.9626,427.6814,257.4986,402.7614,299.6548,,715.5947,799.2186,881.8927,
243,,,,,,,,,,,381.116,,,,,,
244,,,,,,12804.9177,4942.5441,6906.618,,525.403,619.4995,497.783,,,,1931.1346,
245,,,,,,537.8458,549.6129,653.4435,,,1334.3096,1048.588,,876.6217,834.6959,1225.7682,
247,26265.582,3188.9888,410.3529,9188.1196,14510.205,,,,,,,,,,,,
249,316.4931,,,93.3168,133.0694,,,,,,,,,,,,
250,,,,,,,,,,,,362.1504,,,,,
252,,,,,116.9946,,,,,,,,,,,,
253,,,,,,,193.7963,280.6855,,,,151.8968,,,,,
254,,,,,,,,411.4508,,,,,,,,,
255,,,,,,,,,,,,,,,,,
256,,,,,,,227.9673,,,,,195.4006,,235.7325,,226.5357,
257,2953.6345,,,,1534.5404,,,,,,,,,,,,
260,,,,,,,219.1558,,,,,,,,,,
262,,,,,,,,,,,,384.758,,,,,
265,,,,,,135.898,,124.331,,,,,,139.1793,,,
266,,,,,,,,,,,,,,,,,
267,,,,,,,,,,,421.8355,397.9067,,,,,
270,,,,,,,177.2455,,,,,,,,,,
271,,,,,,,238.6377,239.3177,150.1023,332.6521,363.1342,354.1517,,252.5425,207.855,259.6549,69.7924
272,,,,,,,130.197,,,,,,,,138.1155,138.462,
273,,,,,,144.0252,,,,,,,,,,,
274,,,,,,195.1738,227.6944,264.1844,,,,,,282.1451,289.5483,435.9688,
275,,,,,,,,,,,,,,,,,
276,,,,,,,,658.5769,,,,,,,,,
277,,,,,,,,,,,,,275.5246,,,,
279,,,,,,108.534,,,,106.2597,184.6322,,,,,,
280,,,,,,,,,,,243.7341,,,,,,
281,,,,,,,,,,,141.6482,,,,,,
283,,,,,,,,,,,,,,,,,
284,,,,,,,323.4581,,113.7887,,210.5468,,,,,,
285,,,,,,,,193.3344,,,,,,,,,
287,,1071.6703,1436.4969,,,,,,,,,,,,,,
288,,,,,,1923.5042,2123.392,2152.1028,,1879.7141,2763.7079,2470.451,593.9282,2221.2822,2026.2323,2354.1181,508.6146
289,,,,,,,,,,,,,,167.0635,,,
290,,,,,,,632.1672,,,,,,,,,,
293,,,,,,357.0741,364.8598,393.269,,,496.1006,452.6143,,386.0806,,400.201,86.3616
294,,,,,,,,,,,179.6142,,,,,,
295,144.5827,117.2447,,,111.1908,,,,,,,,,,,,
297,723.8172,,,,,,,,,,,,,,,,
298,,,,,,233.5277,288.0644,,,,196.636,,,162.0129,,239.4452,
299,,,,,,283.2827,350.9742,242.6075,,,,,,,,,
302,,,,,,,,,,641.7082,826.9179,759.3301,,,,738.6351,
303,,,,,,,,,,,423.6709,,,,,,
304,948.7638,,,,557.3951,,,,,,,,,,,,
313,,,,,,512.2702,590.1396,947.6192,,481.37,754.6596,565.8326,,870.7355,698.0726,1406.9819,
315,,,,,,,,,,,,,,,,,
317,,,,,,244.1736,,,,,,,,,,155.7377,
318,,,,,,1060.3095,,,,,1429.6107,,,,,,
322,,,,,,,,,,,400.1301,1051.0058,,758.7638,,302.5827,
329,615.7535,,,136.3985,,,,,,,,,,,,,
331,302.0016,,,,180.301,,,,,,,,,,,,
332,2121.6733,,,570.8151,1336.3491,,,,,,,,,,,,
333,,,,,,,,,,,,,,,,,
334,,,,,,,,,,,212.6424,,,,,,
335,,,,,,221.834,,,,,,,,,,,
336,,,,,,,,149.8117,,,,,,,,,
339,,,,,,,,,,,179.6314,,,,,,
341,14600.8296,,,5071.6703,7902.5026,,,,,,,,,,,,
342,338.729,,,,174.5011,,,,,,,,,,,,
343,,,,,,2172.3686,2274.742,3498.6927,,563.0871,936.4891,682.9449,,7158.9272,6132.975,7509.9868,
344,,,,,,,198.4064,,,,,,,,184.1567,,
345,188.695,1231.936,1649.408,,683.9438,,,,,,,,,,,,
348,,,,,,,,,,3342.6245,3559.983,,30304.9619,2773.1745,,7649.2438,3385.4667
349,,,,,,404.5193,385.1372,333.8088,220.3964,376.7715,601.0156,441.5579,177.2909,,426.9653,512.5139,190.7156
351,,,,,,,482.5953,,,,,,,,,,
354,,,,,,309.177,288.331,286.543,,,163.0232,,,,,,
355,,,,,,,,217.3323,,,,,,,,,
356,,,,,,,,,,,,,,,196.4657,,
357,,,,,,674.5323,819.2338,571.9758,,,,,,,,,
358,,,112.7831,,,,,,,,,,,,,,
359,,,,,,,198.1417,154.3032,,,,,,,129.2948,206.8584,
360,,,,,,247.3858,,,,,235.3008,132.8397,,420.5399,354.48,573.6109,
363,,,,,,,,,,258.2286,276.2543,,2983.3724,203.9461,235.2609,678.5122,261.0414
365,,,,,,,1038.9831,,,,,,,,,,
366,,,,,,12525.618,,2663.6191,,,,,,,,,
368,,,,,,,,,439.3762,,,,537.5715,,,,390.0681
369,,,,,,,56.6253,,,,,,,,,,
371,143.1518,,,,,,,,,,,,,,,,
372,,,,,,,,,,,,,,,,226.5774,
373,103013.91,12409.169,1429.3871,34384.93,58331.496,,,,,,,,,,,,
378,,,,,,472.461,,,,281.1901,423.9385,,,,818.2712,,
379,,,1230.0771,,,29383.724,31878.486,32379.4403,15189.5853,28400.7036,39051.4286,35415.9613,10126.0773,32244.9916,30889.9666,34274.755,8789.3206
380,156.7325,,,,,,,,,,,,,,,,
381,201.7685,,,,,,,,,,,,,,,,
382,,,,,,,,139.5126,,,,,,,,,
383,,,,,,,,,,,,,,,186.7366,253.8212,
385,,,,,,,175.2863,,,,,,,,,,
386,,,,,,,,,,,291.6649,,,,,,
392,,,120.0762,,,,,,,,,,,,,,
393,,,,,,,,217.8734,,,184.3894,182.2288,,,,,
394,,,,,,,312.8756,313.4422,,,343.6304,254.9298,,,,,
395,,,,,,,300.9654,,283.8183,,,,,,,,
399,,,249.026,,,5905.3398,6380.0798,6399.442,2995.5761,5639.5614,7783.2153,7051.113,1979.3989,6361.7881,6101.8731,6768.1757,1743.2971
400,,,,,,406.9974,1091.7541,1024.0423,,396.5576,,956.7249,,781.4167,,461.4336,
401,21245.63,2780.8271,335.4543,6788.1518,11515.586,,,,,,,,,,,,
402,,,,,,180.4892,183.6852,151.7596,,,290.8026,,,192.8062,186.731,204.9999,
407,,,,,,,,,,,791.1144,,,,,,
409,,,172.6553,,,4815.6724,5220.1462,5257.5802,2421.041,4588.6693,6494.0339,5884.7318,1550.3051,5235.4019,4978.4859,5539.5663,1392.8194
413,,,,,,273.5359,285.1788,,,184.0096,,,,299.1059,,,
414,,,,,,,258.642,339.3553,,,239.4483,156.378,,,,,
415,93.2997,,,,,222.0572,267.9327,315.7172,,186.5523,276.547,,,279.1768,206.2865,315.8818,
416,,,,,,,,119.3828,,,,,,,,,
418,,,,,,,,,,,,,,269.2389,,314.4025,
419,,,,,,,,,,,102.5752,,,,,111.3236,
420,,,,,,,147.0382,,,,,,,,,,
421,3283.0653,475.5834,,1054.1373,1971.1542,,,,,,,,,,,,
428,,,,,,10250.9457,10764.2417,13905.518,5595.8636,5745.4002,9168.3327,6819.161,,8598.0352,7863.7185,9886.8397,1391.6217
429,30277.441,3187.3174,,10538.2173,16812.377,,,,,,,,,,,,
430,,,,,,,,,474.7393,,,,,,,,113.8267
431,,,,,,,,5665.0695,337.7865,,,,,,,,
433,,,,,,,,,,,215.627,160.9599,,,,,
434,,,,,,,,,246.0275,,,,,,,,
437,,518.5326,663.0378,,296.1884,,,304.6278,,,291.8788,,,,,,
438,,,,,,,207.2791,,,204.1205,407.7779,304.4057,,,,308.939,
439,,,,,,,232.2608,299.1863,,,277.2945,189.3469,,172.6118,,158.6493,
440,,,,,,,,,,,124.2828,113.4088,130.9878,,,,
441,956.7317,296.0732,,,725.7918,,,,,,,,,,,,
442,143.2371,,,,,,,,,,,,,,,,
445,,,,,,105.0148,697.1792,,,,,,,,,,
447,,,,,,,148.3765,112.5958,,,,,,,,135.2711,
448,,,,,,189.6354,218.0086,220.9899,,181.0468,225.5148,150.0063,,,,,
449,,,,,,,210.2882,122.2202,,,,,,,,,
450,,,,,,,316.4508,,,,,,,,,104.924,
451,1873.7505,,,,,,,,,,,,,,,,
452,,,,,,,,,,,,,,,,,407.4267
453,3514.733,,,,1840.9913,,,,,,,,,,,,
454,,,,,,,,,,,,,,,,,
455,3840.2058,,,1224.866,1996.95,,,,,,,,,,,,
456,,,,,,,,,241.7728,,662.1396,,,,,,
457,,,,,,,,,,,207.7122,,,,,,
460,,,,,,,,,1035.6267,,,,,115.2281,,248.0449,
466,1158.322,,,,641.5462,,,,,,,,,,,,
469,,,,,,,,,,,201.8976,179.8697,,,,,
472,361.4027,164.7384,,,246.8862,,,,,,,,,,,,
473,,,,,,,,,,,652.4076,,,,,,
475,497.421,,,,,,,,,,,,,,,,
477,,,,,,,,,,,356.845,,,557.5356,501.8775,,
480,,,,,,556.2874,,,1327.6828,3053.4974,3207.5325,4216.4446,4279.4282,2698.554,1989.1949,2183.1896,1948.7697
481,,,,,,,,,,,,,,,770.1661,,
482,,,,,,,,,584.5146,,,,,,,,
484,,,,,,,,,,,2859.7103,,,,,,
487,,,1290.9827,,,,,,,,,,1482.595,,,,
488,21607.5791,1866.7879,,5490.9815,11284.3451,,,,,,,,,,,,
489,476.724,497.3626,,787.8446,361.8523,,,,,,,,,,,,
490,12722.65,1586.5482,203.7574,4465.031,7700.9824,,,,,,,,,,,,
492,88.3023,,,,,,,,,,,,,,,,
493,302.696,,,,,,,,,,,,,,,,
495,,,,,,,,,,,,,,,,117.7104,
496,,,,,,,216.0844,,,,,,,,,,
497,9851.95,,,2382.0466,4778.4175,,204.8155,,,,,,,,,,
498,,,,,,,,290.4201,431.0076,,,,,,,,
499,,,,,,,,,,,,,,,,,
500,,,,,,83.9624,,144.4462,,,,,,,83.3422,,
502,,,,,,,,,,,,,,579.8054,,,
503,1270.5322,,,355.7184,562.4898,,,,,,,,,,,,
506,,,,,,,,,,,205.1967,,,,,,
507,,,,,,,,,,,,,,303.6336,,,
508,667.4867,,,,,,,,,,,,,,,,
509,,,,,,221.474,299.9551,246.3407,556.6496,,497.7415,431.9584,498.6918,367.049,,210.3648,243.6031
510,13951.1991,1260.474,,3572.8057,7282.0871,,,,,,,,,,,,
513,650.4321,60.2092,,206.197,338.8331,,,,,,,,,,,,
516,,,,,65.5515,,,,,,198.2762,,,,,191.8676,
517,,,,,,,,170.4953,,,134.619,,,157.2137,,,
518,,,,,,280.9995,,,,,252.8166,219.3688,,268.9044,,339.724,
519,,,,,,,,,,,160.6678,,,,,,
520,,,,,,,440.4815,,,,527.5151,,,,,,
521,,,,,,,,,,,,,,,,,
522,,,,,,,,1289.8875,1744.2585,,299.9235,146.6193,,239.3611,,,
523,921.41,,,,498.1073,,,,,,166.782,,,234.573,183.8849,329.867,
526,,,,,,,,,,,204.2498,,,,,,
529,,,,,,110.2964,,109.2049,,,,,,,119.009,199.3708,
531,2099.6357,178.1769,,522.583,1127.351,,,,,,,,,,,,
532,118.4686,,,,,,,,,,,,,,,,
535,15785.4843,2699.0803,,4586.1408,10086.9063,,,,,,,,,,,,
537,,,,,,,,,,,626.2525,,164.7507,458.8594,,,
538,,,,,,375.0179,332.922,467.7947,,,271.5689,158.5307,,826.4265,561.0685,506.0548,
539,,,,,,,316.8418,,,,,,,291.7274,391.3354,312.9009,
540,4952.314,481.7127,,,,,,,,179.1327,,269.1052,,,247.3587,,
541,,,,,,330.1351,353.7877,311.0536,,118.8395,195.752,,,,270.2455,408.2174,
542,,,359.511,,,,,,,,,,,,,,
543,92196.78,10841.406,1344.7006,31860.672,51299.438,,,,,,,,,,,,
545,,,,,,232.0604,,,,,,,,,,,
546,,482.098,533.9348,,,377.6106,360.0023,313.0827,,372.248,474.9007,509.4833,165.4931,389.9995,288.4965,360.7076,
547,,,,,,,509.56,,,,,,,,,,
548,,,,,,,,,,,,,,1939.3567,,,
550,,,,,,,202.1271,,,,,,,211.0313,199.3928,244.9561,
554,,,,,,,311.0229,,,,290.6512,,,,,189.0146,
555,,,,,,,,174.1189,,,291.5473,206.0465,,,173.416,,
557,,,,,,87.286,,,,,,,,,,,
559,,,,,,,,,,,,,,,,,
562,,,,,,273.2904,280.0523,265.0325,,,,,,,,283.0067,
564,,,,,,,,,,,190.3189,,,416.3551,,552.4001,
565,,,,,,,243.8837,,,,,,,,,,
568,,,,,,,,,,,,,,752.0092,,,
572,,,,,,,,,,,,,,106.2012,,143.959,
573,,,,,,,,,,,289.9461,,,,,273.1374,
576,,,,,,,,1096.5178,,,,,,1874.8446,1538.7007,1732.769,
577,,,,,,533.2012,477.3995,507.8542,,,353.6771,,,439.7055,376.2537,,
578,884.5186,,,,444.0428,,,265.6445,,,,,,,,211.7277,
579,,,,,,,,,,,,,,,,,
582,,,,,,294.9176,292.8002,282.2869,,128.2612,288.9358,320.6624,,270.3588,294.3264,424.3907,
584,,,,,,545.5228,555.6024,597.5095,,,,,,306.8589,,,
586,,,,,369.683,,,,,,,,,,,,
588,9915.7127,954.0119,,3086.3634,5332.123,,,,,,,,,,,,
592,,,,,,,,91.565,,,97.3779,,,,,,
595,,541.1133,1193.5231,732.5124,477.6845,16459.5587,17007.5711,17798.7951,18122.1214,16619.1107,21048.6724,19447.4004,7502.0393,17528.2231,16462.2824,18900.7111,6362.3494
600,244.7276,354.1408,,,231.2094,,,,,,,,,,,,
601,,,,,,146.6489,,192.498,,,244.6582,208.017,,,,,
602,,,,,,149.7663,317.02,166.2252,,,,,,,,,
603,,,,,,,,,,,,,,,,,
604,452.7055,,,,270.0903,,,,,,,,,,,,
606,,,,,,,,,,,,,,,,155.6414,
607,,,,,,518.813,653.8659,771.3528,,212.4486,354.0364,353.4969,,639.0453,400.135,890.1059,
608,,,,,,,682.4698,,743.8866,,,,,,,,
609,,,,,,,241.604,,,243.8973,,,,309.2812,368.0944,495.2489,
610,,,,,,259.451,234.7134,261.0596,,,200.3588,,,,,320.8386,
611,,,,,,330.4578,419.3934,445.6176,259.7074,215.0725,311.4311,,144.3027,151.9289,,224.469,
613,,,,,,738.2836,741.7834,548.0046,,,,,,,,,
614,,,,,,,,,,,,,,108.3177,100.6777,,
616,,,,,,,,,,,,,,,,,
617,,,,,,,,,,,,,,1043.7762,898.9256,861.8775,
618,,,,,,7850.7117,9952.6884,9384.356,,3070.6571,6799.8768,4139.9001,,6789.077,7206.0017,8074.6652,
619,,,,,,,214.4609,,,,,,,,,,
620,,,,,,,331.0022,,,,462.6094,256.1167,,244.8848,353.4038,324.3383,
622,,,,,,,,,,,,37.254,,,,97.6919,
623,,,,,,,,,,,,,,,,330.8282,
624,,,,,,1763.9275,1776.6416,6518.1098,1186.9798,,,,,,,,
626,,1982.9111,1743.8039,,,,,,,,,,,,,,
627,,,,,,,218.788,233.1858,202.4576,,283.5384,,,222.0836,,211.2894,
628,,,,,,,,,,,,,,669.2839,,,
629,,,,,,,,,,,,,,88.0243,,,
630,,,,,,,,,,88.8632,,129.1414,,,,,
631,,,,,,,502.3158,340.9723,,,,,,138.0544,,225.5741,
634,,,,,,153.8508,220.6907,224.8632,,,,,,,,,
637,,,,,,,,,,,,,,320.7579,307.5118,272.1164,
638,,,,,,,,,,,,,,,386.8232,340.892,
639,,,,,,2464.2532,3141.2642,2934.5404,,,2175.5468,1258.3533,,2089.5357,2179.7771,2491.7044,
641,,,,,189.4082,,,,,,,,,,,,
644,196.4057,,,,,,,,,,,,,,,,
650,,,,,,,382.466,,,421.5101,489.8865,446.138,194.3792,,,437.4882,
654,,,,,152.6648,,,,,,,,,,,,
655,139.856,,,,,,,,,,,,,,,,
657,,,,,,208.0243,187.7484,,212.5713,,514.6864,,,,,,131.776
661,,,,,,,,,,,,,,,,,
662,,,,,,,,,,,891.5315,805.1154,,,,797.0706,239.9299
664,,,,,,,,,,,,,,,,217.4234,
665,579.4537,,,136.0069,315.7545,,,,,,,,,,,,
666,,,,,,,,,,,,,,,,,
669,93760.69,10264.205,1229.0933,31346.213,52213.02,,,,,,,,,,,,
670,89.1466,,,,,,,,,,,,,,,,
671,109.702,,,,,,,98.7578,,,,,,,,,
672,,237.7998,242.5509,,,,,,,,,,,,,,
673,,,,,,,,,,,219.1039,,,,,,
674,,,,,,3275.5019,3463.2534,4514.1768,2172.7609,,2076.3448,1314.9066,,3172.5781,2868.3484,3761.5296,
676,,,254.8403,,,192.221,,190.4727,,181.0234,,,,,,,
678,,,,,,,,,,501.8025,1384.1224,,,,,,
679,,1067.4545,1572.479,,,,,,,,,,,,,,
681,,213.0486,,,,,,,,,,,,,,,
682,,,,,241.1647,,,,,,,,,,,,
683,,,,,,,,,,,,,,,138.1481,203.939,
684,183.511,,,,,,253.1842,,,,,,,,,,
686,,,,,,,,,,,,,,,,,
688,,,,,,,,,,,,,,,,,
693,806.3839,,,,553.0843,,,,,,,,,,,,
694,,,,,,,,,,,,,,150.8834,,,
696,,,,,,,,,,,,,,,,,
697,,,,,198.2492,,,,,,,,,,,,
700,72.6835,113.7241,81.9192,,,2172.9274,2650.9248,2976.5515,780.2083,863.1658,1589.9076,910.7771,158.1068,3081.4822,3766.1725,4319.9399,576.2956
701,,,,,,289.6585,463.4636,,,,,,,,,401.603,
702,,,,,,420.0514,482.4556,,,,764.94,543.2105,,883.0156,832.3852,1271.5743,
703,,,,,,,,,,,,,,,,274.5983,
705,,,,,,367.5978,399.5673,311.7241,,,,174.0915,,248.5145,,227.6682,
707,,,,,,,,473.6616,,,,,,,,,
708,,,,,105.5268,,,,,,,,,,,,
709,,,,,,,,318.3295,,,,184.7033,286.0871,229.1855,,559.8724,
710,,,,,,,,,,,292.3348,,,264.0343,,459.5246,
712,,,,,,321.0713,,371.9232,,,417.0716,307.8838,,,,321.5097,
713,,,97.1465,,,,,,,,,,,,,,
714,6139.0815,649.4911,,2123.8732,3638.546,,,,,,,,,,,,
715,,,,,,,256.0491,,,,,,,,,152.9693,
717,,,,,,,,,,,,,,228.488,,,
721,292.8103,,,,171.1616,,,,,,,,,,,,
722,,,,,,242.4003,207.634,333.2349,,,,,,,,211.4063,
724,,21.8106,,,,775.6659,769.452,883.2276,223.1606,278.4944,514.8905,332.2378,,852.0712,1124.0659,1428.9664,
727,,,,,,,,,,1916.7506,2046.2393,,20921.5781,,1701.3528,4875.5751,1910.1867
731,,,,,,1604.7393,1385.1802,,595.2632,543.9396,976.7326,685.9992,,2672.0509,2376.4529,2387.5024,185.6539
732,575.1516,,,,,,,753.0717,,,,,,528.4178,,,
735,,,,,,,,415.1626,,,751.647,283.5459,,143.7638,823.7286,633.6609,
736,,,,,,,264.966,,,,221.6348,,,,,219.4324,
738,,,,,,,,,,,230.0015,,,322.685,,,
739,,,,,,370.322,409.6668,309.2396,,,,,,,231.5309,263.2161,
741,,,,,,,202.7733,209.2624,,,186.9622,,,394.5581,,,
743,12173.1023,1382.2476,,4301.2174,6504.8903,,,,,,,,,,,,
745,265.3604,,,,175.347,,,,,,,,,,,,
746,,,,,,,,,,,220.3976,75.7647,2483.9837,140.6803,179.1394,577.026,
747,,,,,151.4707,,,,,,,,,,,,
749,131.6744,,,,50.803,,,,,,,,,,,,
751,,,,,,139.8838,107.4742,,,,,,,229.0354,199.2863,216.8725,
752,,,,,,,,,,,,,,233.933,,,
753,,,,,,,,,,,142.7282,,,,,,
754,,,,,,,,,,,69.1267,,,,65.7132,,
755,,,,,,1156.3072,1103.5844,1102.4873,,,789.3807,,,1552.853,1207.0967,1280.3947,
756,135.6308,,,,,,,,,,,,,,,,
757,1480.3294,,,506.1218,846.9257,,,,,,,,,,,,
758,1243.1868,,,,,,,,,,,,,,,,
760,,,,,,,,185.2108,,,155.607,,,,,329.2293,
761,,,,,,,,,,,173.1018,,,,,,
762,,,,,,,157.5723,,,,,,,138.5952,140.709,,
763,,,,,,376.6593,374.1926,539.593,,443.3706,835.5783,673.1514,,746.8103,601.5145,1170.5397,
764,,,,,379.2814,,,,,,,,,,,,
765,,,,,,401.0368,603.3509,,322.0281,396.708,,,,,,,236.0937
766,,506.2761,536.8598,,,,,,,,,,,,,,
767,,,,,,617.2784,,379.6944,,,432.9904,335.8917,,483.6346,,580.866,
768,,,,,,157.7847,,185.6341,,,,,,97.0363,,,
769,,,,,,258.8199,213.5346,279.2094,,115.9441,395.7839,204.9408,,562.262,497.4749,1026.4051,
770,,,,,,,,183.7479,,,,134.094,,,,367.2401,
771,268.1584,,,,,,,,,,,,,,,,
772,,,,,,,,,,,,,,,,,
773,667.6596,141.6201,,174.3359,389.797,,,,,,,,,,,,
775,,,,,,,,,,,,,,,,,
782,,,,,,,,,,,,,491.1915,,,,
788,,,,,,,,159.9959,,,,,,,,,
790,,,,,,,,,,,,,1758.3634,,,,
793,28279.389,2473.8413,,9045.4582,14270.8955,,,,,,,,,,,,
796,,,,,,338.9472,424.8268,249.7248,,,,,,,,,
797,,,,,,,,212.3274,,,,178.8254,,,,,
799,,,,,,,212.2206,319.3079,,,,,,291.1183,,409.8465,
800,,,,,,2536.3663,2773.3211,2982.5758,3012.112,2712.5562,4460.1131,3211.3232,1168.0883,3274.974,2867.4613,4809.5937,1784.6458
801,,,,,,424.2942,481.4333,564.7002,,,,,,700.4719,380.5566,516.4751,
802,,,,,,,365.8982,,,,,,,,,,
804,,,,,,,,,,,,,,34.6866,,,
807,,,,,,,,,,,,,326.7875,,,,316.3368
809,,,,,,,,162.6679,,,,,,,,498.0535,
810,,,,,,,600.252,,,,712.0399,524.8374,,574.9518,533.1755,,
814,,,,,,1493.9542,1594.4256,1300.2754,,,960.9991,468.2634,,1183.1613,1201.0968,1305.0774,
815,24863.75,2555.0947,,8952.0692,13638.436,,,,,,,,,,,,
817,,,,,,,,7833.7677,,,,,,,,,
818,,,,,,6101.0335,6343.0483,4819.9798,,1823.0131,3422.3328,2329.7189,,3909.3959,3159.7377,3718.843,
820,,353.9318,,,318.7192,,1704.2332,1584.907,1806.7092,1713.8028,1332.1452,1445.4732,,1451.4698,1572.1162,1587.6112,
822,,,,,,,,,,,,,,,,,
824,,,,,,,,,296.6297,528.0109,719.2867,678.9583,,345.8782,339.0526,,
826,,,,,,,,,,,,,,1090.52,926.8771,1167.2044,420.6931
828,3746.154,,,1373.492,2031.5612,,,,,,,,,,,,
830,,,,,,,,,,,,1208.191,,1164.4466,974.7427,,
832,,,,,,,,210.9934,,,,,,,,,
833,,,,,,,216.6954,,,,,,,,,,
834,,,,,,223.9301,184.584,191.8393,,,,,,124.4893,,140.1599,
835,,,,,,246.1605,403.1267,248.4137,164.539,,200.6049,198.1173,,176.8624,,,
836,,,,,,,,,232.52,134.0455,,200.8046,194.0042,,,128.4742,
837,,,,,,,,,,,166.8583,,,,,,
838,,,,,,,204.2021,201.7667,,,,,,,,207.0044,
840,,,,,,138.3424,,115.1322,,,,,,,,,
846,,,,,,,,,,,,,,171.5904,,142.4175,
847,,,,,,,,,,,,,,187.1231,207.1485,,
848,,,,,,,213.9858,592.9015,,,,,,472.5245,539.5606,918.1457,
849,,,,,,,,,,,,,,91.8659,,,
850,,,,,,,475.7212,,,,,,,,,,
851,,,,,,761.2896,826.2113,1037.7058,,,,,,816.2801,741.7478,962.4109,
852,,,,,,328.7083,,,,,,,,,,,
854,,245.8381,,,317.131,,,,,,,,,,,,
855,,,,,,,,,224.7783,,599.5307,438.058,,181.2052,157.6443,,
856,,,,,,,,,,,,,,575.8979,,,
857,,,,,,,,,,,,,,,,231.7834,
859,,,,,,,,,,,149.8175,,,,,,
860,,,,,,212.697,212.9579,,,99.5159,231.0403,,,175.745,,205.6007,
861,350.1432,,,,,,,,,,,,,,,,
868,,,,,,3784.4882,4817.4827,4469.8604,,,3307.1833,,,3259.116,3368.8868,3924.4696,
873,,,,,,260.681,,236.3725,,,,,,474.0534,369.1958,,
875,228.1589,,,,126.1472,,,,,,,,,,,,
879,,,,,,,,,,,,,,,,,
880,,,,,,,,,,,,,,,236.5079,,
881,,,,,,,,,,,,,,,,340.927,
882,,,,96.7934,,,,,,,,,,,,,
884,753.9296,,,,,,,,,,,,,,,,
887,1459.857,,,,,,,,,,,,,,,,
889,,,,,133.6355,,,,,,,,,,,,
890,,,,,131.6062,,,,,,,,,,,,
891,,,,,,,,,,,,,,,1083.6088,,
892,,,,,,196.2428,,,,,,,,,,,
893,935.9011,,,,482.1662,,,,,,,,,,,,
894,,,,,,,,,,,369.8275,,,,,696.4602,
896,5859.9097,,,2011.2742,3243.8108,,,,,,,,,,,,
897,,338.2752,,,239.2603,,,368.7826,367.6767,,,,225.7793,,,,
900,,,,,,172.2234,179.5364,,,,148.7478,,,179.999,,,
901,,,,,,,739.4848,479.8943,,,,,,,,,
904,,,,,,,,250.334,,,,,,,,,
905,,,,,,,273.8574,,,,,,,,,,
906,,,,,,,,,,141.7329,265.8863,183.4181,,,,,
907,,,,,,284.3181,286.9063,208.6092,,,,,,182.9268,174.5136,171.101,
909,,,,,,322.3825,392.0471,346.7619,,,229.6115,,,331.905,329.8919,,
911,,,,,,311.1722,,,,,,,,,,,
912,1046.3491,,,381.1284,588.0987,,,,,,,,,,,,
914,971.9562,,,,,,,,,,,,,,,,
917,,,,,,,,,,,,,,,,93.6999,
921,,,416.1189,,,,,,,,,,,,,,
923,,,,,,,525.6758,,,,,,,,730.8131,201.8309,
924,,,,,,,,,,,,,,,,141.7829,
925,770.6105,,,,,,,,,,,,,,,,
926,1915.2635,571.5231,395.5701,965.2448,1404.2979,,,,,,,,,,,,
928,,1082.7862,1367.2572,,,,,,,,,,,,,,
929,,,260.8639,,,,,,,,,,,,,,
930,,,,,,,,,,,,,,,,,
931,,,,,,,,,420.2002,,,215.1024,,,,,
932,,,,,,,197.9546,,,,,,,246.4512,274.7716,,
933,1189.1084,,,,829.7812,,,,,,,,,,,,
934,,,,,203.3979,,,,,,,,,,,,
935,,190.4274,,,110.1324,,,,,,,,,,,,
936,,,,,,153.8484,,238.4299,,,,,,199.1417,165.6272,257.5768,
937,,,,,,,452.081,371.3062,,,214.4964,,,291.1574,261.2248,,
938,,,,,,474.2549,369.6368,349.7117,,,,,,,,263.8483,
939,,135.286,,,,,,,,,,,,,,,
940,,,,,,526.0866,538.9586,675.4661,,,,170.5967,,451.5314,422.6329,541.4777,
941,,,,,,682.4233,730.1654,915.3107,364.704,,220.0455,,,412.797,413.7501,485.4948,
942,,,306.6515,,,,,,,,,,,,,,
943,,,,,,,,,,,,,,,,,
944,,,,,,1924.8193,2157.2536,2300.7322,,,1471.4569,,,2234.8569,1932.364,2468.7349,
945,1905.3721,,,,,,,,,,,,,,,,
946,,,,,,,,,,,,,,,64.902,,
947,,217.4663,223.3142,,200.7329,,,223.7546,,,206.1257,,,216.3406,,,
948,1570.4813,,,,,,,,,,,,,,,,
949,,,,,,7427.8729,8625.1793,9631.2987,1697.6074,8059.7666,16321.199,10905.2637,735.7188,17301.7273,16598.8413,22389.2197,
950,,,,,,1824.4145,2042.9456,2504.249,,,,,,1289.904,1222.7176,1594.4276,
951,703.3225,,,,,,,,,,,,,,,,
953,,82.6731,,,,,,,,,,,,,,,
955,,,,,,,979.076,,,,,,,,,,
956,,,,,,,,,,,,,,,,,
957,,,,,,,,,,334.8369,,,158.6422,,,373.3674,
958,,,,,,354.7606,,504.7119,,158.8584,295.9852,,,386.4594,259.069,386.6136,
959,,,,,,,,163.0932,,,167.3875,,,,,,
960,1378.1302,,,,821.09,,141.1245,165.6778,,,,,,,,,
961,,,,,,238.5176,280.7251,404.7295,,,562.6322,,,575.2464,447.832,1037.1087,
962,,,,,,,,129.8228,,,,,,195.3023,171.0581,,
965,,,,,,369.2729,,348.6068,,,379.0206,369.7535,,327.1272,377.9953,,
966,,,,,,,,,,,332.4393,,,,,,
968,,,,,67.3748,,,,,,,,,,,,
969,,,,,,,,,,,,161.8359,,,,,
971,,,,,,241.4645,300.9086,,,,,,,,,,
972,,,,,,,266.2899,238.1781,,,,,,167.0187,,,
976,,,,,,,,,,,,,,,,,
977,,,,,,,,113.2645,,,,,,,,,
980,11072.881,1726.8413,,4063.3032,6481.156,,,,,,,,,,,,
982,,,,,,,,,,,,,,,,173.4151,
983,99622.1,11686.89,,33100.6138,55217.062,,,,,,,,,,,,
984,189.8512,,,,,,520.3088,,,,,,,172.9964,,,
985,,,,,,,325.9786,,,,,,,,,,
986,,,,,,154.262,499.1173,286.8189,,,,,,,,103.7886,
989,,,,,,,,,,,,,,,,,
990,,,,,,,142.303,,,,,,,,,,
992,,,,,,,,,,,,,,,,,
993,1050.919,118.9293,,,668.5762,,,,,,,,,,,,
995,249.6695,,,,,,,,,,,,,,,,
997,30429.443,2971.748,,10033.2987,16075.573,,393.6662,,,,,,,,,,
998,,,,,,1497.9725,,1535.9459,,404.09,753.131,,,2793.2941,2397.301,2646.7561,
999,,,,,,,,,,,,,,,309.2704,,
1000,,,,,,554.9642,,,,,,,,,,727.9534,
1002,,,,,,375.147,,,,,,,,,499.4667,650.6988,
1008,,,,,,209.8052,,357.2357,114.924,,283.889,,,287.6914,,,
1009,,,,,,400.8141,,422.7227,,,,165.4022,,453.6318,376.7828,532.5002,
1010,,,,,,,,,,6.8382,,,,,,186.8821,
1016,,,,,,220.732,197.9273,,,275.8445,452.2995,353.2251,,,261.5271,,
1017,,,,,,,,,,,,,,,,,
1018,,,,,,,,,,,,,,,187.1119,227.1127,
1021,,,,,,,,,,,,,,,,273.7011,
1022,,,,,455.9656,,,,,,,,,,,,
1023,,,,,,,,805.8737,,,,,,,,,
1026,1538.8369,193.0792,,441.0289,765.2454,,,,,,,,,,,,
1028,,,,,,,,,,306.0994,,376.9851,,,,,
1033,,,,,,,1066.7661,433.6637,,151.1381,982.3332,326.5728,,,1365.7286,737.2454,
1034,1121.5022,248.8795,,497.6986,657.5928,,,,,,,,,,,,
1035,,,,,,1763.7544,1719.5014,2989.8921,2190.6347,3348.2602,5269.4716,3776.7606,1660.9796,2971.1723,2589.2076,3794.147,1585.3152
1036,,,,,,489.138,472.3153,,195.9834,,393.381,356.7991,,,,466.2526,
1038,,,,,,,,,,,,,,,,225.0205,
1039,,,,,,,,285.1596,127.2833,173.483,,,,,,,
1040,67.9579,,,,,,,,,,,,,,,,
1041,,,,,,133.2672,191.223,157.8819,,,,,,,,205.0006,
1042,,,,,,,202.6922,,,,188.895,,,234.9652,,341.2045,
1043,,,,,,,,110.9928,,,,,,,,,
1044,262.7845,,,,,,,,,,,,,,,,
1045,17548.205,1742.6368,,4625.6493,9330.91,,,,,,,,,,,,
1047,29954.1564,4510.6574,3083.6444,13180.1574,17011.8584,2825.5307,3444.6497,3163.1219,2778.0708,2938.1789,3009.3105,2778.1196,3532.2019,2759.0657,3292.1287,4319.9781,3302.2892
1049,,,,,,,,391.476,,,,,,,,,
1051,,,,,,272.0583,288.1204,,,,357.2772,285.4769,,,,,
1052,,,,,271.3869,,,,,,,,,,,,
1053,,,,,,477.3815,,,,148.1849,,,,515.5551,491.3704,,
1058,,,,,,,,,,1163.6659,,1874.4139,,,,,
1059,,,,,,4003.6911,4342.576,4468.7507,,3917.3029,6124.6354,5236.1852,845.4534,4724.6714,4301.0632,5187.3332,
1060,513.9035,130.6691,,258.9964,519.9142,,,,,,,,,,,,
1061,,,,,,,,,,,,,,,,,
1062,,339.0114,,1526.3222,,,,,,,,,,,,,
1066,,,,,,,,,,,280.4028,,,,,,
1069,,,,,,,,178.3671,,98.1277,,,,135.1887,,,
1072,,,,,,,,,,,,,196.7145,,,,197.065
1075,,,,,,,,,,,,,,,,,
1076,,,,,,,,161.0883,,,,,,,,,
1080,,,,,,345.0035,334.3078,342.7513,,,,,,317.1951,295.5699,348.4461,211.6643
1084,,130.4134,324.9463,,,,,,,,,,,,,,
1085,1183.4276,174.9983,,213.7389,614.8751,,,,,,,,,,,,
1086,972.6176,,,,533.4192,,,,,,,,,,,,
1089,215.7954,,,70.4206,114.2638,,,,,,,,,,,,
1090,,,,,,813.3249,,,413.8481,,,,,,,,
1097,353.6679,,,,266.276,,,,,,,,,,,,
1098,,,,,,,,732.2645,,,1017.9021,849.6502,,,,,
1100,,,,,,,,,,,,,,,,,
1101,134.2691,,,,,,,,,,,,,,,,
1103,,,,,,,,,,,,,,,691.4387,725.1158,
1114,,,,,,,,,,,,,,,267.9678,,
1118,,,,,,300.8324,,187.4671,,,,,,,,,
1119,,,,,227.759,,,,,,,,,,,,
1121,,,,,,,210.6781,209.3848,,,303.386,,,222.2911,,228.0782,
1123,766.8648,,,,373.4423,,,,,,,,,,,,
1130,1054.9905,,,,673.9746,,,,,,,,,,,,
1131,,,,,,,,101.0868,,,,,,115.4776,,,
1134,302.0944,,,,,,,,,,,,,,,,
1137,687.9891,,,,,,,,,,,,,,,,
1140,,,,,,872.2697,749.5402,818.9785,,668.1227,1030.1366,859.5285,,861.5447,1069.2207,1395.3535,
1141,,,,,,242.6441,,254.3333,,,263.6893,214.5565,,,,,
1144,,,,,,,,,,,,198.6243,,,,,
1146,,,,,,201.8175,247.3828,,,,,,,197.7059,217.9492,388.5248,
1148,,,,,,,249.1776,177.914,,,,,,,,,
1149,,,,,,328.7742,366.6991,299.7643,,,,,,288.9103,,258.2342,
1150,,895.2215,1075.5948,,711.9463,,,,,,,,,,,,
1154,201.2472,,,,,,,,,,,,,,,,
1157,,409.1309,,,,,,,,,,,,,,,
1158,,,824.9295,,,,,,,,,,,,,,
1159,,,,,,,,,242.7422,,345.8209,,,534.7763,454.2136,,
1163,,,,,,182.8776,181.9177,211.96,,137.1974,300.8033,,,320.8055,,,
1165,372.0515,,,,,,,,,,,,,,,,
1166,358.0826,,,149.1862,308.0926,,,,,,,,,,,,
1167,,,195.3959,,,,,,,,,,,,,,
1168,,,,,,,,,,330.4508,461.527,411.8339,,,325.2495,456.4468,
1169,26644.484,2436.0845,,7643.1309,13344.376,,,545.422,,,388.3758,301.7284,,425.8318,383.463,547.7866,
1171,,,,,,,,,,,,,,,1079.8998,1367.5418,
1172,,,,,,632.1453,651.4642,418.4235,,,508.9587,271.7415,,,440.2087,,
1173,,,,,,255.1937,261.0052,236.2253,,129.5453,244.6878,165.8939,,319.9186,,290.236,
1174,,,,,,301.7015,327.0752,417.0922,,,,,,360.8805,331.2815,,
1175,,,,,,345.8157,,,,,502.08,,,,965.9187,2048.3183,
1176,,,225.4838,,,,,,,,,,,,,,
1180,,,,,,569.7231,669.6988,421.8353,,130.4902,,,,,,,
1181,,,,,,,,,,,74.1324,,,,,,
1184,,,,,,,,,,,,,,,92.9691,,
1186,,,,,,157.5997,155.1069,215.2258,,,,,,,158.8591,,
1191,159.1411,,,,,,,,,,,,,,,,
1192,886.3152,,,267.2529,622.1238,,,,,,,,,,,,
1193,,,,,,2953.198,2596.8097,3419.7899,1205.5404,868.1525,1743.8272,1199.8068,,5067.6807,4471.6477,4581.4774,
1194,,,,,,1389.8068,1482.295,2024.7732,717.5125,,735.3111,473.4392,,1160.0658,1188.9602,1696.2349,
1195,,,,,,,,353.4522,,,,,,,,,
1196,,,,,,,,314.0293,,,220.5204,,,,,,
1197,,,,,,,,,,,,,,,,181.9503,
1199,,,,,,,,,,,,,,,,188.1417,
1200,,,,,,675.693,787.7357,896.7651,,,,450.0046,,,676.3642,722.9178,225.969
1201,,,,,,765.1099,831.6236,779.0383,,417.158,,647.4948,,,508.9269,765.3799,
1203,,,,,,,,,,,,,,,210.6266,,
1204,,,,,,,,178.1383,,,,,,,,,
1206,,,,,,,,,,,,,,,,,
1207,944.9265,,,243.4369,581.663,,,,,,,,,,,,
1210,366.7866,,,,174.3202,,,,,,,,,,,,
1211,,,,,,,,,,,,,,,,,
1213,,,,,,,,,,,,,,406.4436,,484.7673,
1214,,,,,,,,,,,,,,,,,
1216,,,,,,,,123.5104,,,,,,,,,
1217,,,,,,,,,,,,,,,245.493,,
1219,,,,,,,,,,,,,,,,330.4054,
1221,,,,,,,,,,,,,,,,92.5844,
1223,,,,,,1846.3716,,17624.1907,,,,,,2956.9211,,9286.3353,
1224,,,,,513.3472,,,,,,,,,,,,
1228,,,,,,,190.3819,,,,,,,,,,
1229,,,,,,,372.1731,556.1157,,,213.407,,,,,,
1230,,,,,,459.7044,622.6806,522.646,309.2487,309.2994,415.636,614.6033,,419.5518,267.2839,666.5665,
1233,,,,,,429.5361,288.1918,379.1831,,194.0615,,208.0578,,,573.194,659.3661,
1234,,,,,,467.7186,514.8268,498.5627,,,,325.6903,,483.3589,461.2059,,
1235,,,,,,,,515.1044,349.5394,,,,,239.6768,175.3709,328.4604,
1240,870.5419,,,155.9004,,,,,,,,,,,,,
1242,,,,,,,740.6556,,,,,,,,,,
1243,,,,,,207.8791,280.0833,,,,,,,,,,
1245,,,,,,,,,,,36.2864,,,,,,
1251,,,,,,,,,,,,,,,257.8636,,
1254,,,,,,,,,,,139.3418,,,,,,
1255,1466.0345,132.7009,,513.4224,835.9949,,,,,,,,,,,,
1257,187.4938,,,,,,,,,,,,,,,,
1259,,,,,,,,,,194.4148,,323.345,,,,,
1261,,,,,,213.1968,,,,,,,,,,267.545,
1265,,,,,,419.882,425.3891,272.3242,,,,,,,,,
1266,,,,,,194.0556,,,,,,,,,,,
1267,,,,,,,,,,,,,,192.9256,,300.2939,
1269,,,,,,,,366.2064,,,,,,,,,
1270,496.4022,,,1608.65,274.0812,,,,,,,,,,,,
1271,,,,,,2392.4837,2865.3607,2381.9794,,,,1276.0951,,2693.1645,2001.7354,2138.7334,
1275,,,,,,,,,484.36,,,,,,,,
1278,,,,,,23046.8933,25338.3873,30922.6037,9772.8883,7256.1295,13465.413,8653.8867,666.6206,24323.8067,24024.0333,29051.4287,2107.3483
1280,,,,,,,,,,,,,,,,,
1283,,,,,,300.8388,,,,373.2456,601.3076,531.992,,,121.1402,,
1288,,,,,,154.6304,,,,,259.3383,,,,,,
1290,,,,,,,,,,,,250.027,,,,,
1297,,,,,,,,,,163.3744,,,,,,,
1300,,,208.393,,,,,,,,,,,,,,
1302,,,,,,368.3211,,,,,,,,,,,
1306,,,,,,,,,,,,,,69.9946,,,
1307,,,,,,,,138.6241,106.1773,,,,,,,,
1308,,,,,,,,,,,,,,,1565.7264,1978.4763,
1314,,,,,,6827.7735,7147.9972,7641.5223,9161.6027,7138.8755,10083.7717,8975.9012,,8033.9438,7243.1876,8972.9395,
1316,,,,,272.386,,,,,,,,,,,,
1319,522.5552,,,,,,,,,,,,,,,,
1321,,,,,,,,,,,,,,,,,
1322,,,,,,,,,,299.9821,,,,,,,
1323,,,,,,279.7751,238.1673,306.0398,,,,,,291.575,,,
1324,,69.9962,,,,,,,,,,,,,,,
1325,,,,,,163.7203,,,,,,,,,,,
1327,,,,,,,,,,,,,,187.786,,,
1328,,,,,,,,,,,,,,,,,
1329,,,,,169.1816,,,,,,,,,,,,
1330,,,,,,,,,,,,,,,,,
1332,,,,,,,,,,,,,,,,,
1333,,,,,,,279.3793,,,,,,,,,626.3763,
1337,,,,,,,,,,,2002.8514,,,,1246.5808,,
1338,,,,,,,,,,,2461.5446,2076.0217,,,,2100.0917,
1340,496.4268,,,,,,,,,,,,,,,,
1342,,,,,,,,447.9966,,610.7584,473.3003,,574.8999,470.8407,,,
1344,,,,,,,,,,,,,,470.5922,,,
1345,,,,,,,146.4366,,,,,,,,,,
1346,,,,,,285.2653,,497.1163,,113.589,,,,,,607.7023,
1350,,,,,,,252.5899,,140.2087,,372.5219,310.9311,,,,312.5303,
1351,,500.3116,,,191.7572,,,,,,,,,,,,
1354,,,,,212.9219,,,,,,,,,,,,
1356,1807.2266,,,,953.7763,,,,,,,,,,,,
1358,470.4211,,,,255.0468,,,,,,,,,,,,
1360,,,,,,,95.3728,,,,,,,,,,
1361,,,,,,,,,,,424.2945,378.8825,,,,,
1362,,,,,,,,265.7005,,,376.9044,,,,,330.9985,
1363,,,685.493,,,,,,,,,,,,,,
1366,,,,,,820.0293,1155.4522,,527.4629,740.1664,981.739,866.0815,483.2444,668.9756,,860.9562,436.9021
1368,,,,,,248.0685,297.8714,238.4266,,,,196.0635,,,350.4473,509.8603,
1369,,,,,,,,,,,,,,139.7556,,,
1371,,,,,,639.564,561.9712,825.2201,206.7637,,408.439,,,562.2386,378.4413,685.6698,
1372,1019.5038,,,,,610.2006,729.8354,875.6283,,328.5461,,,,,,,
1375,,,,,,959.8338,1164.8532,617.4361,,,155.6893,,,,,314.1815,
1376,,,,,,,331.434,,,251.2282,433.3986,285.6772,,412.3262,,590.6694,
1377,,,,,,,546.3468,311.607,,,,,,,,170.5629,
1378,,,,,,467.7421,507.1281,1146.5417,665.1282,,378.5611,202.6962,,435.0421,515.8198,485.4784,
1379,,,,,,,,,,,,,,,,,
1380,,,,,,241.7107,,,,,366.9142,,,340.881,371.9942,506.8315,
1381,,,,,,841.4365,616.1969,693.4872,,199.8549,431.1475,,,556.7019,,,
1383,426.6736,,,,,,,,,,,,,,,,
1384,,,,,387.0795,,,,,,,,,,,,
1385,,,,,,,,,,72.4628,94.6223,,,,,,
1386,,,,,,,323.1269,,,,227.4228,118.5893,,,,,
1392,,,,,,,,,,,389.3031,,,,,,
1394,,,,,,330.2461,,391.238,,,,253.7446,,,327.982,328.3872,
1395,,,,,,969.0835,972.5935,1136.9071,314.8841,1006.5336,1514.8143,1093.5789,,,1164.8976,,167.6238
1396,,,,,,345.3254,,,147.8413,,304.1679,,,287.9764,,,
1398,,,,,,,291.7845,360.7285,,369.7193,647.2184,561.5514,,325.0147,,466.6168,
1400,,,,,,,135.2764,,,,138.0232,,,221.4358,156.9002,,
1401,414.2554,,,,193.5909,,,,,,,,,,,,
1402,,,,,,764.1194,645.7892,817.8459,,625.9706,1072.4346,815.8248,,776.4104,775.4661,1210.719,
1406,,,,,,,,,,,,,,,,685.1044,
1410,,,,,,266.0182,314.2266,,,,,,,,,,
1412,,,,,,,163.595,,,,,167.7888,,,,,
1413,65.962,,,,44.4758,,,,,,,,,,,,
1415,35181.918,3623.924,352.4251,11089.4242,19341.791,,,,,,,,,,,,
1416,,,,,,,,,,,,381.8865,,,,,
1421,,,,,,,299.7712,,,,,,,,,,
1424,,,,,149.7771,,,,,,,,,,,,
1425,,,,,,,280.6553,,,,329.7969,,,,,,
1426,277.3765,,,,161.2822,,,,,,,,,,,,
1432,,,,,,,,,,,,,,,,,
1433,,,,,,,,,,,,,2108.4479,,,,
1434,252.7694,,,,,,,,,,,,,,,,
1435,,,,,,845.8959,821.2633,970.923,461.3406,381.1766,671.5386,551.903,,507.4268,442.2339,785.945,
1436,,,,,,402.0138,471.2469,515.5473,,,575.399,,,507.2528,,,
1437,,,,,,475.9387,593.7414,,193.3838,,411.0689,,,668.7675,455.7668,1319.8614,
1438,,,,,,,,,,,,,,8737.7327,,8842.693,
1439,,,,,,,,,,,,,,,,,
1440,5324.838,527.6102,,1674.1601,2861.0803,,,,,,,,,,,,
1442,,,,,,,,,,,,,,,,,
1443,,,,,,320.0547,,427.1772,102.6694,125.3204,252.7572,192.6062,,353.8708,,503.6751,
1444,,,,,,217.4903,,,,144.7423,,,,345.849,241.8932,412.6802,
1445,,,,,,,417.0759,476.886,,,494.9835,416.6708,,514.6496,591.5492,829.5507,
1451,,,284.9785,,173.1958,,403.9916,,443.7419,,279.8828,314.2126,,,,352.575,
1452,,,,,,,7178.7314,7150.7183,,5857.7759,9211.19,8078.0442,1160.703,7324.2673,6981.7642,7917.084,927.7235
1453,206.4257,,,,105.4321,,,,,,,,,,,,
1455,1766.5513,134.1563,,,981.2612,,,,,,,,,,,,
1456,,,,,,,57.525,,,,,,,,,,
1457,,,,,,856.0433,1130.9621,1272.5058,,,,,,1202.0733,1133.0491,1204.7366,
1458,532.3474,,,147.9046,143.9028,,,,,,,,,,,,
1459,,,,,,,,286.9258,,,,,,635.8981,535.6646,,
1461,,,,,,100.2828,,149.5676,,,,,,,,,
1462,,,,,,,2316.5076,2315.6754,,1888.2929,2992.898,2623.312,,2370.5285,,2491.26,287.9336
1463,,,,,,,,,147.5456,,,,218.071,,,,
1465,,,,,,,,196.1452,,,,,,,147.4677,,
1466,,,,,,,,,,,,,,411.7462,360.2101,,
1467,,,,,,,619.1999,,203.0379,,,259.0378,,226.7128,234.2847,278.2731,157.7974
1468,1600.9019,,,,921.3654,,,,,,,,,,,,
1470,,,,,,461.1378,596.3596,481.1553,321.3996,,,,,,,,
1471,,,,,,703.6229,740.0887,538.1037,,,,,,,,,
1472,,,,,,583.9342,,,,,,,,,,,
1474,,,,,,,,,,,,,,,,,
1475,6037.8267,559.1629,,1793.706,3063.2703,3552.6849,3732.6295,3720.0346,258.797,,1552.6019,1085.3804,,4263.0516,4065.0714,4701.6978,
1476,,,281.8142,,,,,,,,,,,,,,
1477,771.671,,,,451.4343,,,,,,,,,,,,
1479,,,,,,2109.4988,2295.5374,2282.1407,,1899.9798,2980.7635,2568.6534,,,2250.8724,2590.9427,290.1889
1480,,,,,,,423.0224,346.3682,,,,,,,,,
1483,930.0578,,,,563.6658,,,,,,,,,,,,
1485,,,,,,,,,,,,,,288.0601,293.2233,,
1487,,,,,,,,416.559,,,,,,,,,
1488,,2527.1317,3947.2499,2302.8911,1111.8827,,,,1347.9831,,,,1191.68,821.1774,,982.8817,
1490,,,1991.7583,,,,,,,,,,,,,,
1491,,,,,,342.7666,423.1157,378.713,,,525.385,434.1585,,426.4898,,457.9449,
1502,,,,,,301.4262,437.3334,522.7419,,,,,,,,340.4851,
1503,,,,,,,,,,,,,,111.9792,,,
1507,,,,,,,,,,,,,,82.2253,,107.1759,
1508,,,,,,,,,,,739.8729,,,,,,
1509,,528.6706,707.4699,429.3762,,,,,,,,,,,,,
1510,36.8299,,,,,,,,,,,,,,,,
1512,,,,,,,,,194.9788,,,,,,,,
1513,,,,,,160.3859,,,,,,,,,,,
1516,,,,,,,,,,,,,,270.6699,,,
1517,,,,,,,,,649.4503,,,,965.0955,566.6271,,1638.9202,
1522,,,,,,,,,,,,,965.3362,,,,
1526,,,,,,,,,,,,,,,,247.384,
1529,,,,,,,,,,,,,890.6286,,,,
1530,,,,,,,360.0682,,,,,,,,349.3384,681.4166,
1531,,,,,,,,,,,,,,,117.0707,,
1533,,22.8046,,,,,,,,,,,,,,,
1535,129756.42,14124.505,1681.9321,43862.4133,71429.83,,,,,,,,,,,,
1541,145.1978,,,,123.7226,,,,,,,,,,,,
1542,,,,,,,,,265.4491,,,,,,,,
1543,,,,,,,,,424.9923,,1109.8625,,,,,,
1550,6980.475,,,2576.4215,3618.6982,,,,,,,,,,,,
1551,,,,,,518.4828,604.3621,510.6276,155.1067,,,,,508.2649,,490.3892,
1552,,,,,,,,,,201.4952,334.5928,256.1677,,,,,
1554,,,,,,189.1605,,,,,140.9239,,,299.4731,277.042,389.0195,
1555,,,,,,2202.0491,2334.2421,2770.8004,,,1702.2471,,,1812.612,2179.9119,2756.0383,
1560,84297.14,9090.762,1050.0825,28873.8157,46501.53,,,,,,,,,,,,
1567,,,,,,,,110.0606,,,166.6052,137.984,,,,,
1568,,394.8086,,,116.384,,,,,,,,,,,,
1571,,,,,,,411.8657,,,,,,,,287.9218,520.3692,
1573,674.0586,,,206.492,364.5316,,,,,,,,,,,,
1574,18088.4313,,,7254.0418,12490.2543,,,,,,,,,,,,
1577,,,,,,,139.8559,,,,,124.0891,,,,,
1579,,,,,,,,467.2286,,,,,,,,,
1580,,,,,,264.5484,,366.7574,,169.5705,439.7851,206.1821,,,298.6917,456.0939,
1581,255.2402,,,,,,,,,,,,,,,,
1583,14422.105,1456.4998,162.0806,4786.7682,7680.0835,,,,,,,,,,,,
1585,3726.8637,542.1219,,1417.6362,2477.2627,,,,,,,,,,,,
1587,16892.08,1375.1644,,4940.634,8202.18,,,,,,,,,,,,
1588,,,,,,,,,,,,,,63.2066,,,
1590,,,,,,889.0471,859.7281,1103.3036,,,,,,857.0569,895.5493,,
1591,,,,,,,,,,246.6462,423.6009,,,,,,
1593,,,,,,,234.4826,,,,,,,,,,
1594,,,,,,,203.0244,,,,,,,,,,
1595,,,,,,,,166.7712,,,,,,142.284,,,
1596,,,,,,172.3845,,,,,,,,,,,
1597,3002.1776,,,,1765.0191,,,,,,,,,,,,
1599,,,,,,561.1426,728.1405,657.4672,262.0029,,341.6245,,,664.2671,,655.3114,
1600,,,,,,,,644.9292,247.3217,,402.7731,404.9366,,,,,
1601,,,,,,,,643.7022,157.9947,,,525.1464,,719.2253,555.7929,806.9334,
1603,2567.1243,,,,1061.5452,,,,,,,,,,,,
1604,,,,,,411.9623,500.9675,629.2652,,,,,,570.432,567.6438,509.0347,
1605,,,,,,825.5329,777.8208,1207.4532,661.1615,,,716.6704,,1050.6599,1194.5134,1803.6245,
1606,,,,,,,,,,,,187.5411,,,,,
1607,,,,,,3705.1008,5612.4691,5478.6976,,,3335.8596,,,,4415.0417,5405.6102,
1616,,,,,,154.715,,,,,148.1336,,,,,230.3592,
1618,,,65.1802,,,,124.6882,117.4018,,,125.0022,,,,,,
1619,,,,,,,918.1181,,,,,,,733.3687,,892.7003,
1620,,369.8319,415.3893,,,,,,,,,,,,,,
1621,102997.945,20032.877,3166.1555,38345.4682,66186.305,,,6113.9295,,,,,,7911.8635,7599.2277,8793.6382,
1625,,,,,,268.7435,,,,,,,,,,158.3993,
1626,,,,,,,,,,,,350.3795,,,,,
1627,,,,,,,,,,,,,,,,258.3451,
1629,522.0369,,,,,,,,,,,,,,,,
1631,,,,,,,,,,256.1557,368.0699,,,,248.3772,,
1632,,,,,,325.6572,,,,,,,,,,363.4785,
1633,,,,,,582.8328,519.0827,,388.4501,,,308.1068,,646.8483,514.6761,860.3147,
1634,,,,,,,797.7775,,,959.5783,1497.3312,1225.7977,,956.1167,,1681.4716,
1635,,,,,,277.473,284.1142,337.8634,,,338.475,,,,,803.7418,
1636,,,,,,696.066,808.0604,437.1252,,,,,,,,,
1637,,,,,,430.3946,,387.9038,97.5524,,220.9148,,,328.0653,256.8104,,
1638,,,,,,294.9745,290.757,336.67,,,319.3407,214.2245,,,,,
1639,,,,,,,,825.7261,387.7901,,359.2668,,,,,497.7712,
1642,35444.6919,5403.4229,,11399.8224,22558.0859,,,,,,,,,,,,
1645,,,,,,,,1094.1426,,,,,,1590.3272,2087.7336,1837.6241,
1646,,,,,,4014.8985,6388.5385,5951.5512,,,1692.0365,,,1904.6131,2017.3002,2693.7905,
1647,,,,,,,,,,,,,,,73.8452,,
1648,,,,,51.0992,,,,,,,,,,,,
1649,,,,,,,,,,,,340.6477,,,,,
1650,,,,,67.8283,,,,,,,,,,,,
1654,,,,,,,,,,,,,,,,,
1655,5744.6533,692.6462,,1579.1053,3054.5688,,,,,,,,,,,,
1658,,,,,,,,,,,,,,185.5014,,,
1659,201.0255,,,,,,,,,,,,,,,,
1663,,,,,,,,,377.8892,,,,,300.5021,,440.0191,
1664,,,,,,,778.6784,1009.3698,440.0755,600.864,804.9642,587.1885,,1348.6382,1203.5852,1603.8552,189.7047
1665,,,,,,,,312.7338,123.533,334.9209,,,,,,404.2513,
1667,294.3534,,,,,,,,,,,,,,,,
1668,,,,,130.2378,,,,,,,,,,,,
1673,,,,,,,310.2097,,,,230.6609,,,,,,
1674,,,,,,222.24,,,,,,,,,,,
1675,,,,,,205.3146,,,,,,,,191.8514,,,
1679,,,103.1611,,,,,,,,,,,,,,
1681,,,,,,13271.9333,14728.9077,15258.361,8345.9452,13344.018,19411.24,17275.7683,,15688.0813,14582.701,16963.412,
1683,12129.2511,1771.0166,,3857.9528,7618.4041,,,,,,,,,,,,
1684,13775.487,1334.4237,137.9109,3132.1141,7407.179,,,,,,,,,,,,
1685,,,,,,1271.9707,2030.4924,,,,,,,600.5527,617.0709,,
1687,56344.12,5951.9014,670.4661,17642.4622,31900.066,,,,,,,,,,,,
1688,9384.689,,,,4301.949,,,,,,,,,,,,
1689,,,,,,,,310.5028,,595.953,893.8094,,,,528.4539,793.9548,
1694,1836.4991,236.0735,,499.1653,1045.8275,,,,,,,,,,,,
1695,,,,,,,,,,,,,,,,,
1696,,,,1760.7308,,,,,,,,,,,,,
1698,,,,,,,,,,,,,,,,,
1700,,,,,,,971.8114,494.0913,,,959.091,,,,905.8969,,
1706,,,,,,,202.2365,,,,,,,,,,
1707,,,,,,,284.8934,246.9732,,,,,,,,,
1711,8714.034,871.4456,,2615.5896,4778.613,,,,,,,,,,,,
1712,2058.2756,,,,893.496,,,,,,,,,,,,
1714,,436.3054,,,,,,,,,,,,,,,
1717,,161.0036,283.0637,,,,,,,,,,,,,,
1718,,,,,,2304.7287,2501.6939,2590.057,1414.3555,,3295.5229,2988.5849,,2652.9291,2514.8127,2863.5662,
1719,812.012,85.4252,,,415.1753,,,,,,,,,,,,
1721,,,,,,18081.7797,22826.0637,21645.0793,,6884.2193,15741.1957,9507.5273,,15619.0873,16239.484,18662.2303,
1724,451.1637,,,,251.7171,,,,,,,,,,,,
1725,988.6829,51.9508,,294.9461,528.8374,,,,,,,,,,,,
1732,,,,,,,,,,,,,,,,,
1734,,,,,,,,,,,991.7082,,,,849.0839,1260.1585,
1735,,,,,,,,,,,,,,,,,
1740,,,,,,,,,226.3699,,,,,,,,
1741,,,,,,257.5705,,,,,270.1224,,,,252.7862,,
1746,,,,,,,,,,,,,,,,,
1747,,,,,,,,,,,,,,,,,
1749,,,,,,504.9148,,854.606,,198.3716,400.0477,265.5453,,623.5406,586.1046,774.6653,
1752,,,,,,,,,,,493.106,,,,,,
1753,,,,,,5910.6721,7582.922,7055.6696,,2284.0918,5206.9865,3094.485,,5098.241,5382.8166,6199.442,
1754,,,,,,,,,,,,,,109.0744,,,
1758,,,,,,,,1407.1128,,,,,,,,,
1761,,,,,,,,,,375.8523,,,,,,,
1763,,,,,113.7535,,,,,,,,,,,,
1764,,449.1263,479.9025,,,,,,,,,,,,,,
1765,,,,,,,,,,,,,,,,,
1766,,,,,,,,,,2292.5357,1539.1672,,37599.7215,,1565.2271,5090.2497,3700.4065
1768,3141.193,,,,,,,,,,,,,,254.1792,,
1769,,,,,,611.0583,,,,,,,,,752.2929,,
1770,,,,,,,,,,,,,,469.7068,,,
1771,,,,,,2220.6793,,,,3138.3905,4648.1635,2178.2216,,4692.7955,3021.4661,4583.3191,
1773,,,,,,,,,,,333.6786,,,,305.8379,471.8025,
1774,,,,,,266.4894,417.3517,,,,,,,,,,
1775,,,,,,330.8888,,,,,,,,,,,
1779,,,,,74.5981,,,,,,,,,,,,
1780,55.2527,77.8965,,,,,,,,,,,,,,,
1781,,,,,,,,,,271.7188,,,5131.999,,,724.2789,
1785,,,,,,,,,,,,,,,67.4326,84.0124,
1788,1806.3748,,,,,,,,,,,,,,,,
1790,,,,,,,,,,,228.4452,,,,,,
1793,,,,,,353.2297,483.8989,301.5843,,,,281.8335,,340.68,332.5947,389.4198,
1794,,,,,,,918.1163,983.2006,,,929.8192,744.7697,,,,,
1795,,,,,,,1089.3597,529.3399,256.141,,409.4342,506.3165,,,561.3107,,
1796,,,,,,,,,,,231.5227,,,,,,
1798,,,,,,,,,,,,,,164.8991,,,
1800,,,,,,,,,,,,,,,,431.9723,
1801,,,,,,,327.106,319.1375,,,,,,,,,
1802,,,,,,511.1276,,904.2926,293.2374,,,343.5852,,908.0315,581.5707,1429.9334,
1803,,,,,,,,,,,,,,166.935,,,
1804,,,,,84.6244,,,,,,,,,,,,
1806,,,,,,,,,,,,,,,,,
1810,,,,,,,,,,,,,,,,,
1811,,,,,,,,,,,,,,,,342.7931,
1814,172.5241,,,,,,,,,,,,,,,,
1816,,,,,,381.4728,293.3022,379.5922,183.4724,,209.9538,,,275.7861,,,
1817,,,,,,,435.3422,,,,,,,,,,
1820,,,,,,,162.1404,,,,,142.3477,,,,,
1822,,,,,226.67,,,,,,,,,,,,
1823,,,,,,,982.7598,,,,470.4282,,,,,,
1824,,,,,,1809.4898,1373.2954,1120.0741,571.2632,591.3587,977.4534,760.7675,,967.2322,853.1691,1095.8982,
1825,,,,,,,,785.1174,,,999.7728,784.0031,,,883.034,,239.969
1826,,,,,,633.9276,867.8532,698.0995,353.5868,272.2229,,436.5727,,542.3702,410.565,739.6198,238.7438
1827,,,,,,172.6933,,177.0525,,,,,,,,,
1828,320.1247,,,,,,,,,,,,,,,,
1830,,,,,,,486.1847,,,,796.4768,580.7046,,756.8639,704.346,1107.8349,
1831,,,,,,4853.3188,5023.0358,6026.8156,945.7875,,2606.9303,1827.5594,,5211.6481,5016.6211,6270.1486,256.9461
1832,,,,,,9599.1717,10195.108,11918.2473,1917.1233,3698.3028,7091.9852,4411.2842,,9553.252,9278.336,11587.0377,376.4025
1833,,,,,,,,,,,,,,894.1945,,,
1836,,,,,,,,159.1582,,,,,,,241.9035,516.9982,
1842,,,,,,,,658.5672,,,479.6517,,,,,308.9158,
1843,672.296,,,,,,,,,,,,,709.8817,662.3536,,
1844,,,,,,,1383.2091,1173.9372,,,,,,,,,
1846,,,,,,,,147.5529,,,,145.1476,,,,237.966,
1852,,,,,136.4111,,,,,,,,,,,,
1853,,87.1057,,,,2042.4729,2381.3473,2900.0649,700.5484,873.2162,1384.1633,1026.5036,,3161.1944,3331.1333,3885.8371,534.908
1855,,,117.0432,,,,,,,,,,,,,,
1858,,,,,,,258.2254,,,,,,,,,,
1859,1280.9734,,,,659.6671,,,,,,,,,,,,
1860,8333.606,1069.52,128.205,2397.128,4879.5415,,,,,,,,,,,,
1862,,,,,,,,,,,278.0784,,,,,,
1866,,,,,,344.9158,297.9575,311.8774,,228.7795,383.054,353.7191,,,,,
1868,,,,,,349.8277,,,,,,,,,217.527,401.1692,
1869,,,,,,,,,,,,213.0153,,,,,
1870,,,,,164.7339,,,,,,,,,,,,
1872,,,,,,,,,,,,,,,,,
1873,,,,,,920.7537,,953.9211,399.8222,345.0879,,513.7484,,1710.9856,1036.588,1009.9536,
1875,,16.1994,,,,,,,,,,,,,,288.9494,
1876,,,,,,,262.1995,,,,,,,,,80.636,
1878,,,,,,262.898,,3367.7241,,,234.6044,,,,412.6596,619.5253,
1879,,,,,,,,312.2266,,,,,,,,227.8818,
1880,,,,,,,,432.9238,,,,164.1257,,233.341,,285.4036,
1881,,,,,,,,284.2085,,,,,,,,141.1625,
1883,,,,,,,,422.0016,,,,,,,,,
1884,,,,,,,693.2478,312.4791,,,,,,,,,
1886,,,,,,,1133.9585,999.2816,,,,,,,,,
1888,,,,,,,,,,,,,,,,,
1890,,,,,,1410.5647,1560.654,2052.023,468.6797,505.5039,913.9998,725.8199,,2087.3963,1964.9449,2779.8067,361.5051
1891,,,,,,,,147.5021,,,,,,,,,
1895,,,,,,169.1151,,,,,,,,248.2726,,,
1896,,,,,,173.6895,,,139.6026,,,341.8559,,,,310.2579,
1898,238.0531,,,,,,,,,,,,,,,,
1899,,,,,164.0632,,,,,,,,,,,,
1900,53863.305,7358.532,965.5189,18596.9245,33168.71,,,,,,,,,,,,
1902,,,,,,403.5432,,,161.392,235.6588,,,,,,,
1903,,,,,,460.3192,845.3865,433.4578,,,,,,,395.8354,449.3128,
1904,,,,,,,,,,,,,,,,190.2974,
1906,713.2204,,,195.5506,,,,,,,,,,,,,
1907,,,,,,,,752.0164,,,939.6854,,,804.8743,723.1121,1607.7645,
1909,,,,,,1055.9723,1098.9954,,580.8474,529.7081,,,,,,,
1910,,,,,,,290.9321,,168.7948,,,,,,,,
1911,,,,,,344.5822,461.878,,,,,,,,,,
1912,,,,,,529.5421,,,,,,,,,,,
1913,,,,,,302.2762,,,,,,,,,,,
1915,,,,,156.9847,,,,,,,,,,,,
1916,51309.883,4879.5566,,15046.6922,26354.754,1198.997,1564.5908,1512.665,,,,,,,,,
1918,97345.54,15958.238,1722.5276,35873.6003,57327.707,,,,,,,,,,,,
1919,7574.9053,1023.0962,,2611.4554,4693.8184,,,,,,,,,,,,
1921,,,,,,,,,,243.5536,,,,,,,
1922,,,,,,,,73.3052,,,,77.2124,,,,199.928,
1923,261.2856,,,,,,,,,,,,,,,,
1925,,29.5473,,,,,,,,,,,,,,,
1926,,,,,,,,242.7882,,,,,,,,,
1927,,146.6596,178.1681,,,,,,,,,,,,,,
1928,,,,,,,,,,,169.4048,,,,,,
1929,,,,,,252.6642,237.6628,,74.8328,87.8583,159.9684,,,276.7393,338.3822,433.9022,
1930,,,,,,128.1598,,,,,,,,,,,
1932,225.4203,,,,,,,,,,,,,,,,
1935,,,,,,,,,,,247.458,,,,286.1842,,
1937,,,,,,333.4782,535.6901,453.9103,,,406.1485,236.4179,,,,,
1939,2931.3862,415.3797,,994.9043,1755.1823,,,,,,,,,,,,
1944,168.0604,,,,,,,,,,,,,,,,
1945,,,,,,,,,,,,,,,,193.4337,
1946,,,,,,,1351.1643,595.5617,,,1125.9175,,,,1099.1261,815.2231,
1950,,,,,,,,,,,,,,,,1170.6609,
1951,,,,,,7759.4396,8134.86,8551.495,10409.301,7993.7218,10512.259,9534.7937,,8567.4206,7956.7762,9480.8083,
1952,,,,,,3524.8871,3058.1648,3566.8706,,1466.7381,2579.2414,1791.2401,,8028.4332,7126.523,6742.4196,
1953,2924.8967,250.5479,,869.0074,1568.9991,,,,,,,,,,,,
1956,338.6233,392.461,,,,,,,,,,,,,,,
1957,,,,,,1564.477,2432.2672,2296.6126,,,,,,,,,
1958,322.3439,,,68.6677,,,,,,,,,,,,,
1962,,,,,,,,124.2961,412.5992,538.3771,268.945,85.4748,90.9086,746.0286,234.1231,333.3573,356.4511
1963,,,,,,972.6682,1077.9658,1326.5291,,,,,,1106.7737,1093.6801,1403.5178,
1964,,,,,,,,,,,274.7537,210.3963,,,,,
1967,,,,,,,,573.7999,,,,,,,,,
1968,,,,,,,,278.6613,,,,,,,,,
1969,,,,,,,,,,,,,,241.1448,,,
1970,,,,,,,,,,434.3035,665.9469,498.2036,,,,,
1975,,,,152.7089,,,,,,,,,,,,,
1976,,,,,,507.9573,591.92,497.8111,,298.912,,424.7927,,,531.8616,,
1977,,,,,,377.5236,,288.3775,,144.4864,327.2466,,,485.4679,,,
1978,,,,,,,,,,134.6057,,208.1439,,,,257.4739,
1979,,,,,,,,,,,,413.905,,,,,
1980,350.0211,,,,,,,,,,,,,,,,
1986,,,218.7543,,,,,,,,,,,,,,
1988,,,,,,,335.5877,,,277.7284,362.7807,,,309.6242,,346.2126,
1989,,,,,,2230.1944,1962.1497,2248.0308,,958.0426,1646.7638,1166.442,,5116.6457,4523.1243,4310.5226,
1993,,,,,,,,,,,,,,,,,
1994,209.5733,,,,120.1962,,,,,,,,,,,,
1996,,,,,,,,,,,1326.8346,,,384.7679,,,
2004,,,,,,,733.2788,804.2439,,,,,,744.6916,,901.7423,
2005,,,,,,,,396.2204,,,468.5612,401.234,,,,,
2006,10466.311,2104.4553,,7149.5039,7810.9614,,,,,,,,,,,,
2009,319.9561,,,,251.4491,,,,,,,,,,,,
2010,,1325.8217,1654.6599,,,,,,,,,,,,,,
2011,,444.7245,513.922,,,,,,,,,,,,,,
2014,,,,,,,,,,,,,,,221.7433,348.4019,
2016,,,,,,768.666,990.1647,2293.37,10444.131,602.3496,866.7269,990.2612,,1273.4789,1089.0478,1592.3808,
2017,,,,,,,,,,,,,,,,,
2019,,,,,,2344.0973,2455.8738,3613.7302,,,,,,3835.2201,3933.3221,4260.141,
2024,,,,,,,,359.0797,,,467.1321,433.7206,,,,,
2025,,,,,,346.853,,349.8142,,,,,,799.3366,701.7265,655.3135,
2030,1794.5244,,55.3444,1212.9789,1351.8453,,,,,,,,,,,,
2032,,,,,,,,,,,,,62.0732,,,,
2033,,,,,,,,,,,,,,,,116.939,
2034,,,,,,,57.1411,48.8,,,,,,79.6973,,,
2035,256491.36,31322.406,4076.194,87615.305,142786.83,,,,,,,,,,,,
2036,,,,,,379.1355,400.0095,616.261,,106.6721,,,,623.4432,657.9394,706.5426,
2037,,,,,,,1704.9145,1365.3722,,,,,,,,,
2043,,,,,,,,,,303.1511,,,,,,,
2044,,,,,,370.9427,,487.6549,,,424.2581,321.788,,236.1912,,,
2046,,,,,,,342.9748,,,286.7489,302.2119,,,,,,
2047,,,,,,,,,,,,,,,,299.0349,
2049,,,,,,,,656.6621,,,,,,,,,534.0929
2050,,,,,,612.0155,687.9837,824.8268,,,473.7152,,,859.3372,744.3691,1027.8017,
2054,47077.188,5754.432,749.8231,16401.2267,26823.979,,,,,,,,,,,,
2055,,,,,,321.7226,,,,148.6027,,,,,,,
2056,,,,,,413.2775,482.6459,,,,321.8267,332.3725,,392.0481,315.0217,,
2057,,,,,,140.836,,,,,,,,138.8937,,,
2059,273.4399,,,,,,,,,,,,,,,,
2060,,810.775,1237.4794,,159.2638,,,,,,,,,,,,
2063,,,,,,1197.7816,1151.216,,,796.887,,,,1828.7724,,2402.3339,
2065,,,,,,,,,,,189.6041,,,245.872,238.9867,299.2964,
2068,,309.7213,677.0124,,79.6018,,,,,,,,,,,,
2069,,,,,,,,,,,210.0892,,,,,,
2070,569.5826,,,,386.858,,,,,,,,,,,,
2072,,,,,,754.1041,,1173.0505,627.1242,472.3855,555.9055,685.5349,,615.8687,475.4836,1227.522,473.3543
2073,,,,,,,969.4738,,214.6842,337.8898,,742.3513,,803.6132,639.231,1066.2121,
2075,252.759,,,,,,,,,,,,,,,,
2076,107.3284,,,,,,,,,,,,,,,,
2077,,,,,,,,,,,,,,,,,
2078,,,,,,711.8766,903.0184,736.153,202.4646,410.0267,1135.4828,600.0175,,884.736,889.416,710.0735,134.9326
2079,,,,,,,790.388,849.0485,244.4256,332.0726,,738.5588,,1050.8324,1157.2193,1504.6169,
2081,,,,,,,,,,,,,,,242.4259,,
2082,,,,,,,,205.0256,,,,,,,,,
2083,,,,,,,,,,,,,,,,234.8969,
2088,,,,,,,,,,,,,,,293.3868,,
2090,,,,,,179.2945,180.3168,156.5813,,,,134.9401,,138.6389,,,
2091,,,,,,434.355,614.5857,506.1051,,,433.9201,246.8218,,381.2482,,,
2092,101865.91,14316.53,1887.2014,37744.0708,55944.52,3385.6732,6405.6162,4687.4777,,,4167.7562,,,,2610.7201,,
2093,,,,,,,,,,,1266.8734,1146.0401,,,,1113.076,
2094,,,,,,,,231.3435,,,,309.5329,,,235.2303,,
2100,,,,,,965.3079,,1086.9206,,600.881,919.6733,,,,,,185.3356
2101,,,,,,868.7166,995.8231,951.1317,440.0425,,,,,,,490.4622,
2102,,,,,,,,,360.2525,,,,,412.2846,,,
2103,,,,,,,949.4204,1217.4412,609.9426,846.3289,1162.4515,962.4935,208.5832,1119.7865,,1337.7044,306.1284
2105,787.9486,,,,,,,,,,,,,,,,
2107,,,,,,521.9404,486.3257,708.5075,,,,,,446.5457,,721.7748,
2108,,,,,,456.4306,645.9608,588.9623,,,315.057,269.4653,,487.2761,450.6756,,
2109,,,,,,437.2346,657.9045,660.8258,,286.3804,555.6938,,,458.2936,363.2119,508.8116,
2110,,,,,,238.9957,303.5793,,,,,,,261.8668,,,
2112,,114.7002,,,,,,,,,,,,,,,
2113,,,,,,320.3904,362.7844,348.2454,,,470.9778,405.6849,,363.8588,,361.8465,
2114,279.4968,,,,,,,,,,,,,,,,
2115,,,,,,,,,,,,,,,,540.6702,
2119,63586.836,5425.4907,,18486.5868,29848.562,,,,,,,,,,,,
2120,2102.2563,240.2434,,586.1318,1136.3643,,,,,,,,,,,,
2123,,,,,,,,,,,450.1928,382.1296,,,,,
2124,,,,,,,129.0141,,,,,,,,,,
2125,,,,,,,226.6858,,,496.1628,,775.3846,,482.2768,,,
2127,,,,,,,,248.9473,,,,,,,,,
2128,1348.4531,,,,892.5412,,,,,,,,,,,,
2132,,,,,,,,,,,324.5683,,,,,,231.7886
2133,,,,,,,,,,,,,,,,500.6843,
2136,109778.16,13362.116,1511.1017,37361.3125,63753.234,217.7421,477.7566,248.3089,,,539.498,,,,118.7675,,
2139,593.3318,,,,,,,,,,,,,,,,
2140,,,,,,,,,,,,,,,,,
2143,,1171.7799,,,,,,,,,,,,,,,
2144,,,,,,,,167.4633,,,,,,,,192.2583,
2145,,,270.2156,,,,,,,,,,,,,,
2146,,,,,,63.4391,,,,,,,,,,80.1907,
2147,,,,,,4765.9938,4605.322,7997.5765,,1904.101,2639.7915,3669.6226,,1267.9047,946.7653,3100.5184,
2148,,,179.065,,,,,,,,,,,,,,
2149,,,,,224.1036,,,,,,,,,,,,
2153,19061.469,2184.2012,194.7305,6394.4032,10719.1875,,68.8449,,,,83.2662,,,,,,
2155,188700.58,20014.139,2543.5059,55742.4798,102843.43,4133.9454,6785.7194,4426.66,,2693.9435,6314.252,3601.676,,,,2909.2891,
2157,1432.9258,164.343,,435.4334,821.3653,,,,,,,,,,,,
2158,,,,,,,,,,,,,,,,,328.6701
2161,,,,,,,,,,161.4184,294.4769,,,,,,
2164,,,,,,,149.5305,,,,,,,,,,
2165,,,,,,528.0539,,597.0898,225.8593,,,,,819.5061,,633.0966,
2166,,,,,,,1078.3897,837.0387,,,,,,,798.7945,1168.4752,
2167,,,,,,,,360.1772,,,,,,,,,
2173,,,,,,498.9073,,362.7456,857.6324,,,,210.8216,,,,
2174,2136.1204,,,710.2358,1197.778,,,,,,,,,,,,
2175,,,,,,,215.1432,,,,,,,,,,
2176,,,,,,,,,,,,,,,,,
2177,,,,,,,127.7592,,,,,,,,,,
2178,,,,,,,,,,,,,,,,443.6141,
2180,3966.017,470.3023,,1367.3682,2388.478,,,,,,,,,,,,
2184,,,,,,,,,,,301.24,287.4477,158.3037,,,,56.7026
2185,,,,,,,,,,,,,,,1222.8731,1553.6402,
2188,332.0741,,,,,,,,,,,,,,,,
2189,,,,,,,,,,,,,,,,,
2192,,,,,,,,,,,,,,,,,
2193,,,,,,,,,,,,,,,,439.2929,
2194,,,,,,,,,,,,,,459.2776,,,
2195,,,,,,,,318.5882,,,251.1125,,,,,,
2198,,,,,,,628.5549,823.9372,278.0509,189.8369,,,,,,,
2199,,,,,,286.0857,448.682,,,,,,,,,391.2904,
2200,,,,,,2158.6388,2222.2226,2567.3206,452.3919,840.9705,1183.123,929.0029,,2437.0594,2394.8106,2601.3542,123.0969
2201,,,,,,,,,,,769.1794,551.291,,,,1443.3653,
2202,,,,,,,,336.1821,,,432.83,,,,,617.9442,
2203,,,,,,,270.679,,,,,,,463.9513,744.0958,613.9301,
2206,,,,,,,662.3788,,,,,,,,630.0672,,
2208,,,,,,,,,,,,,,,,161.4741,
2209,,,,,,,,260.2731,,,243.1963,208.9786,,363.9307,268.6144,415.1447,
2215,,,,,,,537.4833,,,,360.9813,,,,,,
2217,250.5175,,,,,,,,,,,,,,,,
2218,,,,,118.367,,,,,,,,,,,,
2220,474.7974,,,,,,,,,,,,,,,,
2223,,,,,,,955.607,549.1565,,,,,,,,,
2224,,,,,,354.1626,,,,,,,,,,,
2225,,,,,,204.2976,406.4116,1062.5658,856.5524,318.3802,517.9774,356.2126,1083.2347,352.5173,572.3754,790.4183,674.3033
2226,,,,,,,,61.5697,,,,,,,,,
2229,,,,,,,,,,,,,,,770.405,1002.2552,
2231,,,,,,337.9405,488.356,400.3064,,,347.1842,209.6544,,,,,
2232,,,,,,,,,,,,,,2713.9091,2730.7625,,
2233,2817.298,,,,,,,,,,,,,,,,
2234,,,,,,1303.1474,1218.7822,1403.716,,,910.9093,626.2673,,1169.2807,1319.551,1492.3441,
2235,,,,,,,,,,250.6948,,,,,,,
2238,,,,534.789,,684.6045,2028.9091,945.1757,,1158.847,1939.5155,842.4701,678.3127,938.1782,1581.456,1622.4583,1221.4235
2239,,,,,,1789.4956,2233.1782,,,1167.633,2963.4521,1292.1597,,2346.8148,2490.3394,,
2240,,,,,,605.8751,379.3341,,,,459.0191,289.2454,,858.9085,730.9386,1189.1363,
2247,,,,,,,,,,,,,,381.4996,438.8825,510.4911,
2248,,,,,,,,146.7514,,32.3051,,,,123.941,,148.3356,
2250,,,,,,120.8795,,,,,,,,149.1122,,151.3458,
2257,,,,,,,111.8653,,,,,,,,,,
2259,244404.3282,23602.3642,,61980.3707,129113.6482,,,,,,,,,,,,
2263,,,,,,241.6111,,,,,,,,,,,
2265,183.117,,,,,,,,,,,,,,,,
2267,,,,,,,,,,,,258.7507,,,,,
2270,134.3012,,,,,,,,,,,,,,,,
2272,,,,,,607.8977,,,1383.508,331.3936,,,,,,887.1558,
2273,,,,,,1166.3812,1038.3807,1663.3184,486.7366,415.0185,829.2347,730.6897,,1370.7559,1069.1328,2654.3616,
2274,,,,,,599.9135,760.6117,,247.0697,,,,,,,856.2584,
2275,,,,,,,929.2595,,,,,,,,,,
2276,,,,,,504.1921,613.624,607.2218,,251.3094,438.3191,393.2319,,,577.3375,533.4544,
2280,3600.4539,,,1620.7388,1913.2932,,,,,,,,,,,,
2285,,,,,,56.9176,69.4113,129.9266,,,,,,107.9707,99.8852,224.8475,
2286,2737.625,,,591.6268,1347.5468,,,,,,,,,,,,
2287,102078.7,12348.774,1587.0658,36847.34,55175.555,,,,,,,,,,,,
2289,,,,,,708.3077,700.8148,859.616,,417.8013,823.5546,516.0144,,1449.7504,1355.8442,1558.9773,
2292,,,,,,465.1802,,,,,255.211,,,1066.8613,,873.2969,
2294,719.8331,,,,,,,,,,,,,,,,
2295,,157.3052,,,,,,,,,,,,,,,
2297,160890.3488,15832.5988,,41400.548,85514.6088,,,,,,,,,,,,
2299,418.2011,41.1781,,,253.0965,,,,,,,,,,,,
2301,320.6672,,,,,,,,,,,,,,,,
2302,,355.8129,382.0792,,232.4393,,,,,,,,,,,,
2303,,1293.6727,1668.4649,,,,,,,,,,,,,,
2304,,,,,,,,,188.7231,,,,,,,,
2306,,,,,,,361.4974,516.5884,,,,,,,,,
2308,463.2709,,,,254.1408,,,,,,,,,,,,
2309,,,,,,,,586.7009,151.7973,245.6332,,,,343.7983,,,
2310,,,,,,2949.2498,2764.073,2416.6007,,,,,,,,,
2311,608.2311,,,,300.6788,,,,,,,,,,,,
2312,,,,,,767.1354,1126.4691,669.3361,319.9962,377.2115,747.3225,607.2029,,559.7469,590.6962,825.1652,
2313,,,,,,628.8525,944.1485,,,307.0223,,426.0934,,,,866.4507,
2314,,,,,,401.4,493.3768,464.0736,,,351.6629,224.8576,,348.3059,269.5621,394.7415,
2315,,,,,,,,,,,,,,,,278.1359,
2318,,74.5603,,,65.8777,,,,,,,,,,,,
2319,222.052,,,,,,,,,,,,,,,,
2322,120.3955,,,,74.9281,,,,,,,,,,,,
2323,,,,,,282.6336,,400.9719,,,,,,285.33,,,
2325,333467,32554.186,3272.2114,88208.1422,189749.84,,,,,,,,,,,,
2329,,,,,,4515.4596,6242.7585,5032.9822,,,3723.5785,,,3324.9971,3876.8215,3708.4965,
2332,,,,,,,,5550.8234,,,,,,,,,
2333,28795.1612,2669.7312,,7203.9084,15157.3482,,,,,,,,,,,,
2336,,,,,,,,,,187.276,338.8153,,,,,,
2343,,,,,,,,566.1491,,,,,,,,,
2344,,,,,,,,,,,405.9823,,,399.9976,,,
2346,782.4094,,,,,,,,,,,,,,,,
2347,1592.1926,173.262,,,,,,,,,,,,,,,
2350,,,,,,,272.7727,,,,,,,,,,
2352,,,,,,372.8289,423.9144,432.488,,,574.1085,,,,485.7654,985.2979,
2353,,,,,,,,,,,,,,174.7169,,,
2368,2683.1663,234.6786,,666.9593,1336.4883,,,,,,,,,,,,
2369,,,,,,,,,363.7877,,828.0505,,,,,,
2374,,,,,,,,,,,,,,,130.5846,,
2380,,,,,,,,,,,,,,,,,
2381,,,,,,,,,,,,,,1479.5197,1502.5231,1640.0146,
2382,,,,,,,,,,,,,,517.7553,544.4584,,
2385,,,,,,369.111,429.7107,822.1037,,,,,,,,531.5491,
2387,,,,,,,,,,,,,,,,,
2390,227.8118,,,,138.4036,,,,,,,,,,,,
2393,276.8362,,,,149.7952,,,,,,,,,,,,
2394,1274.434,121.7405,,,644.0843,,,,,,,,,,,,
2396,,,,,149.8946,,,,,,,,,,,,
2401,5779.491,,,1174.3832,2794.0962,,,,,,,,,,,,
2406,,,,,,,,553.0901,915.3169,,,,,870.8452,,,
2408,1097.9266,106.6741,,,518.576,,,,,,,,,,,,
2409,,,,,,,,,,105.8645,,132.3408,,,,,
2416,,,,,,8322.6599,7297.9437,8897.325,3145.4264,2278.9191,4921.3493,3241.9562,,13063.3293,11749.4883,11958.2627,960.4818
2417,,,,,,1823.7773,2022.1888,2137.0026,,569.6094,889.6246,596.2359,,1648.3848,1559.9085,,
2418,,,,,,519.62,,,,,,,,,,,
2422,,,,,,,,,,,,,,,,,590.6455
2425,,,,,,,1119.5173,715.6758,,,674.168,425.7096,,,1703.8611,1529.2541,
2434,,,,,,,,130.5429,,,,109.0602,,,,,
2439,144.8107,305.2239,,,227.2834,,,,,,,,,,,,
2440,,2584.4602,4311.7206,,1023.0761,,,,,,,,,,,,
2445,,147.4052,,,117.3597,,,,,,,,,,,,
2446,,,,,,,310.42,,,,455.1467,,,,323.1702,,
2448,213626.64,21987.664,2453.1104,49060.3075,114341.85,,,,,,,,,,,,
2449,,,,,,,,,,,447.6842,313.1665,,,,,
2450,,,,,,,193.0966,,,,,,,,,,
2452,1401.8787,,,,,,,,,,,,,,,,
2453,,,,,,,,629.0761,,205.4936,,,,,,,
2461,,,,,986.4324,,,,,,,,,,,,
2463,,,,,,,,,,,,,,,,,
2464,,,,,,,379.5376,,,,,,,,,,
2469,,,,,,,,446.7498,,279.5697,412.2314,315.6782,,276.4738,249.1011,345.1895,
2470,14239.654,1392.4194,,3238.6501,7676.719,,,,,,,,,,,,
2471,,,,,,799.1815,735.0088,,,,,,,,,,
2472,,,,,,335.2073,415.5197,,,,,,,491.4208,551.1583,636.2908,
2473,,,,,,605.9007,659.9115,879.6245,,,752.8401,,,773.736,878.8462,731.6412,
2474,,,,,,,,,,,,,,678.093,,,
2475,,,,,,,785.8703,1082.7632,,341.6312,,389.2376,,895.0063,1007.2917,,
2476,,,,,,,,348.7127,,,469.4273,,,326.1654,,513.6967,
2477,,,,,,,,,,,277.8705,,,,552.4563,780.2075,
2485,,,,,,,,,,,289.3778,,,,,,
2489,,,,,,,,,,,,,,,1701.9234,,
2492,,,,,,617.7484,582.087,638.225,323.0724,,539.653,,,757.0301,508.419,620.5332,217.5546
2493,,,,,115.4101,,,,,,,,,,,,
2497,,,,235.58,,,,,,,,,,,,,
2498,,,,,,,,,,,684.9124,,,672.8772,,,
2499,,,,,,,,1015.4077,,,745.1772,531.5396,,1336.1655,1183.5832,,
2500,,,,,,469.2357,,,175.1273,,,542.1207,,778.4412,871.6457,1242.6212,
2501,,,,,,1524.7147,924.9779,1903.5631,,442.6038,932.4425,674.5234,,1492.1876,1854.1156,,
2503,,,,,,376.4141,318.2062,312.1248,,,,160.9989,,369.4462,277.6786,388.7649,
2504,244.635,,,,,,,,,,,,,,,,
2505,70122.414,6349.8325,757.8143,17135.3682,33553.887,,,,,,,,,,,,
2507,,,,,,,,237.1046,,,,,,257.9323,232.9835,261.8619,
2508,144.0897,,,,,,,,,,,,,,,,
2513,385.8855,,,,237.8014,,,,,,,,,,,,
2515,,,,,,,,,,,206.0569,,,,,,
2516,658.1631,,,,,,,,,,,,,,,,
2517,141975.97,20288.744,2594.9224,49313.326,81998.49,,,,,,,,,,,,
2518,3520.6868,404.0683,,856.0724,2055.6968,,,,,,,,,,,,
2519,,,,,,650.7717,,1234.3811,,,,,,522.8203,681.1185,,
2520,393.3737,,,,233.2861,,,,,,,,,,,,
2521,,,,,,,,1562.138,,,,,,,,543.3719,
2522,,,,,,,,3339.3383,5797.2565,,,,,,409.2042,,
2524,,,,,237.8174,1353.8158,,,,,,,,,,,
2525,,,,,,,,,,,,,,,,,
2527,,,,,,,,260.1622,,,,,,,,,
2528,,,,,,,,,325.4093,,,,,,,,
2530,180.3615,,,,113.3383,,,,,,,,,,,,
2532,3258.4546,,,535.7439,1564.0505,,,,,,,,,,,,
2533,95.9301,,,,65.6038,,,,,,,,,,,,
2537,,,,,,,,,,,,48.8461,,79.5758,,,
2538,,,,,,,,,478.9802,,,,,,,,
2542,,,,,,,508.752,,,,,,,,249.514,378.4535,
2543,,,,,,,,,,510.0513,661.7958,704.6574,,,,430.2139,
2546,899.1769,,,217.7213,586.9978,,,,,,,,,,,,
2547,,,,,,704.188,704.5687,,,,439.695,,,,,450.0928,
2550,,,,,172.7784,,,,,,,,,,,,
2551,,,,,,,,585.9471,,,,,,,,319.7881,
2552,,,,,,,,,,,158.1337,,,,,,
2553,,,,,,,396.2671,,,,198.515,,,226.9189,,,
2556,2200.0544,148.5083,,372.3805,1043.4854,,,,,,,,,,,,
2557,22201.63,1848.4492,,5351.4538,12152.778,,,,,,,,,,,,
2560,,856.2031,985.2123,,,,,,,,,,,,,,
2561,193.3703,,,,140.7898,,,,,,,,,,,,
2565,188115.5,23942.703,3059.1472,64930.6243,103090.42,,,,,,,,,,,,
2566,6445.446,,,1725.3136,3176.875,,,,,,,,,,,,
2567,,,,,,,197.9868,560.5738,572.9313,196.3946,258.2792,,787.4204,148.94,281.7287,368.2887,498.0601
2569,,,,,,369.4622,400.9241,617.8624,,,,,,824.2281,698.5706,806.4839,
2575,,,,,,,,,,,,,,,,,
2578,,,,,,,,,,,357.4684,422.7109,,,,,
2581,,,,,,800.8631,983.7152,757.6282,,526.7823,1249.405,614.5156,,1018.8828,1147.0115,618.3097,
2582,,,,,213.2143,,,,,,,,,,,,
2583,1261.8092,,,,,,,,,,,,,,,,
2586,105.8303,,,,,,,,,,,,,,,,
2588,43584.8,5437.666,686.3798,15238.368,23902.502,,,,,,,,,,,,
2589,,,,,,,345.9688,,,,,,,,,,
2590,1454.7871,98.5016,,395.8033,630.8358,,,,,,,,,,,,
2596,381,,,,,,,,,,,,,,,,
2598,7655.1167,537.6813,,1833.8434,4169.5625,,,,,,,,,,,,
2599,19714.828,1876.726,,5191.7604,9418.765,,,,,,,,,,,,
2601,,,,,,,,1797.5622,,,,,,,1840.3877,2144.1927,
2602,,,,,,,,109.7002,,,222.0969,,,155.9101,,83.2407,
2603,,,,,,,,1068.4677,,222.3018,,,,,,,
2610,,,,,,,,,,,,,,,,,
2613,,,,,,,,,,,,,,,,,
2616,445.576,,,,226.6515,,,,,,,,,,,,
2617,502.3097,,,139.5952,327.5787,,,,,,,,,,,,
2625,,,,,,,,,,,,,,,,,
2626,2043.9354,,,,935.5961,,,,,,,,,,,,
2627,1822.4794,,,,,,,,,,,,,,,,
2628,1959.4516,1514.6838,,1952.6482,2271.1964,,,,,,,,,,,,
2629,6736.3594,,,2475.5296,3677.89,,,,,,,,,,,,
2630,,,,,,,,,,,,,,,,,
2631,,,,,,,,,,,,,,1404.7794,,,
2636,,,,,,,,,,,,,,,,,
2643,79.0762,,,,,,,,,,,,,516.1998,724.3933,706.5951,
2644,,,,,,,,,,,,,,,192.9818,,
2645,,,126.6052,,,,,,,,,244.197,,218.3411,,,
2648,,,,,,718.4675,,668.1736,,,,,,,,,
2650,6096.3887,,,,3211.3372,,,,,,,,,,,,
2651,,,,,,,324.4533,,,149.4793,,,,480.7294,,,
2652,,,,,,255.8707,,,,,,,,423.427,,505.9977,
2653,59098.695,6001.408,,16599.126,31863.697,,,,,,271.5911,,,213.3501,,,
2654,,,,,,208.4247,,199.5209,,,,,,,,132.5412,
2655,,,,,,,,,,,,,,,,,126.8612
2656,913.814,119.1227,,224.892,478.5481,,,,,,,,,,,,
2658,610.1067,,,125.9164,,,,,,,,,,,,,
2659,,582.9611,,653.0913,787.6873,,,,,,,,,,,,
2660,65901.24,7316.8027,,24513.4822,37031.883,,,,,,,,,,,,
2661,,,,,,,,,,,,,,,243.9076,,
2666,,116.1753,,,,,,,,,,,,,,,
2671,,,,,174.4306,,,,,,,,,,,,
2673,5013.709,,,1779.9694,2840.4463,,,,,,,,,,,,
2677,13759.862,1333.868,184.1512,4924.6247,7398.5967,,,,,,,,,,,,
2680,,,,,,,,,,,,,,,,885.1436,
2683,,,,,,,,,,,,,,,,269.7972,
2684,,,,,,543.2124,402.9486,499.6302,,,479.1288,,,,776.0852,786.7372,
2685,,,,,,409.951,349.7786,370.2346,,,297.8498,,,531.2006,477.5637,698.2522,
2691,,,,,,,,,,,,,,265.7275,,232.2878,
2692,972.9451,112.9673,,359.2743,569.4674,,,,,,,,,,,,
2696,1739.1056,160.6882,,605.4861,882.2753,,,,,,,,,,,,
2706,300.0917,41.4631,,,,,,,,,,,,,,,
2710,,,,,,771.5313,886.9024,,,469.66,,544.0806,,,725.5978,,
2711,,,,,,1716.0845,1940.3184,,,1102.0737,1416.7613,,,1531.8738,1512.8446,1542.6031,
2712,2376.729,,,1496.2656,2324.9202,,,,,,,,,,,,
2713,,,,116.0067,295.0222,,,,,,,,,,,,
2714,,,,,,,,,,,,,,,,,
2717,,,,,,,,,,,,126.3262,,347.1372,250.9028,335.2881,
2718,,,,,,,,307.3458,,,,121.6475,,211.0554,,,
2719,246.5791,,,,157.1738,,,,,,,,,,,,
2721,,,,,,139.2714,167.4578,,,,,67.7737,,,,,
2722,296088,30047.494,3623.6973,95348.494,156430.03,,,,,,,,,,,,
2724,341.7892,49.9064,,,185.9775,,,,,,,,,,,,
2731,198054.0941,7690.0597,7053.4084,2094.2199,29850.9991,,,,,,,,,,,,
2732,,,,,,,,,,,,,,,,,
2738,,,,,,,,,,260.8068,,,,,,,
2739,,,,,,470.8275,,,266.7237,,418.8914,407.6896,,391.5014,,,
2741,864.3042,,,,,,,,,,,,,,,,
2742,,,,,,,,,,,,,1210.9657,,,,
2744,,,,,,,,,,,682.2587,,,,812.9109,1415.4318,
2745,,,,,,,,803.3346,330.7265,264.3609,,177.5206,,,,,
2746,,,,,,,,217.0193,,,375.5038,,,,,555.6722,
2747,,,,,,516.7562,660.3519,760.8184,,,285.0627,,,919.0001,1079.5166,1096.7074,
2748,,,,,,,,,,,,119.1279,,,,252.0936,
2750,,,,,,,,,,,,,,,,172.3531,
2753,48486.2385,1823.1364,1682.6797,485.7316,6949.4838,,,,,,,,,,,,
2755,36683.77,2391.9192,,7457.4674,18242.455,,,,,,,,,,,,
2756,181.6963,,,,90.3163,,,,,,,,,,,,
2758,,,,,,,,,,,148.2433,,,,,,
2759,3605.2986,,,573.4516,2197.5925,,,,,,,,,,,,
2761,,,,,,166.9681,,,,,,,,107.5811,,,
2763,5581.324,191.5886,139.9898,,819.5279,,,,,,,,,,,,
2769,,,,,,,,369.9694,,,,422.5883,,,,,
2770,,,,,,,,,,,,409.0005,,,,,
2772,2996.8132,,,,,,,,,,,,,,,,
2774,,,,,,,,1350.5373,473.3198,,,,,,533.4257,1824.4029,
2775,,,,,,,,1118.7524,,,,,,,,,
2777,,,,,,,,736.9046,,,1008.2686,476.2406,,,672.0584,,
2782,24096.123,1615.9365,,4758.15,11838.555,,,,,,,,,,,,
2788,362897.25,32155.467,3151.2444,93183.9025,189525.86,,,,,,,,,,,,
2791,83100.12,12278.147,1519.3339,29396.2705,51757.152,,,,,,,,,,,,
2792,15673.872,,,,,,,,,,,,,,,,
2793,7585.1941,3350.8141,,5722.9809,8143.0331,,,,,,,,,,,,
2794,76027.7,10263.838,1332.2504,19603.5878,45952.406,,,,,,,,,,,,
2797,,,,,,,,,,,,,,,,,
2799,,,,,,,370.1438,,,,,,,,,,
2803,,,,,,,,,,,,,,,,,
2805,792.6724,,,201.6919,497.8246,,,,,,,,,,,,
2807,,,,,,,,245.17,,,,,,,,,
2808,,,,,,,,5862.9167,,,281.865,,,,,604.9096,
2810,82782.016,7668.43,690.9424,23831.381,44128.35,,,,,,,,,,,,
2812,,,,,,,,130.1461,,,,,,,,,
2813,,,,,,303.7272,1024.0669,454.7673,,263.7269,928.8185,346.0003,,272.5305,777.0181,,256.5584
2814,2274.4878,,,,,,,,,,,,,,,,
2815,6016.1313,,,,,,,,,,,,,,,,
2816,2541.8267,,154.2881,845.1859,,,,,,,,,,,,,
2817,17133.645,2339.5303,327.995,4829.1577,10558.421,,,,,,,,,,,,
2818,,,847.1318,,,,,,,,,,,,,,
2820,,,,,,,,139.4815,,,,,,,,,
2821,,,,,,,,,,,,,,,,238.7099,
2822,,,,,,328.6044,,350.8303,,,426.3967,442.5761,,698.8732,429.8362,879.2384,
2825,,,,,,,,103.5365,,,,96.3156,,,,76.5717,
2826,,,,,,,,,,,,,,,,,
2828,28029.373,4001.8467,507.3694,9947.7542,17829.408,,,,,,,,,,,,
2829,4019.0381,2209.9341,,3332.5155,4543.9791,,,,,,,,,,,,
2830,213.1142,,,,,,,,,,,,,,,,
2831,,,,,,,,,,,,,,,799.7863,,
2833,371.7985,,,,,,,,,,,,,,,,
2836,2504.3545,,,730.2516,1467.2974,,,,,,,,,,,,
2837,,,,,,,157.9375,,,,,,,,,,
2839,766.0102,,,104.9794,749.6321,,,,,,,,,,,,
2843,,,185.9204,,,,,,,,,,,,,,
2845,759.0002,,,,,,,,,,,,,,,,
2846,5473.237,765.406,108.4619,1822.4354,3306.1436,,,,,,,,,,,,
2847,634.5412,373.581,,613.5416,787.6797,,,,,,,,,,,,
2848,2186.512,280.3443,,750.4091,1105.5302,,,,,,,,,,,,
2850,,,,,,,121.2835,,,,,,,,,,
2851,563.5747,79.7739,,195.228,334.8936,,,,,,,,,,,,
2854,,,,,,,,,,,305.4246,,,,,,
2855,,,,,,,,,,,1175.4325,,,835.7268,,,
2857,485.8246,355.9144,,528.5145,694.9994,,,,,,,,,,,,
2858,394.1925,,,259.2337,312.7573,,,,,,,,,,,,
2860,,,436.6433,,,,,,,,,,,,,,
2862,1072.0889,,,184.7842,,,,,,,,,,,,,
2864,2012.3147,197.8298,,,1012.3917,,,,,,,,,,,,
2868,,,,,,,1436.479,579.3829,,,1495.3141,,,,1427.1639,1403.0633,
2869,,,,,,,,,,,,,,200.4309,,,
2870,1097.1989,,,,,,,,,,,,,,,,
2872,,,,,,,,,,,,,,,,,678.3939
2873,,374.7659,,,,,,,,,,,,,,,
2874,,,,,,,,,,,332.9504,284.3733,,,,,
2875,,,,,,,,,,,,,,,,,
2876,,,10855.4614,,,,,,,,,,,,,,
2877,,,,,,,77.7147,,,,,,,,,,
2878,212.5528,,,,151.274,,,,,,,,,,,,
2879,2614.9506,,,1207.5014,1883.5804,,,,,,,,,,,,
2882,292.3205,,,62.6009,,,,,,,,,,,,,
2883,,,,,,,,,164.5104,,,,,,,,
2886,,,,,281.6758,,,,,,,,,,,,
2888,47848.51,5915.73,595.0774,16482.2764,28990.062,,,,,,,,,,,,
2890,,,,,,374.6214,414.2009,470.4955,142.0568,,347.713,276.3793,,,355.5082,435.4445,
2892,105.6508,,,,,,,,,,,,,,,,
2893,98927.4166,15161.0566,,32697.5906,58072.7966,,,,,,,,,,,,
2894,,,,,,,,,,,,,,1149.7503,,,
2895,,,,,,854.2342,907.5043,1089.6762,403.0158,,,,,1404.0631,,1403.247,
2896,,,,,,525.2211,574.1488,629.7948,,353.7122,,539.4849,,,881.8843,,
2899,1940.0797,,,,,,,,,,,,,,,,
2900,1301.84,,,,,,,,,,,,,,,,
2901,49350.027,4803.366,,10313.0428,28619.848,,,,,,,,,,,,
2902,212.8325,,,,,,,,,,,,,,,,
2906,,,338.2096,,,,,,,,,,,,,,
2907,69575.87,8488.958,910.1459,24403.0938,39001.496,,,,,,,,,,,,
2910,,,,,,,46.3946,,,,,,,,,,
2911,,,,,,,50.7621,,,,,,,76.3873,73.4268,115.6695,
2912,,,,,,,,,,,,,,,,,
2913,,,,,89.998,,,,,,,,,,,,
2914,,,,,,,,,,,,,,,,,
2917,2994.751,319.9832,,1023.8942,1769.8458,,,,,,,,,,,,
2918,14120.036,1528.7772,185.0799,4851.1066,7758.9155,,,,,,,,,,,,
2920,,,,,,,,,,,,,,,,749.8259,
2922,1932.6661,,,700.4625,1216.4823,,,,,,,,,,,,
2924,6112.464,,,,3280.6494,349.9871,424.477,522.9895,,,,411.4765,,434.6372,519.5358,,
2925,,,,,,650.5005,789.0103,910.8637,,,827.0026,624.3489,,875.6321,1051.665,1171.4591,
2926,,,,,,,,1012.4642,,,485.5823,,,639.1297,,,
2927,,,,,,748.7449,981.1914,,,397.5072,,,,,1092.5305,1342.8976,
2928,,,,,,314.0344,,,,,236.1701,,,389.8799,,,
2929,,,,,,,,,,,,,,,,,
2934,2056.072,202.2658,,612.3044,992.2049,,,,,,,,,,,,
2938,,,,,,,,,,,,,,90.7849,,137.0007,
2940,,,,,,,,,,,,,,77.2942,,,
2941,,,,,,,474.2753,,,,3895.6081,1368.563,,,1417.5913,3877.9559,
2944,1504.3215,,,,,,,,,,,,,,,,
2951,741.5735,,,,,,,,,,,,,,,,
2954,,,,,,,,,,,356.486,,,297.679,,589.8286,
2955,,,,,,235.0756,264.4863,,,,,242.2599,,362.6725,274.052,476.7692,
2956,,,,,,672.7493,647.706,643.6141,,,323.3431,,,898.9898,949.0439,,
2960,562.4998,,,,252.6156,,,,,,,,,,,,
2961,3454.0592,667.7684,,868.8241,2295.5011,,,,,,,,,,,,
2962,717.7703,,,,,,,,,,,,,,,,
2969,735.5672,124.5961,,171.6733,394.1541,,,,,,,,,,,,
2970,19868.1976,,,3899.9228,11075.8306,,,,,,,,,,,,
2971,249.2072,,,,,,,,,,,,,,,,
2973,1052.6068,,,,492.591,,,,,,,,,,,,
2976,,,,,,,499.6867,,,,,,,,,,
2978,2426.415,,,,1429.1846,,,,,,,,,,,,
2979,2159.616,217.611,,,,,,,,,,,,,,,
2980,161.7916,,,,,,,,,,,,,,,,
2981,,,,,,,616.7595,463.1701,,,359.7083,,,652.7405,,,
2984,,,182.7559,,175.3354,,,,,,,,,,,,
2986,,,,,142.8973,,,,,,,,,,,,
2987,213.2993,,,,120.3808,,,,,,,,,,,,
2989,1213.1572,213.5897,,,791.6042,,,,,,,,,,,,
2990,460.9822,,,,189.5024,,,,,,,,,,,,
2991,,,,,,157.0301,,215.0741,,,,,,,,,
2993,3709.3819,,,,2029.116,,,,,,,,,,,,
2994,777.9102,,,,,,,,,,,,,,,,
2995,,,,,,55.1141,,,,,,,,,,,
2996,,79.4918,,198.7911,290.5713,,,,,,,,,,,,
3000,1406.7352,,,,766.5793,,,,,,,,,,,,
3002,3865.5789,,,,1937.9312,,,,,,,,,,,,
3004,1926.6897,,,,989.9014,,,,,,,,,,,,
3011,459.5256,,,103.6778,247.6438,,,,,,,,,,,,
3012,,,,,,,,,,,,,,4385.8454,69.9974,,
3016,,,,,,,,,,,,,,,,292.1411,
3017,56.1281,,,,,,,,,,,,,,,,
3018,5652.5396,,,,2972.3232,,,,,,,,,,,,
3019,234.1352,,,,,,,,,,,,,,,,
3028,,,,,,,935.6446,,,,1222.9982,437.8697,,,743.5265,489.7776,
3030,,137.0661,,100.4222,,,,,,,,,,,,,
3031,,,1019.4804,,,,,,,,,,,,,,
3035,569.926,,,,,,,,,,,,,,,,
3039,,,90.2062,,,2302.8255,2640.5707,3180.2335,724.9535,877.9535,1580.964,1056.9276,156.9693,3460.645,3625.9506,4620.6305,549.6706
3041,40363.438,1580.7753,,8992.0373,16777.082,,,,,,,,,,,,
3042,330.7166,,,,155.7401,,,,,,,,,,,,
3043,,,,,,,,,,,,135.3482,,366.3719,305.7858,275.899,
3044,,,,,,,,356.2834,,,,,,,,749.1895,
3045,,,,,,548.6361,864.7666,738.9277,,,,537.6974,,539.4786,483.7586,701.6235,
3048,365.5449,,,,181.5307,,,,,,,,,,,,
3051,,,,,,2540.8642,2572.8068,2704.701,,,,,,,,,
3053,353.5048,137.3431,182.9191,263.3678,206.5766,,,289.7734,,,,,378.7162,,,,286.8433
3055,,,,,,,3288.9111,2074.0256,457.7508,806.966,2893.0855,1401.4862,,,2506.047,3090.7229,
3057,,,,,,,,1310.025,5475.7657,,,,,,,,
3058,,,,,,426.889,424.6741,,473.4394,,,,,,,529.1398,297.8515
3061,,181.114,212.7282,,,,,,,,,,,,,,
3063,,,9.5308,,,,,312.1647,,73.4284,132.0966,77.7246,,337.6264,364.3056,490.814,
3065,,,,,,,,,,,,,,,,,
3066,1124.9053,,,,,,,,,,,,,,,,
3069,,,,,,179.197,,,,,,,,,,,
3070,158.0547,,,,,,,,,,,,,,,,
3074,,,,,,,,85.1883,91.1145,,,,,,,,
3077,,,,,,,,,,,,,,,,,
3078,,,,,,,,,,,2127.451,1861.2737,,1627.1846,,1806.0322,
3079,,,,,,2494.0516,2804.6591,3360.771,713.6752,883.6118,1547.2952,1105.958,,3669.3844,3531.8135,4898.2975,579.3807
3080,,,,,,,,,,,,,,,,,
3082,14224.933,521.1237,,3044.4789,5600.9893,,,,,,,,,,,,
3083,,,,,,,,,,,,,,,,,
3084,,,,,,596.9061,,,,449.3904,,522.9447,,,,,
3086,,,,,,,,,,,,442.2657,,745.2475,,,
3087,,,,,,947.3444,1129.6508,,,,,,,,,699.1699,
3089,,,,,,,326.3323,518.3947,,,,,,,,1310.0484,
3090,,,,,,,,,,,,,,,,,
3094,,,220.4488,,,,,,,,,,,,,,
3095,,,,,,,,,,,,309.7475,,,,,
3096,,,,,,1249.2143,1232.3901,1172.4511,,,,,,,,1755.26,
3097,214023.62,18980.9,,54869.6368,102794.9,,,,,,,,,,,,
3104,,,,,,730.2023,855.4708,1032.1191,237.9228,272.1738,525.3497,361.0855,,1144.8638,1176.9233,1630.441,163.79
3106,,,471.5581,,178.6282,,,,,,,,,,,,
3107,658.1588,,,,,,,,,,,,,,,,
3108,,,,,152.4738,,,,,,,,,,,,
3109,18149.389,2397.366,,8834.4222,11142.435,,,,,,,,,,,,
3110,,,,,,,405.9208,,,,,,,,,,
3111,46074.715,4065.1838,,,137.1865,,,,,,,,,,,,
3112,,,,,,,,,,,,,,,,,
3113,,,,,,1066.8216,,1067.8158,,,891.18,,,1505.3333,938.675,1058.3382,
3114,,,,153.6887,,,3273.1915,1220.7289,835.519,994.629,2925.722,,703.4232,1447.4422,3172.1719,3014.6695,1396.5756
3115,,,,,,,639.2669,939.3213,,,,,,,662.2244,829.3323,
3120,,,,,,,,,,,,,,,,,
3123,,,,,,,,,,,,,,165.4844,178.4062,335.9472,
3125,,,,,,,235.1966,,,,243.0201,,,,,299.3191,
3128,,,,,,,,290.2692,,,,,,390.7734,462.2675,501.9248,
3130,,1613.0466,2078.6998,,755.8621,,,,,,,,,,,,
3131,,,,,,132.5287,,157.3274,,,,,,192.5814,,210.1866,
3133,233.867,,,142.0059,,,,,,,,,,,,,
3134,,,,,54.2104,,,,,,,,,,,,
3135,,,,,222.9097,,,,,,,,,,,,
3138,,,,,183.2758,,,,,,,,,,,,
3139,,,,,,,692.7953,,,,,,,,,,
3140,1727.431,,,1549.2031,,1123.6084,,,,,,,,,,,
3141,,,,,,,925.0443,812.5086,,,803.7863,,,,683.033,702.7815,
3143,,,,,,,,,,,,,,,349.8885,,
3146,1752.6117,,,286.0145,900.7645,,,,,,,,,,,,
3148,,,,34295.8075,,,,,,,,,,,,,
3158,,,,,60.4671,,,,,,,,,,,,
3161,,,,,,,,,220.8407,153.943,,,,,,,
3162,,,,,,,,,,,,,,,274.3799,,
3163,,,,,,,,,,,,,,,,,
3168,,,191.6583,,111.7107,,,,,,,,,,,,
3172,122.6898,,,,,,,,,,,,,,,,
3174,,,84.7945,,,,,,,,,,,,,,
3180,2375.5276,307.7625,,,1389.7324,,,,,,,,,,,,
3182,,,,,,,,,,,,,,341.6512,,,
3184,,,,,,,,,,,,,,,203.2166,268.4196,
3186,1833.9708,,,601.9105,,,,,,,,,,,,,
3189,1697.5176,,,,1091.9937,,,,,,,,,,,,
3190,295069.8,31619.34,3776.2437,91617.7775,157542.22,,,,,,,,,,,,
3191,,,,,,,,,,,,,,,,,
3193,,,,,,,,,,,,,,,224.8745,,
3194,,,,,,,,,,,,,,,,,
3201,207.3074,,,,,,,,,,,,,,,,
3202,2032.6606,,,1121.3127,1333.998,,,,,,,,,,,,
3203,414.1531,51.2889,,145.996,236.2803,,,,,,,,,,,,
3205,,,,,,,,,,50.8085,,,,,,,
3207,,,,,,,,122.6013,,,,142.6787,,,137.409,,
3208,,,,,,,392.964,,,,,,,,,,
3209,,,,194.3833,561.1151,,,,,,,,,,,,
3219,,,,,,,,206.7859,,,,,,,,,
3220,5497.372,,,,2882.7258,,,,,,,,,,,,
3224,,,,,,,,,,,,,,1521.4929,1369.6725,1489.5456,
3226,,,459.1176,,,,,,,,,,,,,,
3229,,,,,,,,,,,,,,,141.0442,,
3233,27076.643,2436.6216,,7533.2962,14623.185,,,,,,,,,,,,
3234,,,,,,,,,,,238.6201,,,332.6218,277.6793,287.2889,
3237,,,,,,,325.9075,,,,360.1946,,,,461.678,219.1138,
3238,,,,,,539.6471,,,,498.6392,2712.0964,,783.1582,724.9353,868.879,,
3241,,,,,,,,,,,,,,,,,
3243,,,,,,,,,,,,,,,344.9879,,
3244,6058.167,,,1429.6251,3143.6519,,,,,,,,,,,,
3245,,,,,,361.0772,,,,,,,,543.4401,,,
3247,,,,,,,,,,,,,,,,414.5114,
3248,,,,,,,201.8726,,,,,,,,,,
3249,,,,,,,,,,,,,,,,74.2169,
3250,,,,,,113.587,,138.6571,66.3574,108.1185,590.3389,216.8499,165.9058,154.069,211.8872,271.2327,78.0966
3252,,751.7715,915.5506,,,,,,,,,,,,,,
3253,230.8983,,,,,,,,,,,,,,,,
3254,,177.5327,,,,,,,,,,,,,,,
3255,173.7242,,,,,,,,,,,,,,,,
3259,212.5115,,,,,,,,,,,,,,,,
3262,,,,,,,,,,2246.4985,4927.5271,,,912.7466,4022.1061,6275.03,
3263,,,,,,,,,,,1195.8734,699.2615,,,1082.733,1597.1506,
3264,17061.76,,238.7275,5238.4403,8910.625,,,,,,,,,,,,
3266,,,,,,,,,,,,127.3855,,,,,
3268,,,,,,,,537.5101,,,,,,,,,
3270,74.4987,,,,,,,,,,,,,,,,
3272,,,,,,,,,,,,,,638.3158,,379.5095,
3273,,,,,,,,,,,,,,,,166.992,
3281,,,,,,,,,,,1609.4956,1371.5985,,,,1368.2976,
3282,1205.4055,,,,641.8036,,,,,,,,,,,,
3285,,184.1722,,,,,,,,,,,,,,,
3286,,,,,,,,781.9086,,,,,,,,,
3288,,,,,,1598.2415,,,,,,,,,,2100.2568,
3289,,,,,,867.1388,,921.7942,449.0009,,,,,,,,
3290,,,,,,,6033.6634,2459.677,,943.1135,6244.1636,2340.7842,,698.0004,9005.3148,4505.6987,
3293,,,,,,,,,,,,,100.769,,,,
3296,,131.4041,,,,,,,,,,,,,,,
3297,,,,,,,,,,,,126.5581,,,,,
3301,1190.5773,,,377.8226,677.1588,,,,,,,,,,,,
3302,6068.0296,,,,3476.6596,,,,,,,,,,,,
3303,,,,,,176.002,,,,,,,,,,,
3312,,,,,,,,,,,,207.5382,,,,,
3314,,,,,,,246.2983,,,258.0459,,,,,627.7359,,
3315,,,,,,,,,,,253.7702,,,,,,
3318,144.7126,,,,,,,,,,,,,,,,
3319,1082.9358,,,,581.4977,,,,,,,,,,,,
3321,,,,,,,,71.088,,,,,,,,,
3322,,,,,,,,310.0593,,122.0234,,,,,,,
3323,,,,,,,,,,,381.3721,,,,,524.3103,
3324,,,,,,2048.2221,2178.1691,2395.0943,715.3751,833.1091,1156.2803,773.9217,,2763.6573,3189.2109,3660.991,753.3685
3325,106.1107,,,,62.6161,,,,,,,,,,,,
3326,411.9594,,,,242.6236,,,,,,,,,,,,
3329,22.7135,,,,,,,,,,,,1645.1945,,,,
3331,,,,,,,235.8255,236.973,,,93.5915,,,271.6496,223.8805,320.2838,
3334,,,,,,,,367.0516,,,,,,,,,
3335,,,,,,1789.0849,1439.689,1308.0559,,872.6146,1484.5709,884.0846,,3519.3828,3053.903,2526.3928,
3336,,528.9169,,,,,,,,,,,,,,,
3338,,,,,,1781.042,2051.3297,2321.5985,701.7094,651.2157,1093.9544,771.5842,,2380.4968,3052.8247,3277.9216,728.7542
3344,,,,,,,728.4962,,,,,,,,,340.7874,
3345,,,,,,1612.1335,1764.1415,1944.2128,1020.6561,,,,,561.6637,,602.0165,
3349,,,243.3481,,,,,,,,,,,,,,
3350,3112.4238,,,,1876.0876,,,,,,,,,,,,
3351,,,,,,,,,,,,,,386.6221,,,
3353,,,,,,,,,,,,,,,,,
3355,,,,,,558.0702,527.8806,756.3103,175.8413,247.2532,364.4497,257.9584,,834.5912,976.3138,979.2233,210.8683
3356,1345.65,,,,743.8688,,,,,,,,,,,,
3361,654.5817,,,,362.8776,,,,,,,,,,186.7752,,
3367,,,,,,,295.4381,,,,,,,,,,
3369,,,,,,,,1069.7638,,,1417.4786,1215.0516,,1109.3935,,1173.8852,
3370,,,,,,,,,,,,,751.7554,,,,
3371,,,,,,,923.0666,,,,,,,,,,
3373,469.4125,,,,311.1098,,,,,,,,,,,,
3378,,,,,,,,,,,,,,85.8047,,,
3379,545.0471,,,,307.7657,,,,,,,,,,,,
3381,201.5266,,,,,,,,,,,,,,,,
3384,8.0586,,,,,,,,,,,,,,,,
3385,4879.925,,,1718.3509,2838.681,,,,,,,,,,,,
3386,,,,,,,,,,,,,,355.8363,327.2638,477.2672,
3389,,,,,,,775.2088,616.6398,,,780.9068,328.1806,,,517.7698,540.0755,
3392,,,,,,,,,,,511.6166,,,,,451.8622,
3393,1189.2013,157.771,,404.3757,692.7143,,,,,,,,,,,,
3399,1850.6326,,,,1040.5176,,,,,,,,,,,,
3404,,,,,,,,,,,,,,,,,
3405,13654.305,1436.0238,,4527.4431,7891.537,,,,,,,,,,,,
3406,,,,,,1075.3513,1176.7958,1295.7531,1110.4843,,,,,,,,
3407,,,,,,,,,,,,,,213.936,361.2822,512.0558,
3409,,,,,,,,,,,200.4752,,,,,,
3415,,,,,,,,414.2706,,,,,,,,,
3416,,,,,,,,,,,,,,,,,
3417,437.7248,,,,229.0495,,,,,,,,,,,,
3418,211.1857,,,,,,,,,,,,,,,,
3420,28917.072,2771.9912,,8235.4244,14899.427,,,,,,,,,,,,
3421,,,,,,6301.4189,,6933.4882,2625.1414,,,,,10328.011,8856.8028,9427.3338,
3422,,,,,,,,,,,,,,,,,
3423,,,,,,,,,,,277.4575,,,,,,
3427,,,,,,,,1487.1241,2842.6754,,,,,,,,
3428,,192.2805,,,159.5018,,,,,,,,,,,,
3430,206.5245,,,,,,,,,,,,,,,,
3432,54.2251,,,,,,,,,,,,,,,,
3433,,,,,,1010.2345,894.739,1179.5829,447.7061,,573.1124,369.4978,,1815.837,1596.7622,1638.0689,
3434,,,,,,,227.6807,,,98.2234,,,,,,,
3437,,,,,,,,181.6053,362.2886,,,,,,,,
3441,,,,,,,505.1863,,,,,,,,,,
3442,250.0476,,,,156.0702,,,,,,,,,,,,
3443,131.9475,,,,,,,,,,,,,,,,
3447,14913.347,,167.1374,4057.6918,7295.8916,,,,,,,,,,,,
3448,,,,,,,,,,,,,,,484.5504,602.2512,
3450,,,,,,,,,,,,,,283.0922,,,
3451,,,,,,104.9464,94.3098,,,,,47.0064,,,,,
3456,101.4868,,,,71.6041,,,,,,,,,,,,
3457,2257.7727,244.1302,,,1184.0718,,,,,,,,,,,,
3459,,,,,,243.2919,,283.6586,,256.7849,1223.5134,,,,,658.8435,
3461,,,,,,,,139.4641,,,,,,,,191.2826,
3463,,,293.1303,,,,,,,,,,,,,,
3464,,680.3441,785.3494,,,,,,,,,,,,,,
3468,312.6845,,,,,,,,,,,,,,,,
3469,29873.02,,385.5891,10484.8551,15927.389,,,,,,,,,,,,
3472,,182.6046,,,,,,,,,,,,,,,
3474,7452.719,670.9384,,2416.9567,3855.0935,,,,,,,,,,,,
3477,,,,,,,,,,,,435.7136,,,,990.874,
3479,,,,,74.309,,,,,,,,,,,,
3482,,,,,,,,842.9103,,,,,,,,,
3486,,,,,,,1821.3265,,,,,,,,,,
3487,,,,,,,,225.2651,,157.7817,285.5009,,,551.3155,446.5159,,
3489,,,,,92.2617,,,,,,,,,,,,
3491,,,,,,167.9102,,,170.2225,,,,,,,,
3494,,,219.5891,,165.7718,,,,,,,,,,,,
3495,,209.7467,,,,,,,,,,,,,,,
3502,,,,,,274.923,1144.4086,509.2532,,267.4908,1113.6789,481.6319,,324.7519,983.6493,1295.063,259.7445
3505,,,,,,2659.3013,3409.3361,8970.993,,840.9186,1173.6761,1666.2994,,6800.358,8120.4696,12832.794,
3508,,,,,,104.5555,,156.3734,,,,,,,,,
3510,549.3638,,,,,,,,,,,,,,,,
3511,6280.297,,,,4902.788,,,,,,,,,,,,
3515,,,,,,396.0613,,,,,,,,,,,
3516,,,,,,327.4208,403.489,,,,,,,,,,
3517,,,,,,,2176.7301,1688.4697,,,,,,,,,
3522,,,,,,,595.1807,257.9569,,,1004.8944,,,,482.8894,,
3524,,,757.8399,,,,,,,,,,,,,,
3526,,,,,,,,1475.7435,,,1943.4494,1704.4609,,1521.5919,1398.8015,1696.2075,
3527,10598.8007,,,3764.4998,5820.9371,,,,,,,,,,,,
3528,171887,16693.625,2147.2559,59239.308,81962.15,,,,,,,,,,,,
3529,,,,,,,204.2978,258.4838,,,,,,,,,
3531,,238.7982,,,,,,,,,,,,,,,
3533,,,,,154.5557,,,,,,,,,,,,
3534,2334.9731,,,550.2041,1930.0505,,,,,,,,,,,,
3535,,289.9463,350.5654,,224.5422,,,,,,,,,,,,
3544,,,,,,,,,,,,,,312.8295,,,
3546,,,,,,6155.0196,6362.2912,6604.9016,,,,,2005.3049,,,,
3547,,,,,,,,153.5895,165.7503,,,,134.1929,,,,
3549,,,,,,,1352.8669,,,,1622.6128,,,,1376.2261,,
3550,,,,,,,756.2469,572.6089,,,,,,,852.9811,1136.7906,
3556,,,323.8757,,,,,,,,,,,,,,
3558,76.7301,,,,83.6359,,,,,,,,,,,,
3559,814.7363,,,169.176,436.5119,,,,,,,,,,,,
3563,,,,,59.2732,,,,,,,,,,,,
3564,144.6632,,,,84.6912,,,,,,,,,,,,
3567,13691.307,1655.6313,,4657.5875,7859.389,,,,,,,,,,,,
3580,14080.781,1340.8062,,4024.3674,7428.1694,,,,,,,,,,,,
3581,,,,,,,1087.6675,,,,858.6358,,,,660.4979,,
3583,,,,,,1025.4213,1514.851,2030.3511,430.1191,316.672,396.9235,372.5628,208.7067,,678.524,1746.3334,
3584,,,,,,,,,435.567,,,,,,,,
3592,,,,,,,256.5414,419.593,103.0757,,,49.1862,,,,273.9544,47.9737
3593,,,,,,666.6403,854.1956,1414.3698,,,,,,1461.1057,1471.1375,1867.7889,
3595,10469.36,819.3241,,1984.4654,5977.962,,,,,,,,,,,,
3597,,,,,131.0141,,,,,,,,,,,,
3598,,,,,,,,,,,,,,,,,
3600,161133.47,15168.228,1285.7079,46614.6345,81979.805,,,,,,,,,,,,
3603,,,,,,,,,,488.831,,,,,,,
3606,2633.9104,163.3621,,423.9666,1263.3575,,,,,,,,,,,,
3607,,,,,,,,1105.0053,,,,,,,,,
3608,,,,,,,,,,,,,,,,,
3609,,,,,,,,,,,,,,1320.5022,,,
3610,,,,,,,,,,,,,,,,,
3614,3732.8875,,,888.7158,2045.4669,,,,,,,,,,,,
3615,1245.5834,,,,756.8009,,,,,,,,,,,,
3618,,,,,,,410.0343,,,,,,,,,,
3622,5877.337,,,848.7466,2733.2397,,,,,,,,,,,,
3624,,,,,,,,,,,,,,574.8699,,,
3626,,88.0081,,,,,,,,,,,,,,,
3628,238.1968,,,,282.5945,,,,,,,,,,,,
3629,718.9852,,,,,,,,,,,,,,,,
3632,2124.7954,,,,1083.2125,,,,,,,,,,,,
3635,,,,,,260.1333,,,,,,,,,,,
3636,,,,,,114.4627,578.7901,481.9923,,,630.042,254.7094,,,,,
3638,,,,,,,,1467.8091,,,,,,,,,
3639,232.773,169.2122,,209.5852,210.5437,,,,,,,,,,,,
3642,,,,,,,,,,,,,,,,210.9784,
3646,2319.4976,273.3068,,,,,,,,,,,,,,,
3651,98.2264,,,,,,,,,,,,,,,,
3652,,,,,,,,,,,,,,,,,
3655,542.9677,66.8131,,209.7139,314.7889,,,,,,,,,,,,
3656,,,,,,248.1406,1324.7181,633.0308,,,1208.4646,489.8459,,,1255.4896,1026.335,
3658,,,,,,739.8311,,,,,,,,,,,
3660,,,,,,5147.9608,6567.0026,7632.982,,,,,,,2345.5801,,
3667,,,,,,,,997.0566,,,1211.3591,1108.095,,,,1074.1684,
3670,,,,,,1240.2561,1593.3045,,,,101.9936,,,607.5269,544.1097,656.9226,
3674,,,,,146.2928,,,,,,,,,,,,
3676,180.4094,,,,,,,,,,,,,,,,
3678,,,,,,,,,,,,,,,,288.3171,
3679,,,,,,,893.5174,,,,,,,,,,
3683,,,,,,,,,,,703.0468,,,,,,
3686,,3863.9725,6829.6532,,1216.4142,,,,,,,,,,,,
3689,,,,,,583.2933,,,,,,,,,,,
3690,,,,,,3984.3343,4057.8129,4157.0873,,,1810.8789,983.2841,1379.8241,,,,755.5633
3692,,,,,80.6374,,,,,,,,,,,,
3695,,,,,,,,1126.6815,,,,,,,,,
3696,,,,,,1605.7253,7008.2578,3834.8107,,1724.7297,7424.6657,3305.0095,,1895.465,7530.5945,6387.2926,
3698,,,,,,1010.418,3077.2975,1741.2227,752.2484,1019.582,2683.7734,1275.4347,305.7761,1127.4915,2886.9632,3391.3308,836.243
3701,213.0091,,,,,,,,,,,,,,,,
3702,,,,,,,,,,,268.578,,,,,,
3703,,,,,,615.9739,801.1644,2207.3575,,,,328.615,,1588.2372,1974.9778,2824.182,
3704,,,,,,,1398.5827,670.7946,,224.3706,1470.4919,669.8589,,,1590.9882,1164.2405,
3706,,,,,,,685.9919,,,,681.9692,,,,,707.3888,
3708,,,,,,,,,,,,,,3940.4103,,,
3712,,,,,,,,,,,,,,,,219.3706,
3714,1454.991,,,,752.633,,,,,,,,,,,,
3717,,,,,,362.4412,,428.0916,,,,,,687.8359,619.7426,629.6615,
3720,350.4881,,,,166.5732,,,,,,,,,,,,
3721,,,,,,293.3939,,,,,,,,,,,
3724,9165.664,,,2757.896,5004.3774,,,,,,,,,,,,
3725,,,,,,4820.0735,5187.2871,5245.1465,,,2501.0543,,1712.5083,,,,
3728,534.119,,,,262.5256,,,,,,,,,,,,
3734,,,,,,175.7917,192.7708,199.7406,,,98.6619,,,,,,
3737,,,,,,1180.8275,1318.7926,1465.8666,739.4728,,,,,,,,
3741,,,,,,,,749.02,1576.3024,,,,,,,,
3742,,1338.3081,1670.9431,,,,,,,,,,,,,,
3745,256.0861,,,,,,,,,,,,,,,,
3748,150.3167,,,,121.6956,,,,,,,,,,,,
3750,1829.0319,,,,1090.647,,,,,,,,,,,,
3751,1800.1523,,,,1183.1697,,,,,,,,,,,,
3755,,,,,,435.7418,545.2839,746.6705,,,,,,,,448.6674,
3758,,,,,,,,,,,365.3472,,,,,,
3760,684.4833,,,,420.449,,,,,,,,,,,,
3763,,,,,,326.8246,,,,,,,,,,,
3766,,,,,,1286.0032,6160.1271,2348.6599,,1014.3719,4988.6355,866.8582,,970.2842,12165.3805,15740.5668,
3767,,,,,,,314.569,,,,,,,,213.7136,,
3770,,,,,,,117.3094,,,,173.165,,,,,,
3772,,,,,,181.473,1120.7874,435.4765,,,862.9415,,,,2306.3995,,
3773,,,,,,,,,,,,172.2989,,,,,
3775,,,292.413,,,,,,,,,,,,,,
3777,,,116.3061,,,,,,,,,,,,,,
3778,144087.28,14199.111,1854.3389,41047.5045,68273.68,,,,,,,,,,,,
3782,,,,,,953.1798,904.0392,997.1202,,,348.7709,,,474.0794,,,
3786,,,,,,1641.2245,,,,,,,,,,,
3787,,,,,,,,,,,,,,,,,74.3951
3790,,,,,,,,,,,,,,,,283.691,
3791,231.8913,,,,,,,,,,,,,,,,
3793,12209.692,,,3464.03,5887.551,,,,,,,,,,,,
3795,,,,,,1300.9796,1906.159,,,773.7094,,1787.0558,,,,2045.8905,
3804,,,,,,,,,,,185.8591,,,,,,
3808,894.6523,,,,661.5424,,,,,,,,,,,,
3809,5622.1655,614.9307,103.2896,1279.1502,3220.8093,,,,,,,,,,,,
3813,,,,,36.001,,,,,,,,,,,,
3815,5155.272,,,1167.1884,2797.316,,,,,,,,,,,,
3818,,,,,,,,,,417.5366,,,,,,,
3823,,,,,,,,,,,,,,,,,
3824,,,,48.9738,144.7953,,,,,,,,,,,,
3826,1890.1002,167.8966,,323.4341,978.496,,,,,,,,,,,,
3834,456.9843,,,,240.3109,,,,,,,,,,,,
3838,,,,,,,,,,,,,,,,1114.0861,
3842,,,,,835.2963,,,,,,,,,822.227,,,
3843,,,,,,,,139.0031,,,,,,140.5541,131.0922,,
3846,,,,,,,,,,,556.0276,,,1434.3708,1231.91,1330.4011,
3847,,,,,,,,,,,879.207,,,,,,
3848,,,283.7832,,,,,,,,,,,,,,
3850,,,,,,,688.9637,386.0725,,,492.2882,,,,660.2772,506.3287,
3852,,14459.478,19177.355,,5772.961,,,,,,,,,,,,
3854,,,,,,,1136.1485,,,,,,,,,,
3857,,,,,,179.8507,,393.8523,,,,,,,,,
3858,,3902.1638,5001.6174,,1524.1829,,,,,,,,,,,,
3863,202428.64,21194.281,2485.0007,57805.2852,115305.336,,,,,,,,,,,,
3864,,,,,301.2465,,,,,,,,,,,,
3865,2134.639,365.8713,,,1469.759,,,,,,,,,,,,
3866,,,,,,,,,,,,,,,,,
3870,,,,,,6562.0473,6723.7147,6906.7122,,,2821.1416,,,,,,
3872,,,,,,,823.1695,,,,,,,,,,
3876,94.9403,138.9958,,,,,,,,,,,,,,,
3878,,,,,,,,,,,,,,,,169.7627,
3879,594.1116,,,288.9974,371.3401,,,,,,,,,,,,
3880,148.2904,,,,,,,,,,,,,,,,
3883,17977.68,2621.5615,,5642.2331,11009.066,,,,,,,,,,,,
3884,1952.1487,,,,1113.8541,,,,,,,,,,,,
3886,,,769.1371,,,,,,,,,,,,,,
3889,,,,,,,,,,,,,,279.8331,,,
3892,5620.3755,599.0955,,1258.1623,3093.185,,,,,,,,,,,,
3894,521.9541,,,,,334.4165,,,,,,,,,,,
3895,376.6016,,,73.6778,,,,,,,,,,,,,
3898,1269.7917,,,,705.1888,1795.4562,2636.583,3905.8088,805.5477,467.7445,676.0412,608.2273,427.2514,418.3661,548.6663,2463.4817,
3902,,,,,,,551.3341,442.8591,,,,,,,,,
3903,,,,,,,,,,,185.1106,,,,,,
3906,,259.8339,245.3987,255.0016,,,,,,,,,,,,,
3908,,,,,,915.2904,4827.904,1838.9066,,,4054.4942,750.4865,,824.8657,10431.1667,13350.75,
3911,,,284.0872,,,385.4719,,408.0753,,,468.9469,407.5366,,473.8722,,533.7635,
3918,170.0642,,,,79.886,,,,,,,,,,,100.4402,
3920,,,,,,,,,,,,,,,,223.6812,
3926,511.1521,,,201.7542,294.8769,,,,,,,,,,,,
3928,,100.8549,,,,,,,,,,,,,,,
3932,,,,,,261.4872,,,,,,,,,,,
3939,82.0859,,,,,,,,,,,,,,,,
3940,,,,,,,803.9462,,,,748.2082,,,,577.0929,868.613,
3942,,,,,,,1495.7825,,,,,,,,1497.994,1784.2859,
3944,,,,,,528.2825,,976.1489,,,,,,,,1308.4163,
3947,,,,,,,,585.7126,965.4661,,,,,,,,
3949,,,,,,596.9575,714.0647,760.8105,,,1119.9914,903.5922,,820.0293,736.8918,855.4087,
3954,,,,,,,868.6567,263.5576,,,983.9555,297.0563,,,713.382,581.601,
3960,,,,,,,,,,,,,,,,,
3964,,165.3837,,,,,,,,,,,,,,,
3965,,,,,,,,,,259.9469,317.8965,,,,,,
3966,,,,,,,,,,,360.1471,277.1242,,,,,
3967,,,,,147.277,,,,,,,,,,,,
3971,,,,,,,855.1766,719.6297,,,,,,401.7511,,394.4812,
3974,,,1291.684,,,,,,,,,,,,,,
3975,558.622,,,,296.7086,,,,,,,,,,,,
3980,,,,,53.1428,,,,,,,,,,,,
3985,,,,,,6723.5367,6860.4797,7021.063,,,2894.1073,,,,,,
3988,240.7608,,,,102.6674,,,,,,,,,,,,
3992,,,,,,614.0158,3811.7815,1816.0651,,815.6101,5137.8417,1843.6405,,608.9151,4420.8045,3803.8996,171.9931
3993,,,,,,,592.0538,,,,553.3368,,,,476.8421,,
3997,,,,,,,,,,,,,,,,,
3998,,,,,,,,429.2424,,,1147.567,557.9207,,,,1736.8886,
4003,,,,,,,,,,,,59.6907,,27.8455,,256.2299,
4004,16405.059,1795.5337,227.75,3280.6759,9260.236,,,,,,,,,,,,
4009,1241.1237,,,,,,,,,,,,,,,,
4014,,,,,,6228.192,6437.3623,6703.6798,,,3078.4298,,,,,,
4018,406.9916,,,,,,,,,,,,,,,,
4020,708.7206,104.0398,,158.3895,435.7907,,,,,,,,,,,,
4023,,,,,,,,,,,,,,,144.3785,,
4026,730.0565,,,,,,,,,,,,,,,,
4027,,,,,,249.3322,256.2632,264.7787,,,101.2239,,72.7999,,,,
4028,,,1876.7341,,,3480.7833,3743.5611,3557.4465,1947.8332,2935.9084,3659.8385,3398.4036,,3709.2284,3838.0074,4788.9764,
4029,,,,,,,,595.5386,,,,,,,,,
4031,,,,,,,,643.9594,,,1137.254,557.4707,,,278.1039,1023.5931,
4034,213.9208,,,,74.92,,,,,,,,,,,,
4036,,,,,,906.3185,988.5234,970.7946,,751.5024,947.071,865.5827,,910.292,888.298,1231.766,
4039,,,,,,,,,,,,,,,,,
4041,,,,,,,365.5739,359.9636,,,,326.7923,,408.2131,,,
4042,4830.9004,,,674.9991,2687.3945,,,,,,,,,,,,
4043,,,,,,250.991,312.1351,435.5557,,179.9031,,345.653,192.2756,,157.4957,352.1168,
4044,222005.7,20119.73,2023.6737,55831.5465,112574.21,,,,,,,,,,,,
4045,,,,,,791.8058,1108.6998,1362.8176,296.6252,,,,,,,750.4891,
4046,,,,,,,,,,,,,,,,,
4052,,,,,,,487.3065,186.507,,,369.6504,,,,275.8241,518.6796,
4053,,,,,,,,,,,4472.8942,3698.979,,3321.7783,,,
4054,,,,,,,,217.9154,,,,,,,,,
4055,,,,,,,,,,,653.3109,,,,,,
4056,,,,,,,1258.4239,,,468.1944,,,,953.0979,792.145,717.9062,
4062,,,,,,,2159.6001,,,,1601.0518,1917.9239,,1965.4851,1976.9921,,
4063,,,,,,895.3342,1011.8568,1013.2937,423.8218,839.0502,1534.7109,1240.8052,,1099.6216,1001.1907,1284.1803,
4065,,,,,,,,1110.265,,,1563.9351,,,,,,
4067,,,,,,,,,,,,,,,403.2244,,
4070,,,,,,,490.2185,,,,,,,,,,
4072,,,,,,,225.0323,231.1427,,,352.0095,,,,,,
4074,19386.967,1640.551,,3880.3922,10021.401,,,,,,,,,,,,
4075,,,,,,,,,187.4338,,,,,,,,
4076,,,,,,,,,,,369.1818,,,,,,
4077,5148.812,418.689,,802.8776,2222.8818,,,,,,,,,,,,
4081,,,,,,440.3051,2771.0082,1275.7373,415.176,696.3194,2182.9285,971.6504,,817.4285,1898.7827,2768.1908,556.7298
4084,1563.5994,,,263.471,800.4246,,,,,,,,,,,,
4085,,,,,267.9097,,,,,,,,,,,,
4086,,,,,,,187.4675,,,,212.6381,,,,164.6862,394.8238,
4087,,,,,95.5842,,,,,,,,,,,,
4089,,,,,,,,354.6134,,,,,,428.7914,,,
4090,,,,,84.0471,,,,,,,,,,,,
4091,,600.9703,811.1014,,335.4888,,,,,,,,,,,,
4095,,110.9221,123.9009,,,,,,,,,,,,,,
4099,5742.0063,,,,2866.261,,,,,,,,,,,,
4104,5159.426,,,1029.42,2613.5376,,,,,,,,,,,,
4107,,,,,,,,,211.6754,,,,,,,,
4108,,,,,,320.087,411.0633,405.4927,226.7996,317.6202,,,,436.5333,478.9173,586.1898,
4110,,,,,,,,,,219.7807,1537.7881,,,,,708.6024,
4112,161.9782,,,,,,,,,,,,,,,,
4115,,,,,,,,,,,452.7705,128.1679,,,,182.0571,
4116,,410.2588,357.5177,,,,,,,,,,,,,,
4118,3786.318,,,,2198.476,,,,,,,,,,,,
4119,224735.94,19886.527,2226.6477,57132.804,112450.805,,,,,,,,,,,,
4121,,,881.5948,,,,,,,,,,,,,,
4124,,,,,,,317.1401,,,,,,,,,,
4126,,,,,34.4986,,,,,,,,,,,,
4127,,,,,,,,358.1236,,,,257.416,,,,410.0575,
4128,,,214.2596,,,,,,,,,,,,,,
4131,,,,,,,196.5137,,,,203.4753,,,,,,
4132,1192.5713,,,,765.3168,,,,,,,,,,,,
4134,,,,,,2158.9915,2665.1219,2236.0802,,,2281.811,1997.7182,,1975.8142,2351.745,3264.2223,
4135,791.0508,,,,,,,,,,,,,,,,
4136,,,,,,,,,,,,,,,318.6338,,
4139,341.6721,,,72.536,204.9366,,,,,,,,,,,,
4140,8039.3604,896.3577,153.9698,2789.6314,4751.4473,,,,,,119.8756,,,,,,
4143,,,,,,929.2206,1231.9428,1733.7803,377.2827,176.5314,287.2483,274.461,,,,721.53,
4145,,,,,,,,2778.2994,,,4004.9401,3391.4198,,,,3361.4682,
4147,,,,,,,,891.1364,,,876.7326,,,645.9522,,,
4148,1005.9039,,,,,,,,,,,,,,,,
4149,,,,,,5356.7971,5508.2068,5572.0041,,,,,,,,,
4150,,,,,,227.4336,,,,,,,,,475.271,,
4152,,,,,,,,,,,294.1966,,,,,,
4156,,,,,,,203.0568,239.7611,,,190.8882,,,,,162.5066,
4160,,,,,,,2029.7652,2174.0752,1020.9344,1190.5216,3208.0057,2270.9668,,913.4142,1116.8613,3809.6256,506.7456
4162,,,,18540.702,16251.9212,,,,,,,,,,,,
4163,,,,,,,,,,,273.8035,,,,,,
4169,515.474,,,,,,,,,,,,,,,,
4172,,,,,,2854.0383,4099.724,5723.1251,1044.7362,655.1358,960.208,964.0631,576.5636,,,2811.3324,
4173,,,,,,,,,,,188.8501,,,,,,
4174,,,,,,,,,,,146.1019,236.2727,,,,,
4176,,,,,,770.5799,964.7157,1563.4394,303.0252,141.0335,221.3173,154.3843,166.0159,,,704.1582,
4177,,,,,,,511.6336,251.8386,,,,,,,,,
4181,,,470.5413,,,,,,,,,,,,,,
4188,6778.843,613.7087,,2032.9746,3654.6375,,,,,,,,,,,,
4193,,,,,,,382.777,,,,,,,,,,
4197,546.4522,65.4083,,161.1553,274.6551,,,,,,,,,,,,
4201,,,851.2453,,,,,,,,,,,,,,
4205,,,,,,,645.5162,223.9907,,,240.1545,,,,686.0776,275.9998,
4208,,,,,,,,,,,,,,,,,
4210,,,,,,,509.9404,,,,619.6192,,,,566.1537,532.6853,
4212,,,,,,281.6598,,435.647,,,,,,295.406,237.0211,399.1518,
4214,23492.043,,266.2848,4158.233,12791.538,,,,,,,,,,,,
4216,,,,,,,,,,,,,,380.1525,,,
4218,397.1555,,,,216.3715,,,,,,,,,,,,
4219,,,,,,,,,,,,,,216.8624,,,
4220,,,,,,,,,,,1231.4693,,,,,,
4221,,,,,299.8966,,,,,,,,,,,,
4222,108.9564,,,,,,,,,,,,,,,,
4223,12339.668,1502.8878,,3058.4199,7372.217,,,,,,,,,,,,
4226,,,,,,,,,,,,,197.6074,,,,
4228,,,,,,8084.3797,8252.4002,8327.6198,,,3724.5941,,,,,,
4233,,,,,,439.1731,3162.937,1451.0273,,417.5105,4146.0872,1285.9753,,702.3936,4345.2054,4256.2608,
4234,,,,,,,,343.6076,,,369.867,,,,538.1338,763.0614,
4246,1024.5481,,,,485.5331,,,,,,,,,,,,
4250,1089.2803,,,,,,,,,,,,,,,,
4252,,,,,,5820.2606,5959.5811,6197.5417,,,2977.4998,,,,,,
4254,177.6944,,,,75.8994,,,,,,,,,,,,
4257,,,,,,170.8738,221.901,280.0202,,192.435,,356.7936,,178.1307,,,
4259,,,,,,,,382.3489,147.5714,,,,,,,,
4262,,,,,,,,,,,,193.0367,,,,861.4019,
4266,,,,,,586.1365,655.9432,,,,,,,,,626.2998,366.8448
4268,,,,,,,190.8719,211.7102,,162.5601,284.5218,237.5103,,211.8688,,,
4270,,,,,,,,,,,352.8322,,272.4538,,200.2069,,
4271,,,,,,883.1549,1004.1222,1466.7851,287.6279,,,,,,,717.0053,
4273,,,,,,,,,,,,225.9162,,,,,
4274,,,,,,,,,,,,,,191.2791,,,
4282,,,,,,,,,,,,,,,,,
4284,,,,,,,,,,,,,,,,,
4289,,,,,,,,,,,,,,74.1119,,,
4290,42.8329,,,,,,,,,,,,,,,,
4294,4794.1475,,,,3837.9705,,,,,,,,,,,,
4296,9210.764,,,,,,,,,,,,,,,,
4297,48309.195,6362.3154,,11586.8637,28950.414,,,,,,,,,,,,
4300,1870.8047,,,,1504.037,,,,,,,,,,,,
4301,,,,,,,,,,,,,,2104.7961,,,
4306,,,,,,,277.4706,,,,,,,,,,
4307,,,,,106.656,,,,,,,,,,,,
4308,,,,,,,,446.5861,,,,,,,,,
4313,201.4254,,,,,,,,,,,,,,,,
4314,36.0072,,,,,,,,,,,,,,,,
4316,,,,,,,663.0525,251.8215,,,553.5799,,,,331.4252,711.9598,
4318,6038.093,687.8459,,1174.0945,3677.383,,,,,,,,,,,,
4321,88.1567,,,,,,,,,,,,,,,,
4322,,,,,,5083.3263,7668.7242,7407.3871,,3774.3438,9668.8627,4858.3749,,6636.932,7374.1227,8529.9957,
4323,,,,,,1610.8249,2312.7169,3331.3389,589.361,296.7635,466.9652,394.758,286.4424,,,1280.4783,
4324,501.7598,65.1696,,90.5322,307.9858,,,,,,,,,,,,
4325,,,,,,,3159.2161,3169.1662,,,,,,,,,
4327,,,,,,,,,,,,,,,,741.9691,
4328,,,,,,,521.5801,,,,,,,439.1156,478.1455,,
4330,,,105.0401,,,,,230.4516,,,253.8309,310.5594,226.3067,,144.7133,,
4331,,,,,,,,,,,142.3564,,,,,,
4332,,,,,,,844.9599,,,,,,,,,,
4333,,,,,,,,,,,,305.1384,,,,,
4335,,,,,,,1654.5337,,,,1336.0794,,,,1086.6728,2286.2925,227.0174
4336,,,,,,,,,,,113.3646,,,,,,
4338,,,,,,,,,,,201.8489,,,,,285.2232,
4342,,,,,,3407.7093,4797.5762,7114.4041,1134.3155,485.992,997.3893,827.0184,505.6039,,,2853.8996,
4344,,,,,,986.0853,1334.0461,2024.0675,386.2249,185.2066,253.6568,262.8547,212.5642,,,663.0191,
4345,,,,,,,419.0714,243.2666,,,,,,,,,
4346,,,,,,1056.267,,1941.3982,,,,,,1657.471,1394.1699,,
4349,,,,,,364.587,353.7339,661.9777,,,,,,,467.0563,254.5285,
4361,99.4019,,,,136.1165,,,,,,,,,,,,
4363,,,,,,202.4798,581.3897,483.1026,,,653.5138,476.6502,,135.9056,,907.7249,
4368,,,,,,,,,,,246.6601,,,,,,
4369,2401.7646,,,,1882.7434,,,,,,,,,,,,
4371,,,,,,,624.0175,270.0612,,,838.0546,,,,1169.9327,939.1412,
4372,8152.2085,1392.8917,,3404.0752,5391.63,,,,,,,,,,,,
4374,,,,,,,,,,,229.3976,,,,203.4144,,
4376,992.8351,,,,750.6516,,,,,,,,,,,,
4378,,,,,,,,,,,,,,,,,
4379,231.2818,,,,199.8017,,,,,,,,,,,,
4380,,,,,,,,,,,1019.2711,,,,,,
4381,380.0933,,,,,,,,,,,,,,,,
4382,,,,,,,,,,,,,,,,306.634,
4383,,,,,,736.3142,1826.2817,1723.295,822.176,,2463.4677,1809.2192,,,1341.4615,3169.8155,
4384,65.2933,,,,,,,,,,,,,,,,
4385,,,,,,127.8699,244.7728,,92.1282,,,,,,210.4123,513.3408,
4386,,,,,,5565.5709,5665.4644,5796.9682,,,,,,,,,
4388,,,,,,,567.3239,,,,,147.3872,,,601.9166,754.6099,
4389,,,,,,,1570.3645,638.7554,,,1936.3368,,,282.0561,2930.3431,2314.8337,
4390,,,,,,,,,,,,,,,378.7243,,
4391,,,,,,,206.665,263.6718,,,,,,,,,
4392,,,,,,,,,,,,,,933.7479,,,
4395,2093.3933,,,,1417.5074,,,,,,,,,,,,
4399,,,,,,,,138.218,,,,,,,,,
4400,,,,,,,,,,,,,,786.8823,,,
4401,193.0856,32.0496,,,116.7766,,,,,,,,,,,,
4405,,,,,,,,,,,306.8611,139.4467,,,,,
4407,,,,,,,158.8614,165.3534,,192.3338,224.6665,266.3383,193.1838,,,,
4412,,,,,,,,,,250.7739,501.7984,281.9471,,,,,
4415,856.8577,,,,,,,,,,,,,,,,
4418,,,,,,,1036.0412,1427.1516,,,197.3426,182.002,158.2599,,,650.0837,
4419,,,,,,151.5756,170.0581,,,,,,,,,,84.2778
4420,,,,,,215.9125,317.7836,379.2651,,,,,,,,166.9264,
4421,,,,,185.9714,,,,,,,,,,,,
4426,,,,,,538.6339,1213.2687,920.4045,430.6931,1067.7921,1971.6814,1085.6305,,,,727.9332,
4429,226.9586,,,,228.7441,234.1135,,,,,,289.1722,,,,,
4430,,448.8181,572.2805,,,,,,,,,,,,,,
4433,,,,,,,127.9587,150.3243,125.4772,,,,,,,,
4434,,334.6621,424.681,,,,,,,,,,,,,,
4437,146.7056,,,,102.1221,,,,,,,,,,,,
4439,,,103.0448,,,,,,,,,,,,,,
4443,,,,,,,,296.6447,,,,,,574.4375,445.1564,1652.2341,
4446,,,,,,,,,,,72.8838,,,180.019,,492.3236,
4448,243.8881,,,,292.8518,,,,,,,,,,,,
4457,4603.611,,,,2472.2097,,,,,,,,,,,,
4460,,,,,,,,171.2118,,,363.2348,,,,,497.8612,
4461,,,,,,,256.8092,,,,,307.2131,,,,295.3651,
4462,,,,,,,,,,,,,,,,,
4463,1649.5885,161.232,,,903.861,,,,,,,,,,,,
4464,,,,,,,,,,,,,,1571.9526,,,
4467,335.7862,27.1654,,29.6483,187.0313,,,,,,,,,,,,
4468,,,,,,,100.8578,109.1485,,,,,,,,,
4469,,,,,,,,,,,198.6782,,,,,145.1985,
4473,651.8729,,,,,,,,,,,,,,,,
4476,,,,,,2875.1386,4124.1818,5722.2582,830.0674,466.9997,806.9823,695.2859,355.79,188.3357,,2317.2813,
4477,,49.743,,,,,,,,,,,,,,,
4478,,1510.9221,9638.1111,,,,,,,,,,,,,,
4483,,,56.1821,,,,,,,,,,,,,,
4484,,,,,,861.1305,983.672,1669.8785,,194.7555,296.8513,301.0161,157.4054,,,577.8994,
4485,,451.4174,,,,,,,,,,,,,,,
4487,,,,,,,,,,,156.8152,,160.7457,,,,147.9659
4494,,,,,,,,,,,,,,,,,
4496,,,,,,3371.6476,4734.5301,6407.5816,1215.4167,817.0316,931.1305,1057.7653,689.8863,,,3159.9632,
4498,,382.2011,528.2077,,,,,,,,,,,,,,
4499,,,,,,1059.1689,1386.6597,1894.5057,254.5301,,347.9112,,234.3721,,,941.1535,
4504,,,,,,,,237.3645,,,345.5094,,,,,475.9163,
4509,,,,,,,,,,,1850.7119,,,,,,
4510,175.2021,595.2859,,,254.3138,,,,208.9426,,,,,255.8112,,,
4511,,,,,,,,,,,,,,,,,
4512,,,,,,,,,,,,,,,,,
4513,,,,,,475.5763,622.1321,,,,,,,,,107.1139,
4516,,,,,,,,583.4917,,480.1348,869.9179,,,,,680.114,
4517,4490.352,,,1395.3547,2990.1968,,,,,,,,,,,,
4518,,,,,,,693.6991,262.4467,,,566.6113,,,,,703.6459,
4522,6020.002,482.4508,,,2871.133,,,,,,,,,,,,
4523,,,,,,,,194.8978,,,323.5102,259.2945,,,,250.6626,
4524,,,,,,,717.2535,,,,,,,,1384.8646,988.8189,
4528,,,,,,128.5581,,,113.9123,135.0401,,,,,,,
4529,921.5012,,,,,,,,,,,,,,,,
4530,,,,,,,,242.3743,,,,313.5552,,,350.2627,375.8949,
4531,,,,,,325.7621,1086.1109,505.2327,,,1147.907,361.365,,,713.6719,1517.3043,
4533,,,,,,4028.7662,4084.8751,4239.8749,,,2430.5951,,,,,,
4535,,,,,,,1017.6601,390.8332,,,1079.5094,,,,2081.321,1647.2687,
4536,,,,,,1046.9554,1060.5953,1101.3873,,,633.029,268.9555,,,,,
4537,,,,,,,,,,,,,,,,,
4543,,156.4995,,,,,,,,,,,,,,,
4544,,,,,,,,,,,,,,,,,
4545,,,,,,,,196.7794,,,,,,,,,
4546,,,,,,2396.4167,,,,,,,,,,,
4549,,,,,,,669.8768,658.4313,,,428.9455,,166.1896,,,,
4553,,,,251.3947,,,,,,,,,,,,,
4554,,,,,,,,,,,,,,,,,
4561,,,,,,205.3547,813.201,626.4757,,257.7678,939.5256,565.908,,166.9087,411.2069,1138.958,
4563,,,,,,,,,,,2079.6182,,,,,,
4564,4706.7686,,,,2239.7583,,,,,,,,,,,,
4566,,,,,,604.4143,815.9994,1160.7522,,,174.684,,,,,473.0937,
4567,,,,,,171.4111,253.7915,412.0206,,,,,,,,138.2493,
4572,,,,,,,,,,,,161.7321,,,,,
4573,,,,,,,,,,601.2136,1247.5977,830.8261,,,,,
4574,,,,,,520.9929,1629.7493,1396.777,487.3763,732.1067,2131.6445,1275.6648,,474.2757,1097.0368,2565.6408,
4576,,,,,,,232.4109,,,,,,,,,,
4577,1593.5422,,,,,,,,,,,,,,,,
4578,,,,,,,,,,194.52,,,,,,,
4579,,,,,,,,198.7293,66.956,,460.9457,224.0122,,,,498.9462,
4586,766.9835,,,,,,,,,,,,,,,,
4594,,,,,,250.4214,524.7249,422.9298,180.2608,506.7984,1036.6632,635.2312,,,,361.4723,
4596,709.5451,,,,,,,,,,,,,,,,
4601,,,,,,,,,,,,,,,,264.8811,
4602,,,,,,,133.0705,,,,,,,,,,
4603,,,,,,3965.2242,5430.5088,7612.9728,1303.654,757.2004,1126.6637,1094.6193,677.8509,,,3191.5421,
4605,,,,,,478.8583,940.5646,817.1941,399.5446,982.8676,1889.097,1229.5436,,,398.5174,774.034,
4607,,,,,,,,287.7177,,,,,,,,,
4613,,,,,,,399.0028,553.0291,,,,,,,,,
4616,,,,,,,,,,,,,,,,,
4617,,,,,,3399.9054,4571.5565,6524.1527,1116.5477,742.66,1119.8561,1115.1277,667.7294,445.4577,,3421.5748,
4619,,,,,,1085.6516,1483.7968,2099.6147,373.9874,228.3573,373.3335,289.0236,275.7135,,,1067.7979,
4623,418.1236,,,,,,,,,,,,,,,,
4624,,,,,,,,,,,,,,,,,
4625,2171.269,,,,,,,,,,,,,,,,
4626,,,,,,,,,,,,,,,,,
4627,827.8624,,,,443.1693,,,,,,,,,,,,
4631,,,,,,,760.746,,,,510.2148,,,,1391.5439,1053.7324,
4632,,,,,,,171.0071,211.3675,,,,,,,,,
4635,,,,,,,173.0722,,,,147.3017,,,222.0169,234.6527,301.3888,
4636,,,,,,,,,,,144.8336,,,,482.3451,,
4639,,,,,,2372.3892,2541.3979,2587.9011,,,1916.064,,,,482.7128,755.3846,
4641,,,,,,,,,,,177.2135,,,,,,
4642,,,,,,,764.6396,259.2332,,,550.6664,,,,1600.8643,1234.4492,
4643,,,,,,682.5052,700.4938,734.5509,,73.8227,502.4527,182.6477,107.9092,42.6788,60.8706,143.2538,
4648,,,,,,,,,,,,138.2759,,,,261.1332,
4649,,,,,,,191.4708,228.3933,,,,,,,,,
4654,,,,,,,161.802,,,,,,,,,564.0791,
4657,,,,,,,,,,,282.4055,,,,,,
4659,,,,,,,456.3499,251.1713,,,470.5761,,,,,606.7723,
4660,254.8353,,,,,,,,,,,,,,,,
4662,,,,,,537.1329,692.1291,1029.8898,,,,,,,,531.3003,
4663,,,,,,177.8915,210.9465,296.6747,,,,,,,,,
4667,,,,,,,,,,,,,,,,139.2278,
4670,,,,,,,439.2196,,,,529.6504,244.456,,,,,
4671,,,,,,231.9446,999.3803,,,,896.4642,223.198,,,601.1298,1185.0995,
4673,,,,,,,,,,,,,,,,120.4875,
4674,,,,,,,155.3534,187.1937,,,142.0456,,,221.9886,,274.2411,
4677,,,,,,,,,,,,,,,,210.7056,
4678,2714.478,,,,,,,,,,,,,,,,
4679,,,,,,274.0668,306.6596,372.3132,,,,,,,,,
4680,,,,,,,,,,,,,,,61.305,,
4682,1015.6958,,,,,,,,,,,,,,,,
4686,,,,,,,,,,,199.4903,,,347.0178,,490.2698,
4697,,,,,,,,,,245.7189,745.9209,386.3331,,,,,
4698,,,,,,303.8095,939.2089,723.4411,,,1023.7549,652.2659,,,518.6766,1351.4329,
4702,,,,,,,,,,,256.2563,,,,169.1118,,
4703,,,,,,,,,,,,,,,,,
4705,,,,,,88.0855,,99.8745,,,,,,,,,
4710,1211.4916,,,,,,,,,,,,,,,,
4711,,,,,,4097.3639,5476.5015,7768.0279,1186.0207,740.8852,1201.067,1188.1257,732.4089,309.4976,260.0266,3444.88,
4713,,,,,,,,,,813.1945,1781.7907,,,,170.0375,461.9169,
4714,,,,,,,,,,,,,,,,182.5047,
4715,,,,,,637.8665,1492.5597,1195.2317,315.9523,595.2755,1960.7706,1263.0258,,588.5422,1141.4643,2482.0275,
4716,,,,,,1460.1162,2092.9438,2778.9846,406.859,315.551,432.9206,328.483,,,,1254.1915,
4717,,,,,,1045.8675,1159.2379,2741.3314,402.7305,,,,,1168.9759,980.422,367.4225,
4718,,,,,,318.4349,403.2113,542.9872,,,,,,,,242.79,
4720,,,450.8276,,,,,,,,,,,,,,
4721,4278.488,,,,1835.1143,,,,,,,,,,,,
4723,,,,,104.0635,,,,,,,,,,,,
4724,,,,,,3023.5612,4379.1521,6166.9529,1036.0844,743.1174,1230.682,1159.3583,670.409,405.1821,,3173.4588,
4727,,,,,,1125.7239,1521.7459,2230.37,283.7401,208.15,426.5996,406.7904,272.7364,,,1126.4263,
4728,,,,,,,,,,,,,,,,280.6866,
4730,,,,,,,,,,,,187.0208,,,,,
4732,,369.3429,399.8368,,,,,,,,,,,,,,
4734,1124.0037,,,,958.2123,,,,,,,,,,,,
4736,,,368.9048,,,,,,,,,,,,,,
4738,,,,,,,415.0787,492.7352,,600.4599,1269.5537,785.3712,,168.8561,219.0128,388.1768,
4744,,,,,,,,,,,251.6691,,,,929.9341,654.7149,
4745,,,,,,,,241.331,,,,,,,,,
4747,,,,,,397.7211,857.0562,786.34,380.0347,1005.4524,2146.8578,1264.4546,,405.7546,431.0546,882.3749,
4750,,,,,,,,,,89.6677,,,,,,,
4753,,,,,,,,,,,,,,,,,
4754,,,,,,1161.653,1256.8626,1297.2603,,,1206.9916,,,,,,
4755,,,,,,,,,,,334.8522,,,,222.7546,,
4756,1636.4423,,,,,,,,,,,,,,,,
4758,,,,,,,394.9847,,,,287.6788,,,,960.574,745.0967,
4760,153.092,,,,,,,,,,,,,,,,
4761,,,,,,,117.1284,,,,,,,,,,
4763,,,,,,,,,,,228.496,,,,,,
4767,,,,,,,,,,,,,,340.9072,348.7372,336.0004,
4771,,,,,,715.0084,,,207.3217,124.7898,227.2781,,,871.6309,675.0728,1165.9458,
4772,,,,,,376.3074,495.7009,686.2096,,,,,,,,375.9946,
4774,,,,,,,,,,,,,,,,171.9148,
4781,,,,,123.9086,,,,,,,,,,,,
4783,,,,,,,,,,,,,,,,,
4788,,,,,,,,,,,,,,,,335.0309,
4794,,,,,,,,,,,198.1497,,,,,,
4796,,,,,,,272.0852,,,,267.2274,,,,,356.1226,
4799,,,,,,,170.6706,,,,316.0907,155.4734,,,,234.9715,
4806,,,,,,3092.0681,4285.4363,6108.1628,939.0599,589.7855,1063.124,1062.0005,668.0877,302.656,273.4725,2803.3422,
4809,,,,,,,261.4601,,,,439.2233,,,,,,
4810,,,,,,,515.0277,,,,473.9741,,,,259.3387,682.6487,
4811,,,,,,1297.8226,1738.7135,2507.7532,415.0859,,549.5386,544.4465,366.6729,,,1228.2491,
4812,167.823,,,,344.538,,,,,,,,,,,,
4814,,,,,,,,547.8737,,65.1454,,,,,,,
4817,,,,,,2552.1621,3568.0922,5080.5194,779.6381,640.1984,1047.6873,1113.1376,635.6907,,,2811.5041,
4819,,,,,,933.0805,1276.0643,1821.2134,303.7399,249.4665,381.0542,429.5585,216.6624,,,986.6013,
4822,,,,,,,,,,,170.1825,,,,,,
4823,,,,,,198.5118,305.9585,449.0542,,,73.4907,,,,,198.2052,
4826,,,,,,,,,,245.0314,562.2538,,,,,,
4827,,,,,,,736.8042,580.4606,,,823.5943,489.2332,,,,1114.5082,
4833,,,,,,,,,,,,,,,295.9891,,
4834,,,,,,,,192.9415,,,,,,,,,
4835,,,,,,,172.4365,,,631.8477,1437.7179,820.2272,,,,,
4836,,,,,,383.7619,1031.2726,979.8777,247.9142,382.2147,1469.3815,892.3979,,445.8178,798.3177,2082.5558,
4839,,,,,,,,,,88.926,393.1999,,,,171.201,540.4131,
4841,,,,,,,163.302,,,,297.3888,146.5303,,,,215.209,
4843,,,,,,,,,,,,,,,336.6937,239.4035,
4845,,,,,,,,,,,,,,,,206.9228,
4846,,,,,,,,136.4852,,,,,,,,,
4847,,,,,,,,,,,171.8338,,,,,,
4849,,,,,,,385.9488,334.1912,,450.6382,975.726,590.6182,,,,328.7962,
4853,,,,,,,,121.1842,,107.9375,364.2582,,,,,120.1018,
4859,,,,,,257.7876,,500.5707,,,,,,,,290.2801,
4861,,,,,,296.9018,661.5709,531.6806,,787.3604,1604.02,962.1851,,,289.4414,623.2615,
4873,,,,,,,,,,,254.8416,,,,,204.0216,
4877,,,,,,2264.0269,3220.1666,4546.8441,676.9374,509.7376,886.8936,940.6149,553.0246,296.3465,271.0895,2163.7361,
4880,,,,,,,213.9133,484.596,,,,,,,,,
4885,,,,,,1897.7121,2660.2363,3824.14,614.1847,540.0345,914.8017,958.4661,574.1101,,,2339.5886,
4886,,,,,,812.8038,1079.4993,1537.7679,328.549,271.8042,422.7446,439.6615,300.4288,,205.6859,945.1232,
4889,,,,,,,,,,,,,,,,198.071,
4892,,,,,,,210.1341,,,,319.7887,,,,,300.2035,
4893,,,,,,,,,,,194.7094,,,,,419.3875,
4898,,,,,245.6739,,,,,,,,,,,,
4900,,,,,,,107.1641,,,,205.407,,,,,,
4903,,,,,,,,,,,152.8557,,,,,,
4904,,,,,,,,,,,504.959,,,,,,
4905,,,,,,,561.1404,414.1245,,,571.9626,335.5075,,,,952.7101,
4906,,,109.1274,,,,,,,,,,,,,,
4908,,,,,,,,119.1481,,,147.324,,,,,,
4910,,,,,,,,600.5735,,,341.5936,169.186,,700.6257,593.0489,690.7785,
4915,,,,,,161.4975,,331.9006,,,,,,,,,
4916,,,,,,154.3931,,,,,,,,205.1852,163.9196,243.0439,
4918,,,,,,,,,,501.8219,1123.2036,675.2891,,,,,
4919,,,,,,322.3904,942.9051,746.2896,,287.0969,1088.6552,718.6565,,286.9578,655.6746,1955.7167,
4921,,,,,,,216.7908,181.6465,,,,173.357,,,144.0413,693.0533,
4925,,,,,,,298.3508,,,352.3125,771.3235,449.4517,,,,,
4928,,,,,,953.317,1067.5471,1991.7567,202.5127,,,,,556.1294,445.6994,,
4932,,,,,,,538.9343,1015.7329,91.6765,,,,,271.2223,,,
4934,,,,,,261.4692,484.2456,424.8941,,557.9491,1183.5696,684.7593,,,,487.6416,
4936,,,,,,1641.0211,2225.9221,3235.7587,518.0037,471.1956,797.6967,976.0982,540.3944,,,1648.1776,
4938,,,,,,660.2518,998.7365,1413.2611,,,,435.1276,301.524,,,748.9324,
4940,,,,,,211.9051,246.3284,322.2372,,,77.3726,,,,,,
4943,,,,,,,,,,,,,,,,,
4944,258.0836,,,,,,,,,,,,,,,,
4945,,,,,,1357.2498,1919.2491,2741.0419,444.0826,490.2567,724.5087,922.5741,523.1694,339.3025,343.8717,1718.2682,
4947,,,,,,,,,,,131.2307,,,,,,
4949,,,,,284.7454,,,,,,,,,,,,
4950,,,,,,,,,,,,127.053,,,,,
4953,,,,,,,,,,,296.4526,,,,,275.1384,
4956,,,,,,,320.1092,327.9245,,,489.2328,263.2647,,,,793.1567,
4958,190.5781,,,,85.4225,,,,,,,,,,,,
4959,,,,,,,,,,334.5371,786.4189,470.6744,,,,,
4960,,,,,,,694.9057,527.9965,,157.5999,939.1262,483.5224,,,480.947,1489.4937,
4961,,,,,,,216.4315,156.0814,,,,146.143,,,130.9785,547.9833,
4962,,,,,,1145.3215,1590.1793,2219.3403,,,752.4635,963.9763,540.0956,,,1146.5708,
4964,,,,,,,,308.9129,,,,,,,,,
4965,,,,,,887.5113,1343.5168,1898.9827,,434.9662,707.8587,894.2216,559.5565,,,1196.1204,
4966,,,,,,408.0057,628.323,809.9684,186.5767,,352.9222,438.8501,238.9134,226.7411,,519.7025,
4968,,,,,,131.8017,239.0473,171.1925,,194.5965,576.3086,,,,,200.9342,
4970,,,,,,204.6027,406.1763,360.1706,,402.1887,915.2809,480.574,,152.5574,180.5602,356.0424,
4971,,,,,,,,,,,298.7444,169.7394,,,,140.9895,
4974,,,,,,,93.2119,,,,,,,,,,
4975,,,,,,,,,,,,,,,,215.0646,
4977,,,,,,550.6401,812.6983,1228.3924,173.4197,294.7315,558.6946,804.1875,365.6689,,165.7299,629.9202,144.8777
4978,,,,,,,373.4854,556.7677,,162.7694,250.4581,,,,,318.9744,
4979,,,,,,441.0373,654.6723,926.6652,,,487.7054,717.2422,373.3542,,,649.3432,
4980,,,,,,268.212,350.323,514.425,,188.7488,287.3249,413.9509,,191.0676,123.5654,348.028,
4981,,,,,,,,,,,260.9504,,,,,,
4982,,,,,,,,171.6959,,,337.4133,,,,,595.0362,
4983,,,,,,,,,,165.5459,561.6524,312.2081,,,,,
4984,,,,,,,342.1648,342.9507,,,600.6766,333.7185,,,249.3306,904.7745,
4985,,,,,,,147.8934,,,,191.5655,,,,,,
4987,253.341,,,,,,,,,,,,,,,,
4989,,,,,,,181.7263,157.7865,,,362.7652,,,,,,
4991,,,,,,,,201.2608,,237.0688,667.8196,322.7868,,,,262.5815,
4992,,,,,,,,,,,275.8877,103.3048,,,,,
4996,,,,,,298.6862,383.4678,540.9659,,263.2947,372.2997,579.2442,312.3807,236.6606,,333.13,
4997,,,,,,,237.8832,256.6473,,,208.4852,325.0101,178.8159,,,,
4998,,,,,,234.2519,320.3767,429.0182,,213.3256,344.2668,483.5681,250.6775,223.8345,158.674,330.2591,
4999,,,,,,,168.8047,233.79,,,183.6249,277.2476,154.5447,129.6617,,185.9742,86.2411
5001,,,,,,,,,,,,,,,210.3921,1332.604,
5002,,,,,,,,,,,,,,,,,
5006,,,,,,572.3364,655.853,,,,,,,,,,
5007,108.6221,,,,,,,,,,,,,,,,
5008,,,,,,,,,,,216.5231,,,,,362.41,
5009,,,,,,,,,,,,,,,,,
5010,,,,,,,,,,,296.4293,160.7396,,,,,
5011,,,,,,,206.5902,,,,393.9272,153.4141,,,,619.7236,
5012,,,,,,,,,,,,,,,,301.8931,
5013,,,,,,,,,,,194.2775,,,,,,
5014,,,,,,,,,,,311.4541,,,,,,
5015,,,,,,,,207.8316,,140.6609,216.5009,314.3121,,,,,
5016,,,,,,,,,,,190.444,251.4002,139.3645,,,,
5017,,,,,,,,,,,,139.0423,74.7411,,,,
5021,,,,,,,,,,,,,,,,337.123,
5022,,,,,,,,,,,,,,,,,
5023,2309.592,,,,,,,,,,,,,,,,
5025,,,,,,,,,,,,,,,,170.8976,
5026,,,,,,236.9978,227.072,299.9532,,,347.9895,322.8016,,279.1451,270.6887,300.8269,
5027,4441.3196,,,,,,,,,,,,,,,,
5028,302.348,,,,,,,,,,,,,,,,
5029,,,,,266.3656,,,,,,,333.941,,404.078,,,
5030,1527.6545,,,213.5459,808.9107,,,,,,,,,,,,
5032,394.9439,182.0577,161.2811,253.2895,356.5911,,,,,,,,,,,,
5033,166.6925,,,,,,,,,,,,,,,,
5034,511.5753,3056.3604,3056.2788,3039.5628,2018.6405,1392.7449,1161.0399,998.7728,1377.8657,1032.2454,858.2875,800.9113,,997.5652,1000.8931,770.0155,
5036,,,156.8079,,,711.0984,633.9071,759.0901,,535.7267,925.6421,797.8908,199.6866,748.1306,732.485,797.1783,
5037,1148.0092,,,,659.5486,,,,,,,,,,,,
5038,,,,,,,,87.7805,,,,93.199,,86.3955,,,
5039,,,,,,118.2874,,,,89.1878,159.7109,,,,93.9242,132.6071,
5040,,,,,,812.6698,1295.2406,1321.3177,,,,,,,,,
5041,,,,,,,,,,,,137.4366,,,,,
5042,,,,,,,,,,,,,,,,,
5043,358.4076,636.8349,1087.7582,,443.379,,,,,,,,,,,,
5044,,234.1895,277.9261,222.98,,,,,,,,179.8474,,,,,180.5674
5045,,129.918,172.612,,,830.3922,751.8042,734.2527,,587.4611,1164.2755,946.0004,,540.505,,510.6644,
5046,6038.0604,1289.461,787.3755,2213.9714,3345.6425,1016.2836,922.4115,969.1063,640.8221,805.8796,1019.5312,882.236,299.5843,1152.2743,1060.2153,1140.0415,443.7656
5048,,,,,,,,,,,,,,,,,
5049,,,271.7562,,,1235.1541,1411.9206,1654.3692,,,1818.8978,1713.4245,,1695.6447,1521.9718,1805.0101,379.9734
5050,,,,,,179.0216,,,,,222.2142,210.8471,,219.2988,,218.0595,
5051,,,,,,3442.9275,7952.4711,5919.0315,,3051.8305,6360.8881,4280.6247,,4278.9379,4197.4538,4556.2071,
5052,,,,,,285.0961,,,,,,300.2442,,,,,
5053,,,,,174.4547,,,,,,,,,,,,
5054,,,182.4649,,,,,,,,,,,,,,
5055,,,,,,2426.5263,527.5832,1109.486,,,,,,,,181.8691,
5056,,,,,,265.9852,,443.3634,,,,,,,,,
5057,,,,,,,,,,,,,,,,,
5058,,,,,,,,,,,197.7582,,,,,,
5059,,856.6543,1890.033,,,,,,,,,,,,,,
5061,,,,,,773.0433,665.9692,1083.8128,,,444.0798,345.1043,,,398.1642,674.3499,
5062,,,,,,,269.0788,,,,412.314,,,136.2375,,159.102,
5064,,137.1875,,,98.9109,,,,,,,,,,,,
5065,,868.7425,1068.6895,779.0402,,,,,,,,,,,266.7235,,
5068,795.4733,396.7188,337.4338,516.0569,,,,,,,,,,,,,
5069,,,,,,2895.3101,2632.2832,3079.9813,2603.9801,2470.2502,4046.9472,3533.9837,839.5367,3124.3601,2858.0347,3227.862,793.9412
5070,,,,,,,,,,,,,,,,,
5074,,,,,,767.643,,899.8985,,,,,,1483.6019,1303.8115,1155.5631,
5075,1992.9435,96.6778,,318.6157,1030.2462,,,,,,,,,,,,
5076,,,,,,,,,,,,,,,,,
5077,,,,,,,,,,,,,,,,,
5079,,366.3817,398.204,,,,,,,,,,,,,,
5080,,,,,,1073.1985,768.1562,724.7795,,,1270.7221,871.1124,,,,528.3576,
5081,,,,,,375.6145,,700.3369,,,516.924,,,1083.9691,1003.276,1397.7323,
5084,1441.7743,,,,724.0068,,,,,,,,,,,,
5085,2674.3645,,,548.6521,1242.2113,,,,,,,,,,,,
5086,3656.626,140.6428,,1092.6258,2010,,,,,,,,,,,,
5087,,430.2203,499.1619,390.4036,186.4582,,,136.4011,,,,,,,,135.7595,
5089,,,1079.9257,,,5630.4362,5327.804,6073.8525,2168.1223,4282,7310.981,6359.3836,1658.2653,6083.8255,5837.9983,6302.0275,1644.133
5090,1500.9055,,,208.7517,560.4066,,,,,,,,,,,,
5091,,,,,,881.4325,859.1325,998.3888,366.9736,734.8156,1170.7459,1055.6861,294.9525,1004.1088,946.5822,995.3496,
5093,,,,,,,1506.1555,1758.0378,948.8359,1231.5459,1901.3859,1888.7356,,1774.3964,,1848.6836,512.4886
5094,267.5867,,107.7237,,223.6594,135.0779,,134.5371,,,,119.3542,,,136.3531,,
5096,3156.1989,336.8863,174.5341,697.4616,1072.7346,,,224.7855,,,,,,,,,
5097,14400.584,1932.8088,,5174.7876,8378.933,,,,,,,,,,,,
5099,451.7598,,,123.3045,204.6618,,,,,,,,,,,,
5100,,,,,,,,,,,,,,,,,
5103,,,,,,,,,,,,,,,,226.8477,
5104,702.715,,,91.8903,409.0277,,,,,,,,,,,,
5105,121.0912,,,,,,,,,,,,,,,,
5107,590.6069,320.7737,,406.6722,462.1694,545.0621,,543.1382,,,553.1125,507.8672,,564.6743,582.4265,591.3217,
5108,,,,,,,,,427.1086,,,,,,,,
5109,,,,,,,,,,,226.462,159.106,,,,,
5110,,,,,202.9156,,,,,,,,,,,,
5112,,,,,,,,,,,,,,580.0889,,,
5114,,,,,,,,,132.6727,,,,,,,,
5116,,,,,,,,,,,,,,195.6789,,,
5118,,346.4624,,,,,,,,,,,,,,,
5120,4004.547,320.0864,,1006.3718,1754.2468,,,,,,,,,,,,
5123,,,,,,655.6352,649.1585,669.6551,,,654.7435,,,834.859,521.3261,691.9872,
5124,,,,,,,,,,,,,399.1002,,,,
5125,91.6761,,,,,,,,,,,,,,,,
5126,,,,,,,,,,,,,184.4267,,,,
5127,,,,,,11923.3756,10583.9782,12126.4009,10422.7749,9957.3976,14850.3399,13222.1916,4060.886,12247.5429,11349.7969,12753.5284,4005.2535
5128,,,,,,,138.1105,,,,,188.0014,,230.8359,,,
5129,,,,,,,,288.299,,,,,,,,605.9653,
5131,4002.6187,,,842.0971,1884.3516,,,,,,,,,,,,
5132,,,,,,,,,,,,,,,,,
5133,,,,,,212.0399,196.8913,,208.4932,211.422,270.6495,258.9949,,233.5822,212.836,234.4652,
5134,1009.2306,,,,559.7933,,,,,,,,,,,,
5136,14920.14,1743.5808,,4667.2544,8077.9336,,,,,,,,,,,,
5137,247.7897,,,,180.8397,,,,,,,,,,,,
5138,127.4744,,,,,,,,,,,,,,,,
5139,,,,,,,,161.5003,,,,,,,,,
5142,,,,,,,,,,,,,,,,,
5148,361.503,175.9882,155.6228,223.8559,256.5052,,,,,,,,,,,,
5149,,,,,,175.2923,,231.0049,,,,,,,,,
5150,,,,,,353.1831,304.926,342.3804,,,,,,427.1956,420.8081,,
5151,,,,,,,,,,,,,,,,,
5156,,,,,,,,,,,225.4039,,,,,,
5159,,,,,,272.4667,,303.7599,,,231.5509,,,1721.7454,265.2475,357.192,
5160,,,,,,,,,,,,,,227.017,,,
5162,,,,,,,,,504.3852,,,,,,,,
5163,,,,,,,,,,,,,,,,,
5166,,,,,,,,,,,,,,,,211.1497,
5167,4133.759,232.1799,,669.2044,1305.3419,,,,,,,,,,,,
5168,,,,,,,293.5773,,,,,,,,,,
5169,,,,,,,,,350.0958,,,,,,,,
5170,1550.0247,,,,,,,,,,,,,,,,
5171,,,,,,165.0178,,,,,,,,,,,
5173,,,,,,161.4895,,,,,,,,,,,
5174,753.3565,,,,,,,,,,,,,669.9841,636.8577,664.0761,
5179,,,,,,,,,,,,,,,,1587.8085,
5181,,,,,,,233.7866,278.5948,,,,,,,,,
5182,,,,,,,,,502.0897,,,,,,,,
5185,,,,,,,,,383.5215,,,,,,,,
5187,192.5832,,,,,,,,,,,,,,,,
5192,,,,,,,486.6689,361.9783,,,898.5862,148.7366,,,1293.4414,,
5194,2454.639,,,,1165.4058,,,,,,,,,,,,
5195,,,,,,,,,,,,,,,,,
5197,243.9135,,,,,,,,,,132.2965,,,,,,
5200,,,,,,,,,,,,,,,,259.3844,
5201,,,,,,,,,,,,,,,388.5255,,
5203,,,,,,,,,,,813.6152,,588.7931,854.8342,,,653.9401
5205,,1371.64,1675.0958,,,,,,,,,,,1616.9559,,,
5206,,,,,,,,,,,,117.6045,,152.7212,,,
5207,,,,,,,,,,,,,,,,,
5211,,,,,,,,348.1963,,,,,,183.4134,206.6096,204.7705,
5212,,,,,,,,386.7839,,,,,,,,,
5218,,,,,,,267.3955,,,,175.0058,,,,,,
5219,6627.119,236.2462,,1512.2123,3278.56,,,,,,,,,,,,
5220,298.7695,,,,,,,,,,,,,,,,
5223,541.5,,,,233.4418,,,,,,,,,,,,
5224,,,,,,,,,,,,,,,,131.8236,
5225,,,,,,,904.16,1399.8867,,167.9601,,,,757.4841,713.5397,859.9938,
5226,,1006.4657,1433.2039,,,,,,,,,,,,,,
5228,,,485.5906,,455.0944,,,,,,,,,,,,
5229,,,,,,,,,,,,,726.0289,,,604.3215,742.9778
5230,,,,,,,1536.9898,,,,,,,,,,
5231,,,,,,,160.4063,,,,,,,,,,
5232,,,,,,,1507.0075,,,,,,,,,,
5234,,,,,,366.649,328.8213,275.8372,,,,,,125.3601,,,
5238,,,,,,,,,,,256.1093,,,,,,
5241,,,,,,1193.6288,1149.1957,1670.6234,,,890.2764,295.7264,,749.2898,1194.9183,,
5243,,,,,,,,,,,,,,199.4849,,,
5244,,,,,,785.6644,452.7149,1418.1406,,,664.417,,,,370.027,,
5245,,,,,,685.2753,349.0829,609.5017,,196.9428,646.766,426.8452,,417.5433,409.4813,526.1819,
5246,12782.561,,,3020.7416,6182.0225,,,,,,,,,,,,
5247,,,,,,236.1831,,,,,,,,,,,
5248,,,,,,,,,,,,,,223.944,,,
5252,2762.9382,151.4421,,900.7939,1598.3945,,,,,,,,,,,,
5254,,,,,,617.9859,563.6789,378.9605,,,,,,,,,
5255,,,,,,805.4603,639.5786,1215.4046,,,774.3715,476.1837,,554.877,518.9841,406.438,
5256,6824.3594,,,1697.5366,3489.8618,,,,,,,,,,,,
5258,,,,,,,,,141.5437,,,,,,,,
5260,,,,,,237.3828,,,,,,,,,,,
5261,,,,,,185.6582,139.8082,,,,,,,,,,
5264,,,,,,,,,,,,,,,,262.6927,
5265,,,1017.9407,,,,,,,,,,,2342.3763,,,
5266,375.8757,,,,171.9406,,,,,,,,,,,,
5274,2459.9297,2009.2887,2209.3213,2362.3479,2216.9957,2600.8475,2155.2868,2652.2975,1727.8657,2074.6045,2778.9036,2436.8963,908.178,2913.0875,2698.1031,2958.5701,1127.5991
5275,,,,,,,,,,,,,,13287.2717,,,
5278,,1492.3217,1499.3237,,,1618.2544,,,1734.338,,,,,3156.4364,,,
5280,,,,,,,,,,,,,,,,,
5281,,,,,,,,1492.4836,,,,,,,,,
5283,69.4787,,,,67.8661,,,,,,,,,,,,
5285,,,,,,,,,,,,,,,,,
5291,,,,,,,693.6221,,,,,,,,,,
5292,,,,,,2010.0148,1897.6117,1671.7241,,1451.4685,3436.603,2468.9989,,2325.4116,2113.9513,2161.1703,
5294,,,,,,247.5559,204.2926,,,,,,,,,,
5295,,,,,,,,,,,196.8135,,,,,,
5301,,,,,,,,,,,,,,,,,
5302,,,,,,,,406.0548,,,231.8767,,,,149.1697,,
5304,,,,,,,,,,,,,,,,1609.4749,
5305,,,,,,,,573.6654,,,,,,,,,
5307,,,,,,,49.3243,,,,,,,,,,
5308,,,,,,,,,,,,,,,,,
5310,,,,,,,,,,,,,,,,158.6286,
5312,,,,,,245.5831,,,,,175.5015,,,330.9418,331.9169,403.9027,
5315,,,,,,,,199.4112,,,,,,,,,
5316,,,,,,303.3003,234.7984,,,,,,,,,,
5317,,,,,,,,784.7079,,,,,,,,,
5318,,,,,,,,,,,,,,788.1582,,,
5321,,,,,,,170.2401,2916.9171,,,153.4094,,,,229.6775,421.2866,
5322,,,127.9356,,191.0903,,,,,,,,,,,,
5323,,,,,,,,569.8738,,,,,,1109.6606,,737.2434,
5324,,,,,,,,646.0311,411.834,,,,452.8842,,257.9419,,236.1723
5326,,,,,,1941.3139,1939.6956,2461.5421,,1532.5299,3501.5021,2911.208,,2436.2023,2327.3404,2721.1855,
5330,767.7822,,,,421.8803,,,,,,,,,,,,
5334,,,,,,,,223.4722,,,,,,,225.8732,,
5335,,,,,,660.2129,652.3222,822.6784,,,1115.0751,958.4271,,789.2273,753.8331,923.2623,
5336,,,,,,654.6629,660.4881,867.6822,,,1183.5924,999.2676,,,822.5397,927.9991,
5340,,,,,,,,151.5793,,,,,,,,,
5341,136.6989,,,124.9788,,,,,,,,,,,,,
5346,,,,,,,581.3266,,,,1166.0478,,,,1538.1816,1980.5307,
5347,,,,,,,,,,,,,,3078.4054,,,
5353,,,,,,,,242.5388,,,,,,,,,
5355,,,,,,,,176.2886,,,,,,138.1983,168.6399,,
5356,,559.76,1072.7292,,,,,,,242.5802,,,,,,,
5358,,,,,,,,1232.4015,1188.5,1681.1095,,,,5721.6596,,1276.2685,
5359,742.6796,,,,,,,,,,,,,,,,
5360,,,,,,,,243.029,222.9514,346.3372,,,,1105.1066,,217.7546,
5364,,,,,,646.2396,635.4544,808.6196,,172.1327,573.2513,,,589.8731,762.2096,689.7929,
5365,,,,,,228.1485,,,,,,,,,,,
5367,,,,,,153.9719,,,,,,,,,,,
5368,,,,,,,,514.3051,,,,,,,,,
5369,,,,,,2865.7897,,3904.3885,2404.8455,,,,,19287.3484,,3750.7055,
5372,,,,,,,,1129.6015,,,,,,,,,
5375,,,,,,,,,,,,,,,,,
5377,,,,,,,,7367.5241,,,,,,,,,
5380,,,,,,439.7304,,,,,893.4668,,,,,,
5381,,,,,,1417.5304,,1870.549,,,1076.8868,,,1464.0977,1411.6563,1740.5144,
5382,,,,,,3800.7034,3554.8716,4485.348,1821.2613,3166.0759,5898.3328,5183.1594,,4380.653,4046.745,4773.0927,
5384,,,,,,,,,,,,,,,,,
5387,,,,,,696.8468,629.4719,,,559.6565,1025.4322,869.6493,,810.9481,701.4474,860.7496,
5388,,,,,,,,,,,227.5933,,,,,372.6905,
5389,,,,,,,365.6166,584.4975,,,359.2253,,,,258.0693,,
5390,,,,,,,,,,,,,,131.6638,,,
5393,,,,,,,171.7012,264.6132,,,,,,173.5091,,,
5395,,,,,,,,,,,,,,,,,
5396,,,,,,320.409,245.9135,,,,310.0799,167.5636,,,,365.8716,
5397,,107.3976,,,,371.8748,382.3649,429.9041,,,,,,,441.6184,459.7945,
5398,,4893.1002,7366.5201,,1681.5909,,,,,,,,,,,,
5401,,,,,,,,,472.7095,,,,,,,,354.5533
5403,,,,,,,,,,,,,,,,,
5406,,,,,,1777.0049,3031.8275,2581.0426,210.0805,385.3307,1650.7279,748.2813,,2647.3831,3544.0108,3111.9456,
5407,,366.2532,489.9418,,107.0804,,,,,,,,,,,,
5408,,234.1444,,,,,,,,,,,,,,,
5410,6671.4287,738.2517,107.8574,1910.8948,3486.6672,,178.8295,,,,,,,,,,
5412,,,,,,,,,,,,,,,,,174.7703
5415,,,,,,,,,,,,,,,,,
5419,,,,,,1358.8475,,,,,,,,,1464.7147,,
5421,,,,,,,,643.0066,,,,,,,,,
5422,,165.9333,210.6902,,124.0466,,,,,,,,,,,,
5424,2785.4146,307.62,,819.6558,1510.6725,,,,,,,,,,,,
5431,2043.8644,,,,,,,,,,,,,,,,
5432,,,,,115.848,,,,,,140.4657,106.1713,,364.191,,,
5433,,700.6565,800.9673,,,,,,,,,,,,,,
5434,,,,,205.6484,,,,,,,,,,,,
5440,,,,,,1111.9489,822.0464,1056.7869,200.5939,,885.2016,511.5124,,682.2007,724.5487,683.2847,
5444,,,,,,,,,,,,,,,,192.7743,
5445,,,,,,,,,,,,,,6486.7147,,,
5448,,,,,,277.6467,303.6147,401.3862,,,,,,294.9787,297.7717,,
5449,,,,,,1054.8278,667.1734,1280.1149,160.471,,342.4203,,,817.4524,742.8907,889.5232,
5451,,,,,,,,,,,,,,3258.891,,,
5454,,,,,,178.3455,,196.2198,,,,,,,,,
5455,,,,,,2813.4306,2387.3558,3085.6533,2792.2612,2416.4872,4065.6596,3498.7888,,3052.1364,2791.1295,3370.2803,388.8499
5459,,,324.8153,,167.1104,,,,,,,,,,,,
5464,31366.033,2874.0476,,8694.1898,15661.428,,,,,,,,,,,,
5465,,,,,,,,270.1065,,,,,,269.91,,313.9852,
5466,,,,,,149.2693,,,,,,,,,,,
5468,,,,,,,,435.3295,,,,,,,,,
5469,,,391.0357,,,,,,,,,,,,,,
5470,,,,,,,,,,,,,,168.0504,,,
5473,,,,,,1607.6111,2460.2602,1314.3307,225.8997,609.1181,,904.6988,,1619.99,,2434.6929,
5478,40851.543,,,,7071.641,,,,,,,,,,,,
5482,,,,,,,200.1143,225.6864,,,341.2617,107.0903,,221.5434,299.7957,356.2346,
5484,,,,,,301.5742,267.383,273.8157,,,,,,,,,
5485,,,,,,618.5008,,,,,,554.9719,,,607.8905,,
5486,,,7727.3702,,,,,,,,,,,,,,
5487,,,,,,184.6755,,,,,,,,,,,
5488,,,,,,228.9038,,,,,,,,,,,
5489,2584.6226,3141.4326,3254.7886,3442.1042,2686.9066,11185.7843,10693.8213,11321.1329,5965.9549,7759.9946,10476.7053,10241.3719,1993.4618,11022.3733,10751.6376,11350.0919,2915.9649
5492,,,,,,506.7074,,549.277,,,,,,,,,
5493,3657.9504,382.3315,,646.1163,1835.3589,,,,,,,,,,,,
5494,,,590.9665,,,,,,,,,,,,,,
5496,5650.2866,,,,1065.3341,,,,,,,,,,,,
5497,9787.537,,,,2983.3552,,,,,,,,,,,,
5498,210.1991,,,,,,,,,,,,,,,,
5500,,,,,,,,,,,,,,,,203.7798,
5501,,,,,,,,,,,,,,123.0064,94.8509,,
5502,1339.0956,,,,832.309,,,,,,,,,,,,
5505,,,,,,,,,,,,,,,272.4349,283.8169,
5507,,,,,,,,,,,,,,,273.0861,293.066,
5509,,,,,,497.1923,,327.8001,,,,,,224.8208,,697.7021,
5512,,,,,,,,,,,,,,,,,
5513,,,,,,1712.5129,1612.2257,1131.6673,,1333.1601,3493.0178,2378.0283,,1979.4922,1889.9197,2246.6777,
5514,,,,,,,,,,,,,,,,,
5515,,,,,,,,176.6538,,,,,,265.4247,,,
5516,,,,,,,,257.1849,,,,,,,,,
5518,,,,,,,,,,,,,,,,133.2684,
5519,,,,,,,,,,,,,,297.3975,,,
5521,,,,,,209.8811,580.2296,230.1057,,,650.0147,,,,552.4146,422.2893,
5523,,,754.5589,,,,,,,,,,,,,,
5524,,,,,,,141.6275,,,,,,,410.6884,,280.3358,
5525,,,,,,,782.5294,418.3657,,,1104.6208,,,,1635.0594,696.1447,
5528,,,205.7568,,,,,,,,,,,,,,
5529,,,,,,,,,,,,1434.9382,,,,,
5530,,92.9436,167.2962,,,,,,,,,,,,,,
5531,,,,,,,,,,,,,,2496.0107,,,
5536,,,,,,,,488.9362,,,,,,,556.9668,,
5537,,,,,,,,873.4813,,,,717.4639,,,893.6466,,
5538,,233.1424,,,,,,,,,,,,,,,
5539,,,832.8249,,,,,,,,,,,,,,
5541,,,,,,,120.7093,143.0107,,,,,,,147.1158,141.5005,
5543,54.3374,50.9671,140.2499,,122.7816,84.121,62.2164,73.3187,122.4151,55.8238,,,,211.8836,57.0446,115.1557,
5544,,,,,,,,550.7544,,,,,,,,,
5549,,15407.8595,17055.2625,,10922.3475,,,,,,,,,,,,
5550,,,,,,,,,,,3419.3372,,,,,,
5551,,,,,,,2723.3541,3358.3848,,,5615.8958,4202.6178,,,,4485.9138,
5553,,,,,,,707.8957,432.6449,,,434.8373,,,,,,
5554,15032.335,1663.5657,,4141.5234,8198.372,,,,,,,,,,,,
5556,,,1331.5623,,,,,,,,,,,,,,
5558,,,,,,,,659.6832,,,,,,,,,
5561,,,,,,,128.9289,,,,,,,,,,
5563,11026.376,,,2460.3652,5948.4683,,,,,,,,,,,,
5565,,9.5319,,,,,,,,,,,,,,,
5566,8735.329,909.1645,,2588.3606,4539.741,,,,,,,,,,,,
5568,4297.998,,,,2271.4543,,,,,,,,,,,,
5569,,,,,,,270.2486,,,,,,,,,,
5570,,,,,,555.1445,452.7552,,,,,,,466.0267,445.1265,458.1923,
5571,6631.624,,,,3581.2302,,,,,,,,,,,,
5575,,,,,,,177.5104,,,,,,,,,,
5578,,,,,,,,,,,,,,202.5216,,,
5579,,,,,,,,298.4236,,,,,,264.8326,,,
5585,,,,,,234.4914,,243.4166,,,,,,232.5205,189.862,,
5591,,,,,,,,,,,,,,,236.3761,,
5594,,,,,88.331,,,,120.5132,,,,,,,,
5595,,,,,,1471.1912,,1922.9805,,,,,,1467.3818,1364.2624,1665.9505,
5597,,,,,,120.7836,,159.9103,,,,,,175.2524,194.8533,,
5599,,,,,,,,,,,,,,,,138.5573,
5602,,,,,,,323.6529,518.0216,,,386.7387,,,,363.3205,,
5606,,,,,,,460.9803,,,,,,,,,,
5609,7624.8325,813.0039,,2309.8116,4016.0352,,,,,,,,,,,,
5612,155.8379,,,,,,,,,,,,,,,,
5613,,,,,,,,,,,,,,3365.8932,3080.1075,,
5614,,,,,,,,,,,,,,745.7238,682.6009,990.8034,
5615,,,,,,,412.7937,513.8297,,,,,,,,,
5616,,,,,,,232.1115,,,,,,,,,,
5617,,,,,,,,,,,,,,574.3744,,,
5618,,,,,,,,,,,,,,130.2481,,,
5620,,,,,,,,,,,,,,252.3641,,,
5622,,,,,,457.7901,,457.2535,476.0942,279.417,,284.2734,,1954.8557,,473.4634,
5623,114.539,,,,,,,,,,,,,,,,
5625,,,,,,,,,,,,,,455.8402,,,
5628,,,,,,,,647.5558,,,,,,,,,
5632,,,,,,,,,,,151.9787,,,,,,
5633,1269.7976,162.2094,,,715.3532,,,,,,,,,,,,
5634,,,,,,,443.1456,,,,466.0515,,,370.6707,446.025,,
5635,,,,,,445.4013,,,,,,,,,,,
5636,1813.9885,,,,898.9362,,,,,,,,,,,,
5639,300.2872,,,,,,,,,,,,,,,,
5640,624.0192,,,,,,,,,,,,,,,,
5644,141.1982,,,,75.6336,,,,,,,,,,,,
5648,9444.683,983.7415,,2840.3628,5011.3306,,,,,,,,,,,,
5649,,,,,279.8172,,,,,,,,,,,,
5650,,624.2061,1096.9831,,,,,,,,,,,,,,
5651,119.7075,,,,,,,,,,,,,,,,
5655,,,,,,,1778.3461,,,,,,,,,,
5659,,,,,,,533.9751,516.6003,,,857.54,229.0682,,230.846,,508.2068,
5665,46.1331,,,,,,,,,,,,,,,,
5668,,,,,,,,,,,4000.5379,,,,2508.0221,,
5671,,,,,,,123.798,,,,,,,,154.29,,
5672,,,,,,369.8354,,,436.4501,304.5493,,,,,,,
5673,,,,,,,,,,,,,,694.2095,,,
5674,128.6892,,,,,,,,,,,,,,,,
5675,,,,,296.644,,,,,,,,,,,,
5677,4157.569,,,1324.5053,2328.1409,,,,,,,,,,,,
5678,11899.344,367.5283,,1313.4955,5864.145,,,,,,,,,,,,
5679,,,,,,1058.2939,1036.6126,,,946.6954,3507.8741,2336.321,,1920.2131,1795.2294,2315.4346,
5681,1770.3857,,,,1210.1635,,,,,,,,,,,,
5684,,,,,,,,,,,287.105,,,,,,
5689,105.8224,,620.807,,97.0982,,,,,,,,,,210.4353,,106.9483
5690,261.9659,298.3785,,,275.4112,,,,,,,,,,,,
5700,,,,,,,,353.643,,,,,,,,,
5701,287.3217,,,,118.9726,,,,,,,,,,,,
5707,29040.871,,,1638.2204,9581.217,,,,,,,,,,,,
5708,5883.7935,,,1418.9691,2905.1953,2092.6525,1441.3467,2612.438,,,,,,,1352.4031,1445.6758,
5711,5764.037,,,1350.8721,2778.4966,2044.1578,1411.9286,2525.521,,,1079.3612,,,1387.0264,,1363.6219,
5716,1920.5157,,,,939.0183,,476.7839,,,,345.5764,,,,,464.6397,
5722,,,,,,,,,,,1148.1402,,,800.2987,762.6408,952.8527,
5724,6868.82,657.1916,,,3529.4124,,,,,,,,,,,,
5727,1664.9749,153.6572,,321.8004,818.4175,,,,,,,,,,,,
5729,,,,,,,208.2674,,,,,,,,,,
5731,13019.456,1242.3192,,3521.4959,6574.194,,,,,,,,,,,,
5733,261.3408,,,,,,,,,,,,,,,,
5734,4209.9634,340.4983,,1026.4289,2138.8801,,,,,,,,,,,,
5735,139.7848,150.4349,,,,,,,,,,,,,,,
5736,11167.357,,,,5779.706,,,,,,,,,,,,
5737,1535.7778,,,385.5955,673.3652,,,,,,,,,,,,
5738,,,,,,1895.6356,1618.0892,2435.5428,,,,,,2013.9897,1965.1177,2246.1874,
5741,,,,,,,,,,32.5017,,,,,134.0298,,
5742,,,,147.43,113.9754,,,,,,,,,,,,
5744,,,,199.0288,193.5581,,,,,,,,,,,,
5747,,,,,,,,,,,,,,,,,
5749,,,,,,,,,,,,,,409.1992,,,
5751,,,,,,,,,,,,,,1911.9042,,,
5752,,,,,,,,1061.2335,,,1403.0005,1298.7228,,1045.5531,,1243.2519,
5753,,,,,,,,,,,,,,1554.8159,,,
5754,,,325.0995,,,,,,,,,,,,,,
5755,11883.811,1161.9711,,3363.5751,6178.5063,,,,,,,,,,,,
5756,,,,,,,,,,,,,,818.9543,,,
5758,,,,,,,,195.8444,,,,,,,,,
5760,,170.7639,,,,,,,,,,,,,,,
5764,140.4727,,357.3197,,171.1916,,,,,,,,,,,,
5768,,,,,,,,,,,,,,,,,
5769,326.1162,,,,,,,,,,,,,,,,
5770,11193.121,1240.4562,116.1107,3600.0216,6504.034,,,,,,,,,,,,
5771,,,,,,423.1401,,,,,691.7142,,,506.3794,,593.0054,
5777,11979,1152.4777,,3191.0058,5979.2993,,,,,,,,,,,,
5778,,1298.126,1612.9442,1312.9369,638.4437,2386.6977,2261.465,2389.8478,2150.3914,2467.3709,2027.4697,2287.9387,1584.2588,2506.1041,2359.9788,2338.9928,1773.7437
5779,,83.3832,,,81.217,204.4657,196.3205,,,,,,,,,,
5781,3168.4023,258.9267,,,1377.3536,1081.5904,,1300.0329,,,,,,,,,
5785,3048.2874,,,,1356.9476,1076.5922,,1300.9491,,,,,,,,,
5786,427.0239,,,77.4317,189.6018,,105.0587,,,,71.8264,,,,,,
5787,17404.006,1937.676,171.7895,5097.1338,9401.848,,,,,,,,,,,,
5789,1041.8256,89.2715,,,449.4617,368.8429,,,,,,,,,216.8155,,
5791,1526.6364,,,330.1322,832.3501,,,,,,,,,,,,
5793,296.2761,,,,147.3499,,,,,,,,,,,,
5800,,,,,,,,,,,,,,,,,
5802,239.8468,,,,,,,,,,,,,,,,
5803,49.0571,,,,,,,,,,,,,,,,
5807,598.8738,,,180.6123,386.0708,,,,,,,,,,,,
5813,,,80.8726,38.942,,,,,,,,,,,,,
5816,240.9842,,,,,,,,,,,,,,,,
5818,,,,,,,,,,,,,,,,,
5821,339.2558,,,,211.6177,,,,,,,,,,,,
5824,,,,,,189.8415,,,,,,,,,,186.3631,
5825,907.533,,,,496.9998,,,,,,,,,,,,
5827,,,,,,,,,,,,,,,,,
5828,,,,,,,,,,,,505.6966,,465.3726,423.8412,509.0182,
5832,9550.62,985.9954,,2686.2745,4866.175,,,,,,,,,,,,
5833,,,,,,,,,,,,,,,,,
5834,4025.8318,371.8196,,1115.8138,2047.4001,,,,,,,,,,,,
5835,,,,,,,,,,,,,,,,,
5836,317.402,,,78.4382,161.4885,,,,,,,,,,,,
5837,6348.894,,,1364.7442,3332.3645,,,,,,,,,,,,
5838,,,,,,,,,,,,,,,,1466.0821,
5842,,,,,,,,,,,,,,,,,
5844,,,,,115.7547,,,,,,,,,,,,
5852,581.1677,,,,,,,,,,,,,,,,
5853,345.4674,,,210.3211,,,,,,,,,,,,,
5854,128.5356,,,,78.9623,,,,,,,,,,,,
5855,,,,,,,,290.9032,,,,,,,,,
5859,,,,,,,,,,,,,,874.6069,,,
5860,,,,,,87.5353,,,,,,,,278.1547,,,
5864,66679.02,7524.5806,,19995.1022,34611.24,,,,,,,,,,,,
5869,10799.95,1140.4948,,3151.4352,5841.319,,,,,,,,,,,,
5870,1163.8876,116.7927,,329.2874,599.4227,,,,,,,,,,,,
5873,217.9708,,,49.1935,,,,,,,,,,,,,
5875,,,,,,,,,,,,,,,348.87,,
5876,1093.2919,177.831,,,631.2162,,,,,,,,,,,,
5879,,,,,,,,,,,,,,,,,
5881,,,,,145.1466,,,,,,,,,,,,
5883,,,,,,,,,,,,,,,,,
5884,209.5061,,,,114.8328,,,,,,,,,,,,
5886,,,,,,,,,,,,,,473.6721,,,
5887,,,,,,,,,,,,,,514.8461,,,
5888,,,,,,,,,,,,,,,210.7361,,
5889,,,,,,,,,,,,,,,,,
5890,1355.6282,,,,647.8017,,,,,,,,,,,,
5898,,,,,,,,,,,,,,338.4349,,,
5900,,65.6257,85.8824,,,,,,,,,,,,,,
5901,169.8476,,,,,,,,,,,,,,,,
5905,1191.2144,,,,,,,,,,,,,,,,
5909,,,,,,,,,,,,,,149.7308,,,
5912,4957.659,,,,699.073,,,,,,,,,,,,
5913,2593.063,,,,413.2381,,,,,,,,,,,,
5914,,,,,,,676.4133,964.9014,,,,,,862.9612,789.2468,,
5915,,,,,,,301.6918,408.9335,,,,,,,,378.3255,
5916,,,,,,,,246.0832,,,,,,,,,
5917,778.1895,,,,473.258,,,,,,,,,,,,
5918,,,,,,,,,,,,,,,,,
5920,773.4883,,,,152.3989,,,,,,,,,,,,
5922,,,,,,,,,,,,,,,,,
5923,355.6595,,,,,,,,,,,,,,,,
5924,176.3052,,,,44.9317,,,,,,,,,,,,
5926,,,,,,,,,,,,,,,,,
5930,159.9932,,,,,,,,,,,,,,,,
5933,1200.4591,,,,121.1364,,,,,,,,,,,,
5934,844.9084,,,,81.0221,,,,,,,,,,,,
5935,288.204,,,,,,,,,,,,,,,,
5936,428.206,,,,,,,,,,,,,,,,
5937,303.5808,,,,,,,,,,,,,,,,
