Feature ID,BlankSub Mean 1000ppb_,BlankSub Mean 100ppb_,BlankSub Mean 10ppb_,BlankSub Mean 250ppb_,BlankSub Mean 500ppb_,BlankSub Mean D1S1_,BlankSub Mean D1S2_,BlankSub Mean D1S3_,BlankSub Mean D1S4_,BlankSub Mean D2S1_,BlankSub Mean D2S2_,BlankSub Mean D2S3_,BlankSub Mean D2S4_,BlankSub Mean D3S1_,BlankSub Mean D3S2_,BlankSub Mean D3S3_,BlankSub Mean D3S4_,BlankSub Mean Pooled_
1,168.7952,,,,,,,,,,,,,,,,,
2,,,,,,,,,,,1087.8382,,,,,,,610.5758
4,123.1853,128.0425,133.2901,,,,,,,,,,,,,,,
5,,,,,,,,,,,439.2032,,,,,,,
7,,,,,,2194.6136,2455.5834,2586.1823,,2145.0321,3578.9572,2922.0509,590.4909,2621.0116,2325.825,2884.1582,514.3308,
8,,,,,,,,,,,754.135,,,,,,,
9,,,,,,350.7379,,393.2033,,340.3924,563.0834,469.6159,88.8184,417.3115,384.1843,437.5674,88.7378,
11,,,,,,9460.4932,10087.3412,10845.8659,9938.0945,9784.709,14218.5849,12408.8839,3382.4537,10635.0342,9723.8995,11907.1652,3019.1262,8259.232
12,,,,,,1454.8097,1549.9167,1612.5603,1091.528,,2088.979,1879.995,486.3724,1600.0257,1528.8515,1763.8879,435.4453,
13,,,,,,2935.2914,3289.7738,3332.6032,1563.6251,2826.3798,4113.4014,3662.8186,,3266.239,3139.6287,3581.4079,950.5587,2329.6136
14,,,,,,137.3434,150.0367,151.5519,76.9245,129.1207,177.6517,183.5529,,,126.7493,172.6669,,
15,,,,,,,684.9197,751.0473,,,845.906,765.1766,237.3275,,715.9716,737.1195,212.6639,
19,,,,,,254.1085,262.2001,285.6771,258.5992,,380.1497,346.6473,95.8431,,251.8705,301.6905,,
20,,,,,,485.7046,531.7022,572.3512,269.735,472.0667,704.1869,626.4297,,578.3766,545.5163,597.4918,160.2274,395.4729
21,,,,,,128.7386,149.5309,,85.1888,,201.9422,182.8593,,165.5713,,,,112.061
22,,,,,,3402.3101,3611.8518,3744.4851,3657.4034,3554.2089,4801.4429,4340.3494,,3887.12,3635.0045,4318.4919,,2887.6038
23,,,,,,,,223.586,,,,,,,,,,
24,,,,,,129.474,,,,,,,,,,,,
25,743.7966,,,,,,,,,,,,,,,,,569.7524
27,,,,,,,,,,,,,,,,,,149.6526
28,,,,,,,101.8785,,,,,,,,,,,
5026,,,,,,237.9978,228.072,300.9532,,,348.9895,323.8016,,280.1451,271.6887,301.8269,,
29,216.9618,195.8548,248.5186,,237.5921,,127.7871,,127.1382,,,,,,,140.1574,125.8078,
30,,,85.0881,,,,,,,,,,,,,,,
31,,,,,,190.3071,208.9011,210.7212,,176.8264,274.1799,224.2094,,,195.7297,,,
32,,,,,,4042.9592,4171.8115,4461.9439,4419.2769,3988.9067,5018.5973,4698.5458,1941.663,4263.7618,3989.4654,4684.4429,1709.9249,3350.8605
33,,,,,,,352.0527,369.1652,,,405.226,380.8093,212.8178,376.8228,357.9552,375.67,176.5065,
34,,117.317,,156.3397,264.636,,,,,,,,,,,,,
36,1634.2389,228.3882,,441.9212,887.6279,96.633,,,,,,,,,,,,1459.239
37,17294.672,1883.3984,,6014.6985,9147.827,,,,,,,,,,,,,22630.5572
38,,,,,,,50.3523,,,,,,,,47.4707,,,
40,,,,,,120.0125,135.9038,126.4987,139.1711,110.7085,146.4003,139.4264,,118.7047,117.3162,127.5477,74.8573,99.4639
42,,,,,,,,,,,,,,,,,,179.3422
43,,,389.3235,,,8025.7916,8921.288,8878.3166,3768.9736,7778.8904,11286.5076,10077.2123,2578.8583,8938.9123,8475.0066,9646.6433,2286.8681,6384.8719
44,,,,,,1929.1681,2150.5575,2175.1397,1004.3222,1887.7384,2712.0108,2377.4727,,2144.4854,2038.9849,2291.4751,615.0348,1550.0328
45,,81.7213,117.5156,,51.8655,1433.7443,1567.768,1594.4381,730.5337,1411.8285,1969.4293,1788.9056,489.1696,1547.6104,1543.7042,1745.1563,474.246,1133.574
47,,,,,,123.445,156.6727,154.186,72.4044,130.7288,189.732,162.3741,49.1235,159.1558,142.2564,169.8798,44.1892,100.8477
5028,303.348,,,,,,,,,,,,,,,,,200.8677
52,,,,,,,300.1506,314.5792,,314.8592,362.3192,329.2385,,318.1976,331.0331,350.3912,166.673,
53,,,,,,,116.8032,105.8766,,,,,,93.7823,,,,
54,,,,,135.9128,,,,,,,,,,,,,159.3453
5029,,,,,,419.8795,,,,387.7465,,296.9978,,367.1348,,,,
56,,,,,,,103.2942,,,,,,,173.962,,,,
57,,231.429,,,229.1217,,,,,225.9421,,,,,,,,
58,,,,,,955.6552,971.5558,1297.881,276.3311,367.6527,604.6987,455.0626,,1374.2821,1480.63,1771.857,214.3589,616.5852
59,,,,,,235.852,258.1662,218.9683,104.0755,,196.0372,134.6139,,317.4828,269.8839,361.1292,,116.3744
5030,1528.6545,,,214.5459,809.9107,,,,,,,,,,,,,1663.0921
60,339.1515,,,125.7435,207.3195,,,,,,,,,,,,,
61,,,,,,,,,,,185.502,144.5349,,,,,,
64,167.2616,203.5403,257.6776,,143.6475,,,,,,,,,,,,,
65,,,,,,10103.7906,10844.5032,11591.1532,11266.8102,10594.5342,14478.7936,13056.4302,,11514.8132,10684.3979,12809.4062,,8838.6009
68,,,,,,,,,,,,,,,,,,259.2476
69,,,,,,1193.6941,1232.3893,1320.2356,1257.7759,1200.9799,1638.1887,1439.5456,,1306.2656,1176.4371,1429.4801,487.0002,
70,,,,,,,,300.4699,314.7247,,406.1419,,,,,,,242.6269
71,,,,,,128.623,145.0994,,,,180.8657,171.4045,68.0419,165.2548,153.6146,175.3962,58.8354,
72,153.142,,,,66.9728,,,,,,,,,,,,,
73,,,,,,,233.8627,103.8976,,,211.737,74.4411,,,320.2182,179.2156,,67.0061
74,,,,,,46.9216,152.2195,107.6981,,,106.324,,,97.1542,148.3443,148.7176,,43.2753
75,,,,,,68.6906,,77.9203,44.523,,,,,,,,,
76,,,,,,,,,,,,,,,,267.6484,,
77,,,77.0273,38.792,49.0648,303.1712,,332.6832,321.9502,301.043,416.7114,370.7197,,307.8776,304.0929,362.796,114.3975,270.1742
78,,,,,,1606.6027,1036.0447,807.3783,34.0951,447.3849,841.5908,932.9585,174.2587,2156.039,368.5136,636.5291,130.51,513.9298
5032,419.2168,206.3306,185.554,277.5624,380.864,,,,,,,,,,,,,370.6131
5033,167.6925,,,,,,,,,,,,,,,,,
81,891.1658,295.4011,,,720.2555,149.6183,,,144.6201,,,132.6001,,148.6377,156.5652,,,902.0731
82,688.0366,,,,,,,,,,,,,,,,,940.4909
84,,118.7974,124.5275,,96.0557,,,,,,,,,,,,,
86,,,,,,,254.2382,244.0433,,,,,,,,,,
88,912.618,,,,,,,,,,,,,,,,,966.4284
90,,,,,,99.2033,,,,106.1415,191.4555,149.8954,,,,,,
92,235.0763,,,,128.5815,,,,,,,,,,,,,281.6713
91,,,,,,141.7202,126.766,138.9499,,,,,,,,,,
93,185.8609,,,,,,,,,,,,,,,,,
95,,,,,,109.6441,146.7935,184.9413,,,,,,123.9614,,,,
97,,,,314.7936,,,,,,,550.7186,,646.0663,,,,681.5973,
98,,,,,,15356.8667,16828.2593,16795.273,7718.6053,14888.9533,21338.2377,19049.171,4840.9142,17386.0087,16347.1003,19009.802,4210.1763,12229.5635
99,,668.8069,931.8561,,,,,,,,,,,,,,,
100,337.8804,,,131.2142,168.4643,,,,,,,,,,,,,459.2773
102,,,,,,2612.5688,2871.1644,2915.8142,1282.8287,2504.7195,3519.19,3112.2125,,2889.2667,2782.7254,3141.3988,,2093.0498
103,,,,,,,,317.926,,,,,,,,,,
107,,407.9725,499.6099,,407.0116,,,,,,,,,,,,,
108,,,,,,2270.8757,2641.6516,2587.6249,1155.8139,2257.0738,3334.3204,2937.7624,807.0721,2707.4005,2481.0722,2911.6325,671.0176,1836.6271
109,147.5855,,,,,,,,,,,,,,,,,155.9443
111,246.7813,,,,,,,,,31.7315,,,,,,,,256.9228
112,225.3862,,,,150.8063,,,,,,,,,,,,,
114,,,,,,,,,,,,154.7754,,,,,,
115,,,,,,,,,,440.2458,881.26,155.3906,288.953,,,,,
117,,,,,,,,,,,179.0502,154.7894,,,,,,
5034,512.5753,3057.3604,3057.2788,3040.5628,2019.6405,1393.7449,1162.0399,999.7728,1378.8657,1033.2454,859.2875,801.9113,,998.5652,1001.8931,771.0155,,1139.3228
119,,,,85.8423,129.1731,,,,,,,,,,,,,215.3603
121,,,,,,,,,,141.4292,,,,,,,,
123,953.3961,154.6068,,,546.581,,,,,,,,,,,,,1032.8202
124,317.813,,,,188.7538,,,,,,,,,,,,,
125,,,,,,,,,343.6381,,487.1122,,,,,,,291.3396
5036,,,166.6914,,,720.9819,643.7906,768.9736,288.2487,545.6102,935.5256,807.7743,209.5701,758.0141,742.3685,807.0618,228.1767,
5037,1207.4032,224.9661,219.5145,263.0114,718.9426,,,,,,,,,,,,,
126,2361.7688,198.7042,,790.3825,1394.4792,,,,,,,,,,,,,3002.396
127,764.114,240.7386,174.5975,,622.8095,,,,,,,,,,,,,846.7016
130,,,,,,,,173.8551,,,200.4782,,,,,182.5619,,
5038,,,,,,,94.8697,88.7805,,,125.6645,94.199,,87.3955,106.1605,100.7724,,
133,,,,,,,,,,,,,,,,,,89.7417
5039,,,,,,119.2874,81.9763,147.5679,46.5744,90.1878,160.7109,,37.6982,133.0718,94.9242,133.6071,,
134,,,,,,,,,,,180.8956,,,,,180.357,,
137,,,,,,,158.7437,,,,116.362,,,,160.7301,,,
138,13249.313,2478.447,330.4416,7494.9399,11478.868,226.8944,,,,,,,,,325.3788,,,
140,20916.426,2467.2644,321.8842,7419.6306,11318.63,,,,,,,,,,,,,26928.625
141,,,110.7717,93.4091,,127.1317,,135.6046,91.5703,83.258,,,,,,134.6803,89.9407,
142,,,,,,,,,,,,,45.4325,312.4146,,,,
145,,,,,,215.5349,,,,,469.0482,324.6401,,287.9661,,,,
146,,,,,,159.7117,,,,,,,,,,137.5119,,
5040,,,,,,813.6698,1296.2406,1322.3177,,,,,,,,546.6823,,
147,,,,,,6184.9999,12336.231,10289.2893,,1908.7063,6005.0395,4141.7484,,2039.543,4541.9639,5236.5591,,3624.7117
5041,,,,,,,119.4351,,,,178.2198,138.4366,,134.6483,114.7997,111.8641,,
148,108.3201,,,,,,,,,,,,,,,,,
149,,,,,,,191.3335,130.6504,,,,,,,278.4486,222.8282,,
151,141.5002,,,,,,,,,,,,,,,,,
152,,,,,,,,,,,,,,,,,,257.4458
5042,,,,,,,,,,,,,,,,,,619.7174
153,,,,,,186.5039,148.4132,251.8862,,,146.2715,,,170.3522,158.8125,240.5806,,
5043,359.4076,637.8349,1088.7582,,444.379,,,,,,,,,,,,,
155,,201.9852,308.8562,,138.8684,2737.4606,2990.0985,2985.2372,1349.2332,2560.3799,3618.1042,3269.8067,950.231,2934.5662,2719.8295,3090.6301,927.01,2124.1595
5044,,260.7595,304.4961,249.55,184.1702,,126.1454,245.6097,122.1151,135.4827,,206.4174,182.4034,139.0755,,131.1464,207.1374,
5045,,147.6415,190.3355,134.9748,81.9391,848.1157,769.5277,751.9762,160.7664,605.1846,1181.999,963.7239,,558.2285,498.5785,528.3879,,575.5612
5046,6038.0604,1289.461,787.3755,2213.9714,3345.6425,1016.2836,922.4115,969.1063,640.8221,805.8796,1019.5312,882.236,,1152.2743,1060.2153,1140.0415,,8590.241
157,,,,,,,,140.4498,,,127.8151,,,118.3299,,,,
159,,,,,,,,199.3469,,,,,,,,,,
160,,,,,,128.3293,137.4293,154.8209,,,165.4235,,,281.5627,,521.7893,,108.588
161,,205.5403,211.0415,,,,,,,,,,,,,,,
162,,,74.5678,,,502.2473,540.6513,586.391,269.7985,481.2566,707.3723,629.3023,186.8328,571.7327,542.5977,596.8667,190.0796,403.8594
163,,,,,,,,,,,,,,,,,,278.8267
164,1372.8824,129.2128,,,860.9617,,,,,,,,,,,,,1606.9928
165,,,60.5613,,,500.3661,522.067,524.939,243.3117,450.8574,629.7352,585.7555,179.2192,524.6642,498.8274,561.9483,157.2957,389.7151
166,,,,,,,324.5768,319.9729,,,,,,,189.599,237.6696,,
167,,,,,,121.7863,137.3685,144.3656,,,,,,134.1106,,219.4294,,
168,,,,,,257.0275,459.742,341.7159,,,143.0652,,,99.086,,,,
169,,,1704.0984,,,30972.8134,32156.4117,33734.7117,33266.7664,31364.552,40917.8077,37597.867,12978.9307,33890.0124,31667.0757,36833.303,10940.503,26524.3969
170,,,,,,,59.7345,69.3303,,,,,,,,,,
174,,,,,,,247.0074,,166.6917,,,236.6089,,,,,,
175,,152.2457,135.2876,,,,,,,,,,,,,,,
176,,,,,,,,,,,144.3699,,,,,,,
177,,,,,,,,,,,91.4244,,,,,,,
180,,,,,,396.0496,,446.3423,474.9076,409.6096,530.1645,440.5578,,459.4178,409.3206,521.1482,193.1909,
181,,,,,,2088.4166,2310.1051,2348.9845,,2027.4667,2940.5963,2629.1429,646.818,2395.6748,2207.946,2514.1658,563.6102,1717.2558
183,,120.3623,133.946,161.5767,163.3426,,,,,198.6265,183.3057,173.4673,149.6851,,204.7053,,108.0711,
184,,,,,,,,132.3991,,43.1908,,,,,,,,
185,,,181.9769,,,252.8816,,,,249.8749,,246.114,313.175,249.9708,,,328.6903,266.7562
186,,,,,,399.3256,363.8138,385.738,169.9412,340.9744,503.2629,481.1167,93.287,,399.1784,468.8728,,
187,496.1287,,,537.0009,593.1978,238.1954,,,,477.9624,971.1018,,838.6605,235.4105,250.2137,,,647.4045
188,,,,,,130.187,128.6186,141.1435,178.3855,295.5987,458.0019,349.1586,,196.2242,,,,117.1943
189,13379.1807,1135.952,,3270.7525,6990.2887,,,,,,,,,,,,,11596.0131
5048,,,,,,,,,,,,,,,,,,824.9667
191,,,,,,,,,,,,,,,,,,1582.0679
192,391.2835,,,,440.2124,,,445.4453,,465.4348,,,453.7456,,473.1674,456.5545,,
193,,,,,,,247.9444,,255.8768,,186.5941,237.0205,365.2375,,220.6884,218.9128,358.1104,283.9283
194,,,,,,1017.5712,1107.0315,1096.0044,,1039.1249,1244.9929,1107.569,,,,1205.5779,,
195,,,,,,86.5879,,86.3087,,,145.369,,162.5729,176.3466,,145.0739,90.4831,477.0721
196,724.568,,,,426.4034,,,,,,,,,,,,,888.5844
197,,,,,,2634.4747,3742.932,1723.9245,,3168.4643,2918.2556,913.6359,,,135.6563,,,1004.9813
198,,,,,,161.9624,,,,481.0389,538.3899,,,,,,,
199,,,,,,,144.3769,180.8988,,189.061,315.8452,305.8515,,,,634.2191,,
200,19737.432,4312.906,527.7368,9059.901,13878.972,,,,,,,,,,,,,18153.0838
201,,,,,,,,,,,,,,,,392.7924,,
202,,,,,,528.9602,450.1629,558.3686,526.2773,5009.9142,6110.9122,14541.185,9486.271,4350.2799,3156.8692,1913.1826,2662.2326,3243.4496
203,563.7004,,1785.4004,,1325.2876,2274.7296,2293.7547,2163.3794,2420.8625,2272.8898,1817.8902,1973.777,3221.7716,1936.9677,2097.5882,2169.7452,3280.4464,2555.469
205,,,138.8177,,,,197.177,165.7778,194.1485,,153.507,150.909,265.4881,,164.3873,182.1309,256.6228,
206,,,,,,80.8003,130.9029,104.9547,34.1802,131.786,125.3325,120.8212,,129.9957,,98.7809,,
207,1590.3582,,,,856.6946,,,,,,,,,,,,,1766.8534
208,,,,,,276.3179,436.6212,211.4868,,364.7655,322.8633,102.9372,,,,,,111.6244
209,,,,,,,,,,,,231.1275,,,,562.7104,,
212,361.8176,,252.2231,212.0161,164.4734,,,,,,,,,,95.6311,,,
213,223.1181,233.118,252.0554,320.7627,323.6092,499.7051,377.0573,464.8188,337.0893,357.3009,361.0718,353.0506,298.6558,454.9794,338.1107,398.7809,339.6078,359.7437
5049,,,272.7562,,,1236.1541,1412.9206,1655.3692,517.0087,1241.8373,1819.8978,1714.4245,386.5952,1696.6447,1522.9718,1806.0101,380.9734,882.5513
216,,,,,,,,,,138.6027,,,,,,,,
217,3394.27,,,1329.5945,1929.1621,,,,,,,,,,,,,4790.1163
220,,,,,,595.6061,691.1471,488.7636,,,137.674,,,204.5493,,203.4803,,157.9387
221,,,,,,,,,,,,,,,,121.7768,,
5050,,,,,,180.0216,148.9125,206.5573,,,223.2142,211.8471,,220.2988,192.3658,219.0595,33.9247,108.5863
5051,,,,,,3443.9275,7953.4711,5920.0315,,3052.8305,6361.8881,4281.6247,,4279.9379,4198.4538,4557.2071,,3178.6735
223,,,,,,,,477.4158,,,,,,170.7333,,,,
224,,,,,,34845.2897,93770.29,61920.9033,355.591,42684.999,69515.119,49861.6177,150.9525,48098.892,47725.6783,54189.5217,,30118.7252
226,11418.892,1061.9457,,2893.2492,5231.2354,,,,,,,,,,,,,12368.4935
5052,,,,,,286.0961,241.4852,271.2462,,196.6372,323.1726,301.2442,,251.6171,238.1434,,,141.4587
227,4436.6655,,,1678.0676,2310.5413,,,,,,,,,,,,,5896.9915
228,,,,,,392.6233,463.247,518.3824,,,553.8623,415.7081,,559.0579,438.8474,622.6429,,261.9807
5053,,,,,175.4547,,,,,,,,,,,,,323.212
230,,,,,,,,,,,,,,,,98.4377,,133.3084
231,,,,,,,,132.7295,,,,,,,,,,
232,,,,,,,184.6768,187.1787,,,,,,,,,,
234,,,,145.813,,,139.1977,,,,,,,,,,,484.3397
236,279.3112,544.6627,640.0334,,417.4275,,,,,392.0108,,,,,234.0368,,,371.7091
237,,,250.3856,,,,,,,,,,,,,,,
238,,,,,,,,838.8224,425.7378,174.7255,,,,252.1394,,358.3926,151.379,294.0733
239,,,,,,,,,,,,,,,95.2526,,,
240,,,,,,745.6879,693.4584,939.0319,449.7507,279.5679,424.8307,321.7241,,737.664,821.2879,903.962,102.1959,420.9054
242,,,95.3176,,,,,129.5428,103.3838,,,,,,,,,
5054,,187.8701,225.8374,,213.0563,201.826,,,,,,220.6988,,,,,158.9033,
243,,,,,,,,,385.3039,377.3636,382.116,,,338.7303,,,,
5055,,,,,,2427.5263,528.5832,1110.486,,,,,,,,182.8691,,
5056,,,,,,266.9852,142.9284,444.3634,,,,141.6785,,,,,,
244,,,,,,12805.9177,4943.5441,6907.618,,526.403,620.4995,498.783,,,291.948,1932.1346,,1059.9519
245,,,,,,538.8458,550.6129,654.4435,,849.0457,1335.3096,1049.588,,877.6217,835.6959,1226.7682,,616.4166
246,,,,,,,,268.5013,,121.7492,185.617,342.603,,,,,,
247,26266.582,3189.9888,411.3529,9189.1196,14511.205,,,,,,,,,,,,,32565.1808
249,317.4931,,,125.4224,134.0694,,,,,,,,,,,,,469.7362
5057,,,,,,,,,,,,,,,,,,409.3711
250,,,,,,372.0758,251.4916,380.562,,,151.3789,363.1504,,,,,,
5058,,,,,,,,,,,198.7582,156.5541,,,,,,
252,,,,,117.9946,,,,,,,,,,,,,306.2361
253,,,,,,193.3173,194.7963,281.6855,,,156.2343,152.8968,,,,,,
254,,,,,,908.711,347.7222,412.4508,,,,,,,,,,
255,,,,,,112.3034,145.5803,171.3623,,,93.2086,,,,,,,117.444
256,,,,,,188.6107,228.9673,238.5743,,101.5089,242.951,196.4006,,236.7325,170.7208,227.5357,,157.1023
257,2954.6345,,,,1535.5404,,,,,,,,,,,,,4382.3929
258,,,,,,,,275.5672,,,,,,166.3798,,,,
259,,,,,,134.547,,230.0134,,,,,,,,,,
260,,,,,,160.418,220.1558,170.3184,,,,,,,,,,
262,,,,,,,,272.9656,,,447.9436,385.758,,,,,,158.1653
265,,,,,,136.898,,125.331,,,,,,140.1793,,153.3041,,
266,,,,,,,,,,,,,,,,,,154.775
267,,,,,,,362.8717,,,,422.8355,398.9067,,351.9894,,,,264.6196
5059,,899.9561,1933.3348,,,,,,,,,,,,,,,
5060,,,,,,111.0309,,,,,,127.6529,,,,,,
269,,,,,,,,,,,114.3893,,,,,118.9946,,
270,,,,,,109.7398,178.2455,,,,,,,,,,,
271,,,,,,221.8405,239.6377,240.3177,151.1023,333.6521,364.1342,355.1517,,253.5425,208.855,260.6549,70.7924,176.3403
272,,,,,,,131.197,,62.1406,,85.5501,93.7571,,,139.1155,139.462,31.3258,76.8394
273,,,,,,145.0252,175.7272,,,51.2211,,76.9588,,,,135.3752,,
274,,,,,,196.1738,228.6944,265.1844,,,108.79,,,283.1451,290.5483,436.9688,,
5061,,,,,,774.0433,666.9692,1084.8128,,215.5172,445.0798,346.1043,,467.3464,399.1642,675.3499,,404.1282
5062,,,,,,,270.0788,,,,413.314,226.1353,,137.2375,138.8334,160.102,,
275,,,,,,109.513,,,,,108.688,,,,,,,599.3648
276,,,,,,,,659.5769,,,,126.2897,,,,,,
277,,,,,,,,,,357.5582,279.7519,258.1524,276.5246,,,,,164.5132
278,,86.3794,,,,134.0226,,115.2291,,97.7643,,,160.546,,,,,
279,,,,,,109.534,114.0287,,,107.2597,185.6322,162.802,,,,,,
280,,,,,,,,,,140.4448,244.7341,185.2184,,,,,,
281,,,,,,,120.4648,119.5928,,,142.6482,,,,,,,
283,,,,,,,,,,,,,,,,,,116.4755
284,,,,,,,,120.4446,114.7887,,211.5468,165.318,,,,,,
285,,,,,,236.9478,349.2895,194.3344,,,,,,,,,,
288,,,,,,1924.5042,2124.392,2153.1028,,1880.7141,2764.7079,2471.451,594.9282,2222.2822,2027.2323,2355.1181,509.6146,1530.0185
289,,,,,,,,,,,,,,168.0635,,,,
290,,,,,,,633.1672,805.9274,,,,,,,,,,
292,,,,,,114.0947,,,,,,,,,,,,
293,,,,,,358.0741,365.8598,394.269,167.4321,352.9148,497.1006,453.6143,105.6462,387.0806,337.8132,401.201,87.3616,271.4471
294,,,,,,,,,,106.9137,180.6142,144.5405,,,,,,
295,145.5827,118.2447,,,112.1908,,,96.8302,,,,,,,,,,
297,724.8172,,,,,,,,,,,,,,,,,855.5108
298,,,,,,234.5277,289.0644,251.5048,,95.7557,197.636,158.3458,,163.0129,202.558,240.4452,,
299,,,,,,284.2827,351.9742,243.6075,,,,,,,,,,
300,,,,,,,124.427,,,,,,,,,118.9911,,
302,,,,,,587.5879,664.3178,633.2388,634.4606,646.0501,831.2598,763.672,,749.2854,675.8674,742.977,256.8084,
303,,,,,,,,,156.0591,288.7967,424.6709,,91.6208,356.5417,,,,237.1681
304,949.7638,,,,558.3951,,,,,,,,,,,,,1174.8171
305,,,,,,,,,,306.7732,643.6199,428.2556,,,,,,
309,,,,,,,,,,,729.9891,188.4339,,,,,,
313,,,,,,513.2702,591.1396,948.6192,,482.37,755.6596,566.8326,,871.7355,699.0726,1407.9819,,386.9381
314,,,,,,,224.9195,,,,,,,,,,,
315,,,,,,,,191.5611,,,,,,154.2746,,202.5187,,185.8853
317,,,,,,245.1736,,141.2305,,,,,,,92.1338,156.7377,,
5064,,138.1875,,,99.9109,,,,,,,,,,,,,
5065,,869.7425,1069.6895,780.0402,,302.3908,,,,,262.4308,,,,267.7235,,270.4492,
5066,,,,,,,603.2684,,,,,,,,,801.3774,,
5067,,,,,,253.9967,248.5084,223.9022,,,,,,,,,,
318,,,,,,1061.3095,1267.7566,976.7249,,,1430.6107,,,,,,,
319,,,,,,,,356.7298,,,,,,,,,,
322,,,,,,,,353.3153,,,401.1301,1052.0058,,759.7638,,303.5827,,
323,,,,,,,107.861,,,,,128.9671,,,,,,
328,,,,,,,141.0684,,,,,,,,,123.9111,,
329,616.7535,,,182.8647,,,,,,,,,,,,,,726.2094
330,,,,,,,,,,,,,,,,105.5057,,
331,303.0016,,,,181.301,,,,,,,,,,,,,
332,2122.6733,,,571.8151,1337.3491,,,,,,,,,,,,,2501.0964
333,,,,,,288.267,335.5853,,,,,,,,,,,187.1864
334,,,,,,,,,,,213.6424,,,,,,,
335,,,,,,222.834,,,,,368.4082,,,,188.4244,,,
336,,,,,,,,150.8117,,,,,,,155.7821,245.2619,,
338,,,,,,,,,,,,,,,,292.3758,,
339,,,,,,,,,,,180.6314,,,,,260.4899,,
341,14600.8296,,,,7902.5026,,,,,,,,,,,,,20750.1466
342,339.729,,,,175.5011,,,,,,,,,,,,,
343,,,,,,2173.3686,2275.742,3499.6927,,564.0871,937.4891,683.9449,,7159.9272,6133.975,7510.9868,,1913.0018
344,,,,,,,199.4064,,,,,,,,185.1567,,,110.9385
5068,826.7465,427.992,368.707,547.3301,,,,,,,,,115.6338,,,,,803.2241
5069,,,,,,2895.3101,2632.2832,3079.9813,2603.9801,2470.2502,4046.9472,3533.9837,839.5367,3124.3601,2858.0347,3227.862,793.9412,1420.5553
345,189.695,1232.936,1650.408,,684.9438,,,,,,,,261.2879,,,,,
348,899.6387,1105.6517,1209.0864,950.2074,996.5548,,,,1799.7734,3669.3733,3886.7318,2530.1381,30631.7107,3099.9233,3855.1774,7975.9926,3712.2155,4513.7275
349,,,,,,405.5193,386.1372,334.8088,221.3964,377.7715,602.0156,442.5579,178.2909,499.5976,427.9653,513.5139,191.7156,302.0314
351,,,,,,466.388,483.5953,,,229.4366,356.3884,,,420.3119,,,,
353,,,,,,,185.6374,,,,,,,,115.3535,,,
354,,,,,,310.177,289.331,287.543,275.7842,,164.0232,101.7338,,,,180.2168,,
355,,,,,,141.1955,312.1803,218.3323,,,,142.8852,,160.0175,151.6509,,,
356,,,,,,,220.3897,,,,224.9251,,,,197.4657,,,
357,,,,,,675.5323,820.2338,572.9758,,,,,,,,,,
358,,,113.7831,,,,,,,,,,,,,,,
359,,,,,,172.4982,199.1417,155.3032,,,,,,139.5421,130.2948,207.8584,,
360,,,,,,248.3858,,243.1457,,,236.3008,,,421.5399,355.48,574.6109,,128.4182
361,,198.4649,,309.2142,,139.6619,181.3869,177.7635,,,,198.6066,286.2858,,,,290.1104,
363,,,,,,,,,,,,,2960.539,,,655.6788,,322.1069
365,,,,,,408.7368,1039.9831,741.461,,,,,,311.2311,,,,
366,,,,,,12526.618,,2664.6191,,,,,,,,,,479.8324
368,,,,,,,,,410.2851,,,,508.4804,,,,360.977,
369,,,,,,,57.6253,92.218,,,,,,123.9215,,,,
370,,,,,,,,,,,67.3435,,,,,49.1992,,
371,144.1518,,,,,,,,,,,,,,,,,156.3279
372,,,,,,,,,,,,,,,,227.5774,,
373,103014.91,12410.169,1430.3871,34385.93,58332.496,,,,,,,,,,,,,125667.7725
374,,,,,,,190.9214,,,,,,,,,117.6405,,
5070,,,,,,,,,,,,,,,,,,427.1726
376,121.4254,79.8193,133.1096,,82.2778,88.7713,102.7582,,99.7199,87.7961,,95.6444,,101.0805,93.1208,73.5624,,
377,,,,,,,,,,,74.7012,,,,,,,
378,,,,,,473.461,,,,282.1901,424.9385,,,,819.2712,986.2838,,253.8497
379,,,,,,29258.4628,31753.2248,32254.1791,15064.3241,28275.4424,38926.1674,35290.7001,10000.8161,32119.7304,30764.7054,34149.4938,8664.0594,23196.2869
380,157.7325,,,,,,,,,,,,,,,,,
381,202.7685,,,,,,,,,,,,,,,,,
5073,,,,,,,,,,,238.901,,,,,,,
382,,,,,,146.2741,,140.5126,,,,,,,87.0875,120.0825,,
383,,,,,,,,262.4741,,,,,,224.4377,187.7366,254.8212,,137.6392
384,,,,,,107.4965,,128.9258,,,,,,145.1237,,,,
385,,,,,,,176.2863,197.0686,,,161.3972,,,,,,,
386,,,,,,,,,,,292.6649,,,,,,,
392,,,121.0762,,,,,,,,,,,,,,,
393,,,,,,188.1486,,218.8734,,,185.3894,183.2288,,215.3315,,,,
394,,,,,,197.2133,313.8756,314.4422,,171.022,344.6304,255.9298,,302.2572,214.7388,246.9613,,
395,,,,,,273.5986,301.9654,,,,,,,,,221.0337,,
5074,,,,,,768.643,712.0985,900.8985,,172.7086,,,,1484.6019,1304.8115,1156.5631,,
397,,,,,,,,478.3209,,,,,,905.0093,774.0104,767.1638,,
399,,,,,,5854.9116,6329.6516,6349.0138,2945.1479,5589.1332,7732.7871,7000.6848,1928.9707,6311.3599,6051.4449,6717.7475,1692.8689,4551.171
400,,,,,,407.9974,1092.7541,1025.0423,,397.5576,376.2249,957.7249,,782.4167,,462.4336,,284.7282
5075,1993.9435,97.6778,,425.8209,1031.2462,,,,,,,,,,,,,2108.3166
401,21246.63,2781.8271,336.4543,6789.1518,11516.586,,,,,,,,,,,,,22855.8148
402,,,,,,181.4892,184.6852,152.7596,,,291.8026,,,193.8062,187.731,205.9999,,
403,,,,,,,92.7726,,,,,,,,,,,
404,,,,,,,,,,,55.574,,,,,,,
405,,,,,,68.2163,,49.2047,,,53.1669,,81.5476,66.2987,67.0425,,77.9897,
407,,,,,,930.598,1084.0837,1135.6857,,354.4784,792.1144,,,,,,,
408,,,,,,,,,,,,,,,,311.0349,,
5076,,,,,,,,,,,,,,,,,,243.1425
5077,,,,,,,,,,,,,,,,,,275.3861
409,,,,,,4815.6724,5220.1462,5257.5802,2421.041,4588.6693,6494.0339,5884.7318,1550.3051,5235.4019,4978.4859,5539.5663,1392.8194,3779.1806
411,,,,,,,136.8332,120.5666,,,,,,,,,,
5079,,367.3817,399.204,,,,,,,,,,,,,,,
5080,,,,,,1074.1985,769.1562,725.7795,,697.2939,1271.7221,872.1124,,,,529.3576,,
414,,,,,,392.7965,259.642,340.3553,,124.2643,240.4483,157.378,,146.0659,152.9093,,,175.2893
415,94.2997,,,,,223.0572,268.9327,316.7172,,187.5523,,,,280.1768,207.2865,316.8818,,178.3286
413,,,,,,274.5359,286.1788,284.1935,151.3521,185.0096,299.6438,249.3221,,300.1059,190.912,345.8491,,161.7785
416,,,,,,,,120.3828,,,158.8722,,,,158.5665,207.1505,,
417,,,150.456,,,,,,,,,,100.1748,,,,,
418,,,,,,,223.9666,309.1729,,,171.9015,152.8018,,270.2389,236.2729,315.4025,,
419,,,,,,,,,,,103.5752,,,110.4175,,112.3236,,
420,,,,,,,148.0382,189.7511,,,,,,,,195.6695,,
421,3283.0653,,,,1971.1542,,,,,,,,,,,,,3094.5163
422,,48.1906,55.9937,111.333,85.7889,59.7296,85.6044,63.6853,119.0889,63.4413,,79.0407,129.7335,,,,113.3734,
5081,,,,,,376.6145,349.5023,701.3369,,175.3886,517.924,373.0633,,1084.9691,1004.276,1398.7323,,457.8772
5082,,,,,,,,,,,158.8511,,,,,,,
424,,,,,,,,,164.3459,,,,,,,,,
426,,,,,,,32.9931,,,,,,,,,,,
427,,,,,,84.3631,,,,,,,,,,,,
428,,,,,,10251.9457,10765.2417,13906.518,5596.8636,5746.4002,9169.3327,6820.161,,8599.0352,7864.7185,9887.8397,1392.6217,6206.0461
429,30278.441,3188.3174,,10539.2173,16813.377,,,,,,,,,,,,,43624.7622
430,,,,,,,,,475.7393,,,,,,,,114.8267,
431,,,,,,,,5666.0695,338.7865,,,,,,,,,
433,,,,,,,,,,,216.627,161.9599,,,,,,
434,,,,,,390.2476,,,247.0275,,,357.9528,,,543.0578,578.496,236.699,
438,,,,,152.142,181.2592,257.5525,242.363,197.0376,254.3939,458.0513,354.6791,156.2419,267.8073,190.5269,359.2124,138.3937,254.6598
439,,,,,,181.4691,233.2608,,176.0734,125.9738,278.2945,190.3469,163.5749,173.6118,,159.6493,,
440,,,,,,131.295,109.3852,117.1356,164.911,,125.2828,114.4088,131.9878,,,,,
441,957.7317,297.0732,,,726.7918,,,,,,,,,,,,,
442,144.2371,,,,,,,,,,,,,,,,,
444,,,,,,,215.7917,,,,,,,,,,,
445,,,,,,106.0148,698.1792,,,,,,,75.4122,,,,
446,,,,,,,,572.9555,,,,,,,,192.8931,,
447,,,,,,117.5738,149.3765,113.5958,,,151.8562,201.7366,,128.5055,,136.2711,,
448,,,,,,190.6354,219.0086,221.9899,,182.0468,226.5148,151.0063,,,,134.6408,,
449,,,,,,114.7835,211.2882,123.2202,,,,,,,,92.3763,,
450,,,,,,,317.4508,111.5523,32.9117,,,,,,,105.924,,
451,1874.7505,,,,,,,,,,,,,,,,,2652.5916
452,,,,,,,,,173.9762,,,,,,,,408.4267,
453,3515.733,,,,1841.9913,,,,,,,,,,,,,5202.6386
454,,,,,,,,,,,,,,,,,,423.2017
455,3841.2058,,,1225.866,1997.95,,,,,,,,,,,,,4261.705
456,,,,,,,,,242.7728,,663.1396,635.2216,,,,628.726,,382.5425
457,,,,,,,111.7916,,,108.0573,208.7122,152.6318,,,,126.1831,,
460,,,,,,,,,1036.6267,,,,,116.2281,,249.0449,,
461,,,,,,,,,,,,,,,86.6317,,,
462,,,,,,76.0541,84.3584,82.7849,,69.0337,,91.5669,,,,79.5,,
464,,,,,,,630.5218,347.3629,,,,,,,188.0485,,,
465,,,,,,,,,,109.4102,,,,,,,,
466,1159.322,,,,642.5462,,,,,,,,,,,,,1261.2852
467,,,,,,235.7489,,,,,,,,,281.885,367.7903,,
468,,597.3154,674.5435,,656.4194,,,,793.6555,,,,,933.3244,775.8617,1083.0642,,1096.4038
469,,,,,,,,,,155.8366,202.8976,180.8697,,,,151.8171,,
470,59.2234,,,,,,,,,,,,,,,,112.1232,
472,362.4027,165.7384,,,247.8862,,,,,,,,,,,,,361.024
473,,,,,,469.078,,,466.6384,439.1747,653.4076,,208.7444,,,599.1497,,442.0296
5084,1442.7743,,,,725.0068,,,,,,,,,,,,,1453.8474
474,,,,,,,,,,,,,130.2456,,,,,
475,498.421,,,,,,,,,,,,,,,,,495.3617
476,,,,,43.5625,145.1783,,87.6577,81.586,,100.7446,106.3307,79.4253,,,,61.8059,
477,,,,,,,,412.7168,,,357.845,,,558.5356,502.8775,866.1844,,214.1881
478,,,,,,,,,,,,,,,,183.4905,,
480,,,,,,,,,,3053.4974,3207.5325,4216.4446,4279.4282,2698.554,1989.1949,2183.1896,1948.7697,
481,,,,,,1127.6422,1165.0028,1486.1804,,353.8807,681.11,431.4872,,,771.1661,1057.1014,,541.1348
482,,,,,,,,,585.5146,,,,,,,,1163.3834,
484,,,,,,,,,,,2860.7103,888.5247,,,,,,
487,,,1377.6633,,594.1826,,,,,,,,1569.2756,,,,1597.7047,
488,21607.5791,,,5490.9815,11284.3451,,,,,,,,,,,,,19552.6536
5085,2675.3645,,,549.6521,1243.2113,,,,,,,,,,,,,2887.4119
489,511.9981,532.6367,,1097.1582,397.1264,,,468.021,,,,,233.1998,,,,,
5086,3657.626,141.6428,,1093.6258,2011,,,,,,,,,,,,,3752.8656
490,12723.65,1587.5482,204.7574,4466.031,7701.9824,,,,,,,,,,,,,16488.323
492,89.3023,,,,,,,,,,,,,150.5238,,255.3448,,118.3133
493,336.5657,,,,244.2676,,,,,136.1295,,,259.8796,,,,,471.6559
495,,,,,,,,,,,,,,,,118.7104,,
496,,,,,,,217.0844,373.9982,,,,114.1548,,,,180.4996,,469.2726
497,9852.95,,,3177.0621,4779.4175,,205.8155,151.2537,,,,,,111.4447,,,,10591.9928
498,,,,,,,,,,,190.1937,,,151.2374,193.3983,218.0785,,
499,,,,,,,,,,,,,,,,,,919.0583
5087,,430.2203,499.1619,,,,,,,,,,,,,,,
500,,,,,,84.9624,,145.4462,,,,,,79.023,84.3422,100.5778,,
502,,,,,,,,,,181.9229,,,,580.8054,,,,
503,1271.5322,,,356.7184,563.4898,,,,,,,,,,,,,756.6991
506,,,,,,,,,,,206.1967,147.6021,,,,,,
504,,,,,,,,,,,170.5177,,,,,,,
507,,,,,,,122.1275,,,86.754,148.1537,,,304.6336,,,,83.7436
508,668.4867,,,,,,,,,,,,,,,,,749.7303
509,,,,,,222.474,300.9551,247.3407,557.6496,197.0084,498.7415,432.9584,499.6918,368.049,124.9792,211.3648,244.6031,
510,13818.8801,,,3440.4867,7149.7681,,,,,,,,,,,,,12495.3577
5089,,,1042.6427,,,5593.1532,5290.521,6036.5695,2130.8393,4244.717,7273.698,6322.1006,1620.9823,6046.5425,5800.7153,6264.7445,1606.85,3220.8208
511,,,,,,,,262.3255,,,,,,377.7678,,,,
512,,,,,,,138.0475,132.7779,,,151.1442,,,160.2763,116.8368,,,
513,651.4321,61.2092,,207.197,339.8331,,,,,,,,,,,,,717.3323
514,,,,,,,114.8254,129.2313,,,,,,,,,,
516,,,,,66.5515,,151.7066,,,,199.2762,132.0442,,,,192.8676,,
517,,,,,,171.3545,177.5546,171.4953,,,135.619,,,158.2137,129.3738,194.9868,,
518,,,,,,281.9995,234.835,342.081,,190.4213,253.8166,220.3688,,269.9044,,340.724,,245.1872
519,,,,,,,,148.7432,,,161.6678,110.3883,,169.4708,152.793,,,886.4201
520,,,,,,323.0701,441.4815,,,,528.5151,,,,,,,
5090,1501.9055,,,279.3357,561.4066,,,,,,,,,,,,,1747.9185
521,,,,,,,322.3328,236.8726,,,,,,181.3841,177.1584,195.2334,,258.5138
522,,,,,,,,1290.8875,,,300.9235,147.6193,,240.3611,239.1174,389.4573,,
523,922.41,,,,499.1073,,,356.5737,511.6343,126.2156,167.782,,,235.573,184.8849,330.867,,994.7845
5091,,,,,,882.4325,860.1325,999.3888,367.9736,735.8156,1171.7459,1056.6861,295.9525,1005.1088,947.5822,996.3496,290.3947,549.5968
5092,325.6746,310.3491,,,331.1316,,,,,,,,,,,,309.6279,225.3506
526,,,,,,104.4824,,,,109.3303,205.2498,,,,,,,
527,,,,,,289.3157,,449.3948,,,195.7556,,,293.6787,279.7955,359.001,,
529,,,,,,111.2964,89.8038,110.2049,,,70.4072,,,129.5787,120.009,200.3708,,
531,2078.9115,,,501.8588,1106.6268,,,,,,,,,,,,,1970.9968
5093,,,,,,1816.1929,1473.3251,1725.2074,916.0055,1198.7155,1868.5555,1855.9052,509.6675,1741.566,1656.5442,1815.8532,479.6582,633.5359
532,119.4686,,,,,,,,,,,,,,,,,
5094,268.5867,,108.7237,,224.6594,136.0779,152.4109,135.5371,,130.8262,,120.3542,,,137.3531,142.2227,,537.8284
535,15785.4843,,,,10086.9063,,,,,,,,,,,,,18157.0653
537,,,,,,,,,216.956,,627.2525,,165.7507,459.8594,,,168.5607,
538,,,,,,376.0179,333.922,468.7947,119.3133,,272.5689,159.5307,,827.4265,562.0685,507.0548,,
539,,,,,,,,276.5769,,186.3957,259.9081,223.5563,,292.7274,392.3354,313.9009,,259.572
5095,,,,,,,,,,,,,,143.8595,122.7755,201.0569,,
540,4953.314,482.7127,,,,354.2616,298.3405,,101.612,180.1327,400.6669,270.1052,,,248.3587,408.0434,,4957.4773
541,,,,,,331.1351,354.7877,312.0536,,119.8395,196.752,206.7918,,337.9662,271.2455,409.2174,,131.9403
542,,,324.6973,,,,,,,,,,,,,,,
543,92197.78,10842.406,1345.7006,31861.672,51300.438,,,,,,,,,,,,,114125.8665
545,,,,,,233.0604,,,,,204.4701,,,,,,,145.9965
546,,483.098,534.9348,,,378.6106,361.0023,314.0827,246.4256,373.248,475.9007,510.4833,166.4931,390.9995,,361.7076,,
547,,,,,,305.645,510.56,292.5792,,,,,,111.2464,,137.8028,,
548,,,,,,,,,,,,,,1940.3567,,534.0816,,
5096,3181.861,362.5484,200.1962,723.1237,1098.3967,,,250.4476,200.8854,,,,,,,,,3756.9892
550,,,,,,203.1123,203.1271,163.552,,,154.0378,176.7938,,212.0313,200.3928,245.9561,,
5097,14401.584,1933.8088,,5175.7876,8379.933,,,,,,,,,,,,,17124.226
553,,,,,103.6041,,,,108.7874,114.6134,127.5887,,118.4667,,,,154.1657,
555,,,,,,133.2787,131.3284,175.1189,,,292.5473,207.0465,,,174.416,257.0429,,
554,,,,,,112.8262,312.0229,247.0423,,,291.6512,,,,106.0787,190.0146,,
557,,,,,,88.286,,,,,174.6121,87.9208,,,,,,
558,,,,,,,121.8628,,,,,,,,,,,
559,,,,,,,,,,,,,,,,,,307.0439
560,,,,,,,245.2393,,,,,,,,,,,
561,,,,,,,,,,,,,,,201.2433,,,
562,,,,,,274.2904,281.0523,266.0325,,196.1572,358.3981,224.8375,,,146.5699,284.0067,,
563,,,,,,,132.9747,,,,,,,,,249.3449,,
564,,,,,,,,176.0572,,,191.3189,124.4878,,417.3551,,553.4001,,142.1687
565,,,,,,,244.8837,,,,,,,,,389.1779,,
566,,,,,,106.9644,110.9079,105.2892,,97.6532,103.4424,,,112.6839,100.2826,138.4398,,
567,,,,,,,,,,,,,,237.8049,,,,
568,,,,,,,706.7267,,,,,,,753.0092,723.2814,953.715,,
5099,472.3062,82.6109,,143.8509,225.2082,84.8661,,82.6792,73.6653,88.2148,,81.0293,,82.4133,,,67.213,572.9442
569,172.3992,,,,,200.3776,194.9558,194.7292,208.6595,179.3145,168.1854,175.4832,,170.6581,183.3709,191.1927,,161.7647
5100,,,,,,,,,,,,,,,,,,412.1913
5102,,,,,,,,,,,,,,259.9981,,,,
5103,,,,,,,,,,,,,,175.2481,,227.8477,,
572,,,,,,93.8006,,,,,117.6421,,,107.2012,,144.959,,
573,,,,,,,363.3382,204.4544,,,290.9461,,,220.1431,,274.1374,,139.6455
574,,,,,,,388.3588,,,,134.7141,,,,,,,
575,,,,,,,175.9992,,,,,,,,156.1559,,,
576,,,,,,964.4208,,1097.5178,457.6504,,587.3713,452.2286,,1875.8446,1539.7007,1733.769,,
577,,,,,,582.0572,526.2555,556.7102,265.8046,225.6049,402.5331,305.05,116.5972,488.5615,425.1097,560.3975,136.2728,283.674
578,885.5186,,,,445.0428,,297.6662,266.6445,,170.7904,197.224,,,164.9995,227.0511,212.7277,,1094.1023
579,,,,,,,283.4052,,,149.8704,223.3008,,,216.4258,155.1734,,,200.977
580,,,,,,,,,146.4761,,,,,,,135.5623,,
581,,,,,,171.5606,,192.572,,,,,,100.1629,,,,
582,,,,,,295.9176,293.8002,283.2869,,129.2612,289.9358,321.6624,,271.3588,295.3264,425.3907,,
583,,,,,,,184.7344,,,,,,,152.868,,,,
584,,,,,,546.5228,556.6024,598.5095,111.3928,,,153.8512,,307.8589,,,,
586,,,165.1296,,397.3818,,143.5999,,,,,,,,,,,
5104,703.715,,,123.5204,410.0277,,,,,,,,,,,,,899.1524
5105,122.0912,,,,,,,,,,,,,,,,,126.3763
587,,,,,,,,,,,,128.7383,,,,,,
588,9915.7127,954.0119,,3086.3634,5332.123,,,,,,,,,,,,,12790.0709
589,,,,,,,94.5543,94.9902,,,,,,,,,,
590,,,,,,,68.3156,,,,64.9007,,,,,,,
591,,,,,,,,,,,,,,58.424,,,,
592,,,,,,69.648,,92.565,,,98.3779,,,,,85.6147,,
593,,,,,,,93.2296,117.9398,,,,,,,,202.9566,,
594,,,,,,87.7064,,341.8958,,,,,,,,,,
5107,639.1439,369.3107,,455.2092,510.7064,593.5991,576.7789,591.6752,462.8608,499.0937,601.6495,556.4042,385.3286,613.2113,630.9635,639.8587,,653.7518
5108,,,,,,,,,428.1086,,,,,,,,,880.8659
595,,,1193.5231,,,16459.5587,17007.5711,17798.7951,18122.1214,16619.1107,21048.6724,19447.4004,7502.0393,17528.2231,16462.2824,18900.7111,6362.3494,14051.4579
5109,,,,,,,92.5364,,,,227.462,160.106,,,,,,
596,,,,,,,,,,,,,,,193.308,,,
599,,,,,,,,,,,126.5543,,,,120.7192,,,
600,280.101,389.5142,,,266.5828,,279.9292,,262.8943,,,,,,,,,260.7884
601,,,,,,147.6489,,193.498,,,245.6582,209.017,,,,,,
602,,,,,,150.7663,,167.2252,,,249.4079,,,,,,,
603,,,,,,,,2021.1238,,,3405.8185,,,,2450.6298,,,1328.1455
604,453.7055,,,,271.0903,,,,,,,,,,,,,566.7064
606,,,,,,,,,,,,,,123.7808,,156.6414,,
607,,,,,,519.813,654.8659,772.3528,210.8382,213.4486,355.0364,354.4969,,640.0453,401.135,891.1059,,283.325
608,,,,,,554.4226,683.4698,469.0627,744.8866,217.4394,,,,461.0637,,,,
609,,,,,,349.5529,242.604,352.9812,141.4625,244.8973,276.5811,,,310.2812,369.0944,496.2489,,310.9358
610,,,,,,260.451,235.7134,262.0596,,,201.3588,187.0366,,255.1132,243.2541,321.8386,,
611,,,,,,331.4578,420.3934,446.6176,260.7074,216.0725,312.4311,,145.3027,152.9289,,225.469,137.3565,160.7341
612,,,,,,79.4207,91.4521,60.319,,,,,,,,,,
613,,,,,,739.2836,742.7834,549.0046,,,,,,,,,,
614,,,,,,73.7262,74.2212,114.5193,,,,,,109.3177,101.6777,,,
5110,,,,,203.9156,,,,,,,,,,,,,
5112,,,,,,,,,,,,,,581.0889,511.2188,,,136.3706
616,,,,,,,,,,142.7258,219.8774,124.225,,,,,,260.7314
617,,,,,,,,,,,,,,1044.7762,899.9256,862.8775,,
618,,,,,,7851.7117,9953.6884,9385.356,,3071.6571,6800.8768,4140.9001,,6790.077,7207.0017,8075.6652,,4184.4432
619,,,,,,,215.4609,,,,,,,,,,,
620,,,,,,192.0466,332.0022,237.3014,,184.8761,463.6094,257.1167,,245.8848,354.4038,325.3383,,182.8061
622,,,,,,,369.0287,,,,,38.254,,,,98.6919,,
623,,,,,,,,,,,,,,,,331.8282,,
624,,,,,,1764.9275,1777.6416,6519.1098,1187.9798,,,,,,,,,535.2995
625,,,,,,55.9313,,,,,,,,,61.2287,,,
5114,,,,,,,,,133.6727,,,,,,,,,284.36
627,,,,,,197.1297,219.788,234.1858,203.4576,,284.5384,249.3354,,223.0836,,212.2894,,182.893
628,,,,,,,,,,,,,,670.2839,,,,
629,,,,,,91.4802,,,,,145.6874,,,89.0243,,116.3284,,
630,,,,,,,,195.2711,,89.8632,167.5494,130.1414,,201.901,,310.3587,,
632,,,,,,,,,,,,,,,,102.2431,,
633,,,,,,,81.1364,93.5437,,,,,,,,,,
631,,,,,,,503.3158,341.9723,,,131.9353,108.6176,,139.0544,95.8551,226.5741,,
634,,,,,,154.8508,221.6907,225.8632,,,141.9267,,,,77.8674,,,
635,,,,,,,,,,,216.8356,,,,,,,
5116,,,,,,,,,,,,,,196.6789,,,,
5117,,,,,,,,,,,,,,,199.5707,,,
637,,,,,,,,,,,,,,321.7579,308.5118,273.1164,,
638,,,,,,,,,,,,,,444.4061,387.8232,341.892,,
639,,,,,,2465.2532,3142.2642,2935.5404,,,2176.5468,1259.3533,,2090.5357,2180.7771,2492.7044,,1272.9201
641,,,,,190.4082,,,,,,,,,,,,,
644,224.3177,,,,,148.8376,215.2109,,,,,,,149.6594,,,,
647,,,,,,,,,,,127.1623,,,,126.5716,,,
648,,,253.204,,257.6951,211.4229,223.1827,,,,,,,,207.3577,,,
5118,,347.4624,,,,,,,,,,,,,,,,
650,,,,,,407.8638,383.466,436.4586,422.2863,422.5101,490.8865,447.138,195.3792,417.9377,412.0092,438.4882,153.4389,
654,,,,,153.6648,,,,,,,,,,,,,
655,140.856,,,,,,,,,,,,,,,,,
657,,,,,,209.0243,188.7484,239.336,213.5713,356.2785,515.6864,,152.4107,283.7797,255.2046,429.9876,132.776,
658,,,,,,,,,125.097,145.2678,,,114.1589,,,,,
662,,,,,,710.1352,713.7054,718.2956,779.4796,,892.5315,806.1154,313.4249,797.793,715.26,798.0706,240.9299,
663,,,,,,,,,,,,,514.9675,,,,,
664,,,,,,,,,,,166.4475,,,139.732,,218.4234,,
665,580.4537,,,182.3425,316.7545,,,,,,,,,,,,,710.561
666,,,,,,,,,,,,,,,,,,321.3761
667,,176.7399,162.3861,161.0651,,164.9045,,,198.7138,175.3792,201.127,,,,134.5421,165.2306,,189.2686
668,,,,,,,,85.1172,,,,,,,,,,
5120,4005.547,321.0864,,1007.3718,1755.2468,,,,,,,,,,,,,4102.2268
669,93761.69,10265.205,1230.0933,31347.213,52214.02,,,,,,,,,,,,,128649.646
670,90.1466,,,,,,,,,,,,,,,,,
671,130.8906,,,,108.8041,108.9616,,119.9464,,82.7236,81.0093,,114.4934,105.709,105.7554,,82.6076,353.5161
672,,238.7998,243.5509,,,,,,130.8474,106.9414,,,,,,,,
673,,,,,,,,,,,220.1039,221.9946,,,,311.6745,,
674,,,,,,3276.5019,3464.2534,4515.1768,2173.7609,1184.8396,2077.3448,1315.9066,,3173.5781,2869.3484,3762.5296,,1587.2324
676,,,255.8403,,,,247.3334,191.4727,113.7355,,,,,193.2942,168.2343,,,
678,,,,,,,,,,,1288.9342,,,,,,,
683,,,,,,,,,,,,,,,139.1481,204.939,,
682,,,,,242.1647,,,,,,,,,,,,,
684,184.511,,,,,,254.1842,,,,,,,,,,,300.4438
686,,,,,,,216.1148,,,,,151.5609,,141.4573,,178.1127,,253.5939
688,,,,,,,,,,,,,,,,,,2687.9588
690,,,,,,,84.6185,,,,,,,121.3665,,200.0601,,
5123,,,,,,,533.7599,,,,539.3449,,,719.4604,405.9275,576.5886,,414.5765
691,,,,,,,,218.0187,,,154.1872,,144.3812,,,,,
693,807.3839,,,,554.0843,,,,,,,,,,,,,796.3666
694,,,,,,,,81.102,,,92.8196,,,151.8834,136.382,177.2656,,
696,,,,,,222.7388,255.9228,,,,,,,,,,,102.4718
697,,,,,199.2492,,,,,,,,,,,,,453.322
698,,,,,,153.3673,,,,,,,,,,,,
699,,,,,,,,,,,638.363,,,,,,,
5124,,,,,,,,,,,,,400.1002,,,,,
700,73.6835,114.7241,82.9192,,,2173.9274,2651.9248,2977.5515,781.2083,864.1658,1590.9076,911.7771,159.1068,3082.4822,3767.1725,4320.9399,577.2956,1453.2427
702,,,,,,421.0514,483.4556,534.4621,,389.1097,765.94,544.2105,,884.0156,833.3852,1272.5743,,275.3507
703,,,,,,113.4278,,138.1621,,,97.0878,,,147.987,180.9273,275.5983,,
701,,,,,,,464.4636,271.5374,,,,,,403.5981,,402.603,,174.2707
704,,,,,,,,,,,,,,,230.6089,,,
705,,,,,,368.5978,400.5673,312.7241,126.6194,,229.9692,175.0915,,249.5145,219.3517,228.6682,,184.0164
707,,,,,,,,474.6616,,106.6445,150.8056,140.4164,,416.1653,,388.5844,,
708,,,,,106.5268,,,,,,,,,,,,,
709,76.3028,,,,55.4369,,,334.4457,236.7,,268.0046,200.8195,,245.3017,,575.9886,,229.0724
710,,,,,,,197.0084,,,,293.3348,163.4143,,265.0343,240.5727,460.5246,,
712,,,94.6351,,143.8289,392.475,632.8027,443.3269,295.7037,339.3788,488.4753,379.2875,,327.1463,355.0501,392.9134,197.6776,470.3848
713,,62.6313,107.7281,,38.628,,,,,,,,,,,,,
714,6140.0815,650.4911,,2124.8732,3639.546,,,,,,,,,,,,,7198.3273
715,,,,,,220.098,257.0491,212.7234,,,,166.0041,,,,153.9693,,
716,,,,,,,,,,,,,,,,129.9295,,
717,,,,,,166.9526,154.1126,,,134.9756,,,,229.488,,,,
719,,,,,,,,,,,,,,218.5662,,289.9744,,
720,,,,,,,,,,,,,,143.8182,,,,
721,293.8103,,,,172.1616,,,,,,,,,,,,,
722,,,,,,243.4003,208.634,334.2349,,,101.3587,,,156.7714,165.4166,212.4063,,
723,,,,,,,,,,112.5446,223.0809,,,,,,,
5125,92.6761,,,,,,,,,,,,,,,,,219.4438
5126,,,,,,,,,,,,,185.4267,,,,,
5127,,,,,,11923.3756,10583.9782,12126.4009,10422.7749,9957.3976,14850.3399,13222.1916,4060.886,12247.5429,11349.7969,12753.5284,4005.2535,6762.7146
724,,22.8106,,,,776.6659,770.452,884.2276,224.1606,279.4944,515.8905,333.2378,,853.0712,1125.0659,1429.9664,160.8939,431.5964
727,,,,,,,,,,1697.5987,1827.0874,,20702.4262,1225.3034,1482.2009,4656.4232,1691.0348,2553.7424
733,,,,,,230.6682,,,,,,,,,,,,
731,,,,,,1605.7393,1386.1802,1905.2121,596.2632,544.9396,977.7326,686.9992,,2673.0509,2377.4529,2388.5024,186.6539,328.5544
732,576.1516,,,,,630.3493,,754.0717,,,,,,529.4178,,,,715.1544
734,,,,,,139.5351,,279.6335,,,,,,,,,,
735,,,,,,,777.7385,416.1626,,,752.647,284.5459,,144.7638,824.7286,634.6609,,
736,,,,,,240.8605,265.966,,,,222.6348,187.817,,179.7947,179.1161,220.4324,,372.0342
738,,,,,,,,316.9791,,102.8699,231.0015,193.741,,323.685,378.5564,565.373,,144.2214
739,,,,,,371.322,410.6668,310.2396,102.9639,87.2121,186.9173,154.2423,,,232.5309,264.2161,,
740,,,,,,,,,,,118.2785,,,,87.611,,,
741,,,,,,,203.7733,210.2624,,,187.9622,,,395.5581,,,,
742,,,,,,,235.2928,,,,,,,227.4297,,234.8706,,
743,12173.1023,,,4301.2174,6504.8903,,,,,,,,,,,,,13696.9338
745,266.3604,,,,176.347,,,,,,,,,,,,,
746,,,,,,,,,,229.3156,,,2483.9837,,,577.026,,315.8527
747,,,,,152.4707,,,,,,,,,,,,,
749,132.6744,,,,51.803,,,,,,,,,,,,,
750,,,,,,,59.2956,,,,,,,50.9359,,,,
751,,,,,,140.8838,108.4742,,47.1621,,,,,230.0354,200.2863,217.8725,,
752,,,,,,,,,,,130.519,,,234.933,,,,
753,,,,,,47.4062,,68.5827,,,143.7282,43.5,,,,,,
754,,,,,,,,64.1383,,,70.1267,,,73.1214,66.7132,,,
755,,,,,,1157.3072,1104.5844,1103.4873,,,790.3807,,,1553.853,1208.0967,1281.3947,,580.9668
756,136.6308,,,,,,,,,,,,,,,,,200.5587
5128,14.6825,,,,,201.3881,142.2477,180.99,,148.2342,257.9514,192.1386,,234.9731,201.7698,,80.5789,
757,1518.0632,,,724.8074,884.6595,,163.0812,,,,,,,,,,163.5884,1757.5333
758,1244.1868,,,,,,,,,,,,,,,,,
5129,,,,,,239.0419,,289.299,,,,,,437.3642,364.9106,606.9653,,
760,,,,,,131.0567,251.1936,186.2108,,118.2345,156.607,144.1543,,278.1928,230.6281,330.2293,,
5130,,,,,,,,,,,201.5594,,,,,,,
761,,,,,,139.0575,191.0747,167.8093,,,174.1018,,,150.188,,180.3234,,
762,,,,,,144.3012,158.5723,115.6676,,,,,,139.5952,141.709,149.1156,,
763,,,,,,377.6593,375.1926,540.593,,444.3706,836.5783,674.1514,,747.8103,602.5145,1171.5397,,
764,,,,,380.2814,,,,,,,,,,,,,588.3502
765,,,,,,402.0368,604.3509,512.5285,323.0281,397.708,656.9342,,210.2205,,,,237.0937,327.1154
767,,,,,,618.2784,349.8013,380.6944,127.1753,263.0243,433.9904,336.8917,,484.6346,,581.866,,267.6531
5131,4003.6187,,,1123.7962,1885.3516,,,,,,,,,,,,,4375.5793
768,,,,,,158.7847,140.2699,186.6341,152.9719,,,,,98.0363,,,,
770,,,,,,,227.1134,184.7479,,,,135.094,,241.6706,206.2527,368.2401,,
769,,,,,,259.8199,214.5346,280.2094,,116.9441,396.7839,205.9408,,563.262,498.4749,1027.4051,,167.6094
771,269.1584,,,,,,,,,,,,,,,,,
772,,,,,,,,,,,,,207.9342,,,,,176.2365
773,686.4948,160.4553,,257.2282,408.6322,,,58.1648,55.1174,,,,,62.1902,65.6231,,65.1624,803.6281
775,,,,,,,,,,,,,,,,,,232.1276
778,,,,,,,,236.2896,,,,,,214.5229,,,,
5132,,,,,,,,,,,,,,,,,,145.8677
781,,,,,,,,,,,,,,50.3971,,,,
782,,,,,,,,,,,205.9068,292.2265,526.483,,145.4234,161.3498,,
784,,,,,,,,,,,,,,,115.7977,,,
788,,,,,,184.3969,190.1741,160.9959,208.5457,,123.8258,121.4488,242.6456,,,,236.5136,
5133,,,,,,213.0399,197.8913,234.6621,209.4932,212.422,271.6495,259.9949,,234.5822,213.836,235.4652,,125.8591
789,,,,,,,148.1215,,,,,,,,,,,
5134,1010.2306,,,,560.7933,,,,,,,,,,,,,3094.976
790,,,,,,,,,,,,,1736.6357,,,321.0526,,
5136,14921.14,1744.5808,,4668.2544,8078.9336,,,,,,,,,,,,,16093.4722
793,28280.389,2474.8413,,9046.4582,14271.8955,,,,,,,,,,,,,38116.2535
796,,,,,,339.9472,425.8268,250.7248,,,123.7126,119.5546,,,,,,
797,,,,,,123.4697,127.5777,213.3274,,,,179.8254,,141.4465,,150.9329,,
799,,,,,,223.8339,213.2206,320.3079,,113.7544,257.9031,201.0412,,292.1183,335.3255,410.8465,,147.9435
801,,,,,,425.2942,482.4333,565.7002,,254.6848,,507.843,,701.4719,381.5566,517.4751,,
800,,,,,,2537.3663,2774.3211,2983.5758,3013.112,2713.5562,4461.1131,3212.3232,1169.0883,3275.974,2868.4613,4810.5937,1785.6458,1506.4297
802,,,,,,265.7921,366.8982,281.0649,134.0278,,266.6266,,,,165.6986,283.2505,,
803,,,,,,,,,,,,,,,95.025,,,
804,,,,,,,,,,,,,,35.6866,,83.4346,,
806,,,,,,,,,,,51.4363,,,73.301,,79.0224,,
807,,,,,,223.5124,,,276.3462,229.0963,199.5005,,327.7875,174.8507,,,317.3368,249.5646
808,,,,,,,,,,,,,,362.8499,376.4335,,,
809,,,,,,,,163.6679,,,,,,,,499.0535,,
810,,,,,,,601.252,629.3644,,,713.0399,525.8374,,575.9518,534.1755,676.9194,,227.5524
811,,,,,,79.2607,158.6092,91.7689,,,,,,52.1727,,,,
812,,,,,,,171.4419,,,,,,,,,,,
813,,,,,,,,,,,,181.0883,,,,,,
814,,,,,,1494.9542,1595.4256,1301.2754,,,961.9991,469.2634,,1184.1613,1202.0968,1306.0774,,629.1889
815,24864.75,2556.0947,,8953.0692,13639.436,,,,175.5227,,,,,,,,,29743.6365
817,,,,,,,,7834.7677,,,,,,,,,,
818,,,,,,6102.0335,6344.0483,4820.9798,205.681,1824.0131,3423.3328,2330.7189,119.9895,3910.3959,3160.7377,3719.843,,2331.7753
819,,,,,142.6334,,,,,,,,,,,,,
820,,354.9318,,,319.7192,1640.0106,1705.2332,1585.907,1807.7092,1714.8028,1333.1452,1446.4732,,1452.4698,1573.1162,1588.6112,2271.7166,1731.9041
822,,,,,,,,,,,,,,,,,,488.0435
5137,248.7897,,,,181.8397,,,,,,,,,,,,,
824,,,,,,287.289,,,297.6297,529.0109,720.2867,679.9583,,346.8782,340.0526,461.1951,,193.1124
5138,128.4744,,,,,,,,,,,,,,,,,149.9418
826,,,,,88.8024,741.9243,723.1065,943.1678,523.6538,,758.1768,,,1106.9591,943.3162,1183.6435,437.1322,580.805
828,3747.154,,,1374.492,2032.5612,,,,,,,,,,,,,4174.3047
830,,,,,,,,,,,1676.7886,1209.191,,1165.4466,975.7427,1080.1916,,
831,,,,,,,,,,,,,,,946.0201,,,
832,,,,,,270.2219,221.7571,211.9934,,129.572,225.9501,,,157.9501,,246.651,,
834,,,,,,224.9301,185.584,192.8393,292.59,,,102.5852,,125.4893,,141.1599,,
835,,,,,,247.1605,404.1267,249.4137,165.539,,201.6049,199.1173,,177.8624,162.5677,245.0579,,263.4799
836,,,,,,,170.3299,,233.52,135.0455,299.5229,201.8046,195.0042,,,129.4742,,
838,,,,,,149.9636,205.2021,202.7667,,,127.0128,,,,168.8869,208.0044,,
837,,,,,,140.6147,122.6788,,,,167.8583,,,141.6831,,118.437,,
839,,,,,,144.1587,,178.4463,,,,,,,,,,
840,,,,,,139.3424,,116.1322,,,,,,,,,,
842,,,,,,,,152.5221,,,,,,,,141.8754,,
843,,,,,,,,,,,,,,,,100.7893,,
844,,,,,,,,,,,,,,136.8351,,,,
846,,,,,,148.516,,117.5566,,144.1264,,179.4405,,172.5904,141.4743,143.4175,,80.1232
847,,,,,,,,,,124.5878,204.3885,191.8069,,188.1231,208.1485,,,
848,,,,,,,214.9858,593.9015,,,,107.5902,,473.5245,540.5606,919.1457,,
849,,,,,,80.549,103.175,,,,,,,92.8659,,102.3989,,
850,,,,,,,476.7212,,,,,,,,,,,
851,,,,,,762.2896,827.2113,1038.7058,,,,,,817.2801,742.7478,963.4109,,
852,,,,,,329.7083,531.2336,202.2395,,,,,,,105.3975,,,
854,,270.479,,,341.7719,,357.7117,,,,273.9881,329.8943,,,,195.6482,342.5404,
5139,,,,,,187.2074,,162.5003,,,,,,,,,,
855,,,,,,,166.3343,183.6625,225.7783,,600.5307,439.058,,182.2052,158.6443,,,
856,,,,,,,538.9881,551.566,,,,,,576.8979,,,,
857,,,,,,,,,,,,,,,,232.7834,,
859,,,,,,,,,,,150.8175,,,,,,,
860,,,,,,213.697,213.9579,241.7951,,100.5159,232.0403,177.2149,,176.745,181.3466,206.6007,,93.6182
861,351.1432,,,,,,,,,,,,,,,,,
862,,,,,,,,,,,,,,,,203.3516,,
865,,,,,,,216.1157,,,,,,,,,,,
867,439.0223,471.2577,402.5066,,532.7517,,,,,,,,,,,,,
868,,,,,,3785.4882,4818.4827,4470.8604,,,3308.1833,2147.132,,3260.116,3369.8868,3925.4696,,
5143,,,,,,,,,,,224.9258,,,,,,,
871,,,,,,271.062,,,,291.3363,934.9618,,,,,267.946,,
872,,,,,,,,,,69.6123,,,,,,,,
873,,,,,,,,,,,,,,447.2204,,,,
875,229.1589,,,,127.1472,,,,,,,,,,,,,
876,,,,,,,,,227.5557,,,,,,,163.8508,,
877,7.4948,,107.8321,,14.9251,,,,,,,,,,,,,
879,,,,,,,,,,,,,,,,,,128.5399
880,,,,,,,,,,,,170.8142,,260.1685,237.5079,299.1624,,
881,,,,,,,,,,,243.2908,197.1502,,297.1349,253.1255,341.927,,
882,,,,130.0579,,,217.3933,132.3865,,,,,,,,,,
884,754.9296,,,,,80.9155,,,,,,,,,,,,911.9352
886,,,,,,,,,,,,,,,,1111.4132,,
887,1460.857,,,,,,,,,,,,,,,,,
888,,,,,,,,158.7713,,,,,,,,298.3137,,
889,,,,,134.6355,,,,,,,,,,,,,
890,,,,,132.6062,,,,,,,,,,,,,
891,,,,,,,1463.5977,1362.896,,,1137.9227,,,975.0494,1084.6088,1263.0669,,
892,,,,,,197.2428,,,,,260.5409,251.8987,,332.4675,,,,
893,936.9011,,,,483.1662,,,,,,,,,,,,,1003.4224
894,,,,,,389.404,,,,204.5059,370.8275,,,,,697.4602,,
895,,,,,,,,,,,,,,,106.1469,,,
896,5860.9097,,,2012.2742,3244.8108,,,,,,,,,,,,,6938.2866
897,,339.2752,,,240.2603,461.1398,417.5451,,368.6767,246.1705,364.6984,,226.7793,,329.5474,327.2095,235.5926,
900,,,,,,,180.5364,152.6831,,,149.7478,,,180.999,,210.1791,,
899,,,,,,,,,,136.1542,,,,283.725,,,,
901,,,,,,765.2926,,480.8943,,,322.3054,319.8905,,762.2312,646.4079,1063.6022,,
904,,,,,,200.9956,305.4471,251.334,,,299.3301,193.2408,,261.6938,179.8811,320.6687,,
905,,,,,,267.2141,274.8574,,,,,98.6685,,135.9106,,,,
906,,,,,,213.7549,222.4147,272.4557,,142.7329,266.8863,184.4181,,239.1778,194.1744,394.9555,,
907,,,,,,285.3181,287.9063,209.6092,,,185.8472,104.3681,,183.9268,175.5136,172.101,,
909,,,,,,323.3825,393.0471,347.7619,,93.2329,230.6115,112.2489,,332.905,330.8919,311.8,,140.2298
911,,,,,,312.1722,,316.5977,,,,253.2825,,,,562.7636,,
912,1046.3491,,,,588.0987,,,,,,,,,,,,,1626.3343
914,972.9562,,,,,,,,,,,,,,,,,1026.2244
915,,,,,,,,,,,,125.7351,,,,,,
917,,,,,,,,,,,,,,,,94.6999,,
918,,165.8973,,,,,,,,,,,,,,,,
921,,,336.5329,,,,,,,,,,,,,,,
922,,,,,,,,,,,197.7167,136.0051,,,,116.2435,,
923,,,,,,446.2614,526.6758,,,,227.6982,,,844.488,731.8131,202.8309,,
924,,,,,,,,,,,,,,,,142.7829,,
925,771.6105,,,,,,,,,,,,,,,,,1140.9775
926,1916.2635,572.5231,396.5701,966.2448,1405.2979,,,,,,,,,,,,,1818.5778
929,,,287.4096,,,,,,,,,,,,,,,
930,,,,,,,,,,,,,,,,,,177.8646
931,,,,,,351.6112,,658.1716,421.2002,,,216.1024,165.4629,206.1158,304.6413,477.3052,,214.1084
932,,,,,,190.9585,198.9546,251.2382,,,,,,247.4512,275.7716,297.7787,,
933,1281.1113,539.2478,508.2815,,921.7841,630.2644,608.6847,,521.8579,,,,,,,,,1673.5457
934,,,,,204.3979,,,322.0876,,,,,,,,,,
935,,191.4274,,,111.1324,,,,,,186.1589,191.1336,,,,188.269,,
936,,,,,,154.8484,127.4389,239.4299,,,312.788,133.3829,,200.1417,166.6272,258.5768,,
937,,,,,,253.9942,453.081,372.3062,,123.3494,215.4964,,,292.1574,262.2248,399.1154,,136.0426
938,,,,,,475.2549,370.6368,350.7117,116.2634,,175.4774,,,147.7929,155.7841,264.8483,,155.4423
939,,136.286,,,,,,,,,,,,,,,,
940,,,,,,527.0866,539.9586,676.4661,,169.9429,282.6503,171.5967,,452.5314,423.6329,542.4777,,241.2221
941,,,,,,683.4233,731.1654,916.3107,365.704,,221.0455,,,413.797,414.7501,486.4948,,243.8895
942,,,329.3838,,,,,,,,,,,,,,,
943,,,,,,,,,,,,,,,,,,426.6269
944,,,,,,1925.8193,2158.2536,2301.7322,,786.0937,1472.4569,852.8556,,2235.8569,1933.364,2469.7349,,895.3758
945,1906.3721,,,,,,,,,,,,,,,,,1992.4221
946,,,,,,90.7313,129.7132,141.8636,,,,,,,65.902,95.412,,
947,,218.4663,224.3142,,201.7329,,207.1083,224.7546,,,207.1257,190.1219,,217.3406,,,,
948,1571.4813,,,,,,,,,,,,,,,,,1549.8748
949,,,,,,7428.8729,8626.1793,9632.2987,1698.6074,8060.7666,16322.199,10906.2637,736.7188,17302.7273,16599.8413,22390.2197,1315.7813,6564.5889
950,,,,,,1825.4145,2043.9456,2505.249,,398.3034,791.8711,530.0988,,1290.904,1223.7176,1595.4276,,
951,704.3225,,,,,,,,,,,,,,,,,868.6861
953,,83.6731,,,,,,,,,,,,,,,,
5148,362.503,176.9882,156.6228,224.8559,257.5052,,,,,,,,,,,,,323.2916
955,,,,,,,980.076,,,,,,,,,,,
956,,,,,,,,,,,,,,,,,,219.9279
5149,,,,,,176.2923,,232.0049,,,,,,203.3044,,,,
957,,,,,,,223.547,297.3002,161.8265,335.8369,450.7195,459.7145,159.6422,312.6598,253.2644,374.3674,,230.4061
5150,,,,,,354.1831,305.926,343.3804,,,387.2182,302.9968,,428.1956,421.8081,508.1881,,220.616
5151,,,,,,,,,,120.0569,,,,,,,,172.2783
958,,,,,,355.7606,342.4081,505.7119,,159.8584,296.9852,228.2309,,387.4594,260.069,387.6136,,
959,,,,,,116.9846,172.1439,164.0932,,,168.3875,108.5006,,,125.3424,235.1809,,
960,1379.1302,,,,822.09,131.1279,142.1245,166.6778,,,,,,,177.28,237.1587,,885.202
961,,,,,,239.5176,281.7251,405.7295,,294.5747,563.6322,460.1802,,576.2464,448.832,1038.1087,,
962,,,,,,,,130.8228,,,141.7142,,,196.3023,172.0581,,,
965,,,,,,370.2729,333.6219,349.6068,,217.3587,380.0206,370.7535,,328.1272,378.9953,634.56,,205.9118
966,,,,,,,,369.2637,206.2909,,333.4393,484.0939,,366.0747,,,,
968,,,,,68.3748,,,,,,,,,,,,,
969,,,,,,,,,,,,162.8359,,,218.6319,,,
971,,,,,,242.4645,301.9086,144.3146,,,,,,,,,,
972,,,,,,188.557,267.2899,239.1781,,87.2656,248.4728,122.1414,,168.0187,232.9466,,,
976,,,,,,,,,,,,,,,,,,142.7799
978,,,,,,,55.3099,,,,,,,,,,,
977,,,,,,145.8265,147.0793,114.2645,,,,,,,,,,
980,11073.881,1727.8413,,4064.3032,6482.156,,444.3245,,,,,,,,,,,13092.6556
982,,,,,,,,,,,,,,,,174.4151,,
983,99623.1,11687.89,,33101.6138,55218.062,,,,,,,,,,,,,120337.981
984,190.8512,,,,,,521.3088,335.4854,,,,,,173.9964,233.5036,189.577,,
985,,,,,,,326.9786,,,,,,,130.8141,144.1454,161.0593,,
986,,,,,,155.262,500.1173,287.8189,,88.7083,,,,,94.2339,104.7886,,
987,,,,,,,,,261.1653,,190.5113,,,185.4727,240.159,233.4442,,
989,,,,,,,,,,,,,,,,,,50.5844
990,,,,,,,143.303,166.822,100.0821,,,,,,,140.9441,,
992,,,,,,,,,,,176.0412,,,,,,,206.7819
993,1051.919,119.9293,,,669.5762,,,,,,,,,,,,,885.5396
994,,,,,,,,244.3447,,,,285.4557,,,,,324.0978,
995,250.6695,,,,,,,,,,,,,,,,,194.1443
997,30430.443,2972.748,,10034.2987,16076.573,327.2979,394.6662,,,,,,,,,,,42085.5268
999,,,,,,,,342.26,,,173.383,,,,310.2704,,,170.3381
998,,,,,,1498.9725,1210.0112,1536.9459,,405.09,754.131,528.5224,,2794.2941,2398.301,2647.7561,225.0178,
1000,,,,,,555.9642,637.5631,,214.3038,,,,,615.6715,451.3955,728.9534,,
1001,,,,,,321.1869,,344.3042,206.3422,244.4173,,,,,,,,
1002,,,,,,376.147,477.2965,,,,,,,543.0402,500.4667,651.6988,,
1004,497.0192,681.2384,,654.2989,517.9958,708.3201,757.0789,627.7908,607.1982,869.1171,860.1528,,787.3478,891.5163,,701.3349,800.6149,
1005,,,,,,,,138.3224,,127.5713,107.9697,65.3269,122.6851,59.2482,,,55.0247,
1008,,,,,,210.8052,,358.2357,115.924,,284.889,,,288.6914,307.5359,,,190.227
1009,,,,,,401.8141,334.3195,423.7227,,,224.9371,,,454.6318,377.7828,533.5002,,160.3506
1010,,,,,,,,39.2782,,11.2572,,,,,,187.8821,,
5155,,,,,,,,145.021,,,,,,211.7627,205.6195,263.6409,,
1016,,,,,,221.732,198.9273,,,276.8445,453.2995,354.2251,,277.1444,262.5271,254.5984,,165.4878
1017,,,,,,,,,,,135.6592,,,,,,,128.9033
1018,,,,,,,,,,,,,,,188.1119,228.1127,,
1019,,,,,,72.105,78.8939,74.8907,,,,,,,44.4638,63.0654,,
1021,,,,,,,,,,,,,,,,274.7011,,
1022,,,,,456.9656,,144.2064,,,172.1104,116.8021,127.6563,,192.9925,,,,
1023,,,,,,342.5958,,806.8737,,,,,,,,,,
1025,,,,,,177.503,,,,,,,,160.1111,,,,
1026,1539.8369,194.0792,,442.0289,766.2454,,,,,,,,,,,,,1404.8487
5156,,,,,,,,,,,226.4039,162.0289,,,,,,
1028,,,,,,,424.5369,,,307.0994,402.1911,377.9851,,,,,,155.5333
1033,,,,,,,1067.7661,434.6637,,152.1381,983.3332,327.5728,,,1366.7286,738.2454,,
1032,,,,,,,,158.5269,63.5223,,,,,,,,,
1034,1150.9745,278.3518,,527.1709,687.0651,,,,181.2346,,,,224.4078,,174.9713,,,1524.6757
1036,,,,,,490.138,473.3153,411.7664,196.9834,246.8693,394.381,357.7991,,234.3977,,467.2526,,193.9968
1035,,,,,,1764.7544,1720.5014,2990.8921,2191.6347,3349.2602,5270.4716,3777.7606,1661.9796,2972.1723,2590.2076,3795.147,1586.3152,1706.2928
1039,,,,,,257.7273,,286.1596,128.2833,174.483,,240.149,,,,440.8593,,
1038,,,,,,190.4304,372.6098,282.8218,248.6442,168.9773,284.0683,,,157.9659,201.5582,226.0205,100.9401,107.6682
1040,68.9579,,,,,,,,,,,,,,,,,88.6774
1041,,,,,,134.2672,192.223,158.8819,,,163.3079,162.8448,,233.9486,,206.0006,,
1042,,,,,,,203.6922,,,,189.895,195.3237,,235.9652,208.0608,342.2045,,
1043,,,,,,,119.26,111.9928,,,,,,,,,,
1044,263.7845,,,,,,,,,,,,,,,,,
1045,17549.205,1743.6368,,4626.6493,9331.91,,,,,,,,,,,,,15683.6768
1047,29954.1564,,,13180.1574,17011.8584,,,,,,,,,,,,,41673.6956
1048,,,,,,,,,147.7589,159.3541,351.3036,,,,,,,
1049,,,,,,,,392.476,,,,,,,,,,
1051,,,,,,273.0583,289.1204,313.4999,,,358.2772,286.4769,,,,,,161.4649
1052,,,,,295.6568,172.4917,,,,,,,,138.4135,163.9046,,,
1053,,,,,,478.3815,560.644,679.2855,183.9607,149.1849,,191.9118,,516.5551,492.3704,626.7393,,210.0115
1055,,,,,,,149.788,131.2947,,,,,,169.39,,,,
1058,,,,,,,1402.0478,1206.4854,,1164.6659,2214.4233,1875.4139,,,,,,
1059,,,,,,4004.6911,4343.576,4469.7507,,3918.3029,6125.6354,5237.1852,846.4534,4725.6714,4302.0632,5188.3332,692.8085,
1060,514.9035,131.6691,,259.9964,520.9142,,,,,,,,,,,,,890.0507
1061,,,,,,,,,142.2405,,152.4383,,,,,208.3009,,718.8
1062,,340.0114,,2036.0962,,,,,,,,,,,,,,
1065,,,,,,,,216.5339,,,,,,197.3939,,,,
1066,,,,,,,,,,,281.4028,252.763,,,,,,
1067,,,,,,,,209.4062,,,,,,,,,,
1068,,,,,,,,,,,,,,,757.5579,,,
1069,,,,,,,145.5745,179.3671,,99.1277,,,,136.1887,123.4209,134.6938,,
1071,,196.6976,,,,,,,194.576,194.9915,,,186.7378,,,,,
1072,,,,,,,,,159.1805,,,157.5686,217.8982,,,,218.2487,
1073,,,,,,,,243.0203,,,,,,,,,,
1075,,,,,,,,,,,,,,,,,,4020.0948
1076,,,,,,,,162.0883,,,,,,,,,,
1080,,,,,114.8227,361.8659,351.1702,359.6137,164.3626,,123.0705,98.1258,,334.0575,312.4323,365.3085,228.5267,
1084,,131.4134,325.9463,,,,,,,,,,,,,,,
1085,1184.4276,175.9983,,285.9852,615.8751,,,,,,,,,,,,,1072.997
1086,973.6176,,,,534.4192,,,,,,,,,,,,,
1088,,,,,,,,,,,,,,,,99.912,,
1089,203.2989,,,,,,,,,,,,,,,,,269.6982
1090,,,,,,814.3249,1497.5474,842.8715,414.8481,462.3568,1427.1776,667.1065,,541.2995,882.2422,,,541.3021
1093,,,,,,,,,,328.2073,,,,,,,,
1096,,95.4841,,,,,,,,127.2204,144.7516,,,109.8888,,,,
1097,384.7288,121.9535,107.2523,,297.3369,,,,,,,,,,,,,276.5784
1098,,,,,,,,733.2645,,,1018.9021,850.6502,151.899,820.1523,743.6184,820.6654,,
1100,,,,,,,,250.6776,,,,,,,125.7342,,,458.7934
1101,135.2691,,,,,,,,,,,,,,,,,
1103,,,,,,749.1801,850.0596,918.185,,,549.3647,,,685.6884,692.4387,726.1158,,352.0441
1104,,,,,,,,,,,,,,197.2606,,,,
1107,,,,,,,87.5814,,,,,,,,,,,
1109,,,,,,,584.5168,685.5766,,,,,,,,740.824,,
1110,,,,,,,77.8563,,,,,,,,,,,
1112,,,,,,,105.2219,,,,,,,,,,,
1113,,,,,,,,110.9784,,,,,,,158.9776,192.6902,,
1114,,,,,,,,,,,,,,,268.9678,,,
1116,,,,,,,,248.7914,,,,,,,,,,
1118,,,,,,301.8324,,188.4671,,,,,,,,,,
1119,,,,,228.759,,,,,,,,,,,,,1306.5496
1120,,,,,,125.868,,,,,131.2766,,,,143.7979,178.3447,,
5159,,,,,,,,,,,,,,1721.7454,,,,
1121,,,,,,210.7172,211.6781,210.3848,,201.098,304.386,266.6572,,223.2911,230.247,229.0782,,132.8734
1123,767.8648,,,,374.4423,,,,,,,,,,,,,656.4357
1124,,,,,,,,,,,242.729,,,,,370.037,,
1125,,,,,,,,,,,,,,117.3084,,,,
1126,,,,,,,,124.1664,,,,,,153.8749,123.5073,,,
1129,,,,,,,,,425.8824,,,,,,,,,
5160,,,,,,,,,,,,,,215.4888,,,,
1130,1055.9905,,,,674.9746,,,,,,,,,,,,,
1131,,,,,,,,102.0868,,,,,,116.4776,,124.093,,
1132,,,,,,,,227.8908,,,,,,241.1701,,,,
1134,303.0944,,,,,,,,,,,,,,,,,
1135,,,,,,232.4397,,309.1816,,,,,,,237.0087,241.6355,,
1136,,,,,,,193.6512,168.4849,,,,,,,,,,
1137,688.9891,,,,,,,,,,,,,,,,,506.0297
1138,,,,,,,,,,,,,,,,171.0864,,
1139,,,,,,,,,,,,,,,,227.8059,,
1140,,,,,,873.2697,750.5402,819.9785,637.7742,669.1227,1031.1366,860.5285,,862.5447,1070.2207,1396.3535,409.9546,308.2526
1141,,,,,,243.6441,281.5666,255.3333,,133.6838,264.6893,215.5565,,276.8885,269.0819,257.7547,,
1142,,,,,,,245.4723,275.4166,,,219.3142,,,,365.0045,,,
1143,,,,,,,,,,282.678,456.492,331.23,,,,,,
1144,,,,,,258.4796,338.1959,,,,313.8475,199.6243,,207.3689,,,,
1146,,,,,,202.8175,248.3828,200.7026,,,,,,198.7059,218.9492,389.5248,,
1148,,,,,,177.893,250.1776,178.914,,,,,,,182.3244,,,
1149,,115.0695,,,96.4913,361.0488,398.9737,332.0389,138.3034,,283.9702,,139.5642,321.1849,290.8831,290.5088,,201.3433
1150,,1037.7308,1218.1041,,854.4556,,,,,,,,,,,,,
5161,,,,,,143.4676,,138.2487,,,,,,,,,,
1153,,,,,,,,166.153,,125.3837,,216.9801,,222.3536,,,,
1154,202.2472,,,,,,,,,,,,,,,,,
1157,76.7775,434.0629,,,,,,,,,,,,,,,,
1158,,,712.6616,,,,,,,,,,,,,,,
1159,,,,,,,,,243.7422,,346.8209,,,535.7763,455.2136,577.7812,,
1163,,,,,,183.8776,182.9177,212.96,,138.1974,301.8033,253.3964,,321.8055,237.9265,404.3481,,
1164,,,,,,,,156.144,,,,,,,,,,
1165,373.0515,,,,,,,,,,,,,,,,,
1166,359.0826,,,199.9149,309.0926,,,,,,,,,,,,,
1167,,,216.8081,,127.1753,,,,,,,,,,,,,
1168,,,,,,514.7702,,408.1562,,331.4508,462.527,412.8339,,,326.2495,457.4468,,176.2456
1169,26645.484,2437.0845,,7644.1309,13345.376,,886.1847,546.422,184.0181,257.5099,389.3758,302.7284,,426.8318,384.463,548.7866,,25707.2158
1170,,,,,,,,,,,,,,,,100.1358,,
1172,,,,,,633.1453,652.4642,419.4235,,,509.9587,272.7415,,,441.2087,595.2556,,240.8685
1173,,,,,,,262.0052,237.2253,55.116,130.5453,245.6878,166.8939,,320.9186,201.6046,291.236,,118.2228
1171,,,,,,,,,,,617.3097,407.0221,,1255.4419,1080.8998,1368.5418,,
1174,,,,,,302.7015,328.0752,418.0922,,152.2027,225.8004,170.4853,,361.8805,332.2815,449.2091,,
1175,,,,,,346.8157,365.598,,,293.8517,503.08,303.4371,,1083.3461,966.9187,2049.3183,,321.3427
1176,,176.9768,267.1116,,135.6281,,,,,,,,,,,,,
1179,,,,,,,157.3315,,,,,,,,,,,
1180,,,,,,570.7231,670.6988,422.8353,,131.4902,227.8614,,,,,,,
1181,,,,,,,49.5986,79.1776,,,75.1324,,,75.6941,,,,
1183,,,,,,,,,,,,,,,81.5689,,,
1184,,,,,,,,95.3391,,,,,,,93.9691,,,
1186,,,,,,158.5997,156.1069,216.2258,,,65.5766,56.3141,,171.3476,159.8591,173.6351,,84.8078
1187,,,,,,43.6072,,,,,,,,,,,,
5162,,,,,,,,,505.3852,,,,,,,,,
5163,,,,,,,,,,,,,,,,,,715.0663
5165,372.3147,199.2531,271.6182,,332.2761,238.5115,,215.9898,,,,170.5521,311.2649,,276.0027,,,389.2136
1188,,,70.6213,,,,,,,,,,,,,,45.6307,
1191,160.1411,,,,,,,,,,,,,,,,,
1192,926.2642,,,409.2692,662.0728,327.7971,,,361.394,320.7852,,347.9362,,,,431.8362,,1792.6744
1193,,,,,,2954.198,2597.8097,3420.7899,1206.5404,869.1525,1744.8272,1200.8068,,5068.6807,4472.6477,4582.4774,394.9413,375.668
1194,,,,,,1390.8068,1483.295,2025.7732,,473.4589,736.3111,474.4392,,1161.0658,1189.9602,1697.2349,212.2115,850.9261
1195,,,,,,276.3028,571.3738,354.4522,,171.5251,,,,277.8074,,,,422.9564
5166,,,,,,,,160.5712,,,,,,233.7372,240.4146,212.1497,,
1196,,,,,,264.3816,463.8766,315.0293,167.3636,150.6267,221.5204,225.9402,,,,277.4828,,
1197,,,,,,,,,,,,,,,,182.9503,,
1198,,,,,,,,,,,,,,227.5407,207.38,,,
5167,4134.759,233.1799,,670.2044,1306.3419,,,,,,,,,,,,,5041.8603
1199,,,,,,136.8421,,,,,,,,,145.105,189.1417,,
1200,,,,,,676.693,788.7357,897.7651,,267.6172,773.8982,451.0046,,889.1928,677.3642,723.9178,226.969,398.6198
1201,,,,,,766.1099,832.6236,780.0383,354.8882,418.158,576.2147,648.4948,,569.9567,509.9269,766.3799,,502.8879
1203,,,,,,,,,,,186.6488,124.2285,,189.5002,211.6266,263.1346,,
1204,,,,,,163.6222,,179.1383,,,,,,,,,,
1202,,,,,,,258.7948,,,122.6287,168.6059,154.9029,,,,,,
1206,,,,,,,,,,,,,,,,,,580.0843
5168,,,,,,291.2118,294.5773,,,,,,,,,,,
1207,945.9265,,,325.5825,582.663,,,,,,,,,,,,,996.4425
1209,,,,,,,,,,,107.8896,,,,,,,
1210,367.7866,,,,175.3202,,,,,,,,,,,,,344.0555
1211,,,,,,39.1947,,,,,,,,,,,,45.86
1213,,,,,,146.5785,,410.9784,,,,,,407.4436,,485.7673,,
1214,,,,,,,,163.6379,,,,,,,,,,896.2179
1216,,,,,,98.2204,,124.5104,,,72.0533,,,191.2964,,,,
1218,,,,,,,,,,,,,,,293.4468,,,
1217,,,,,,,,165.9351,,,,,,,246.493,320.4388,,
1219,,,,,,,,99.6326,,,,,,,,331.4054,,
1221,,,,,,95.3644,,80.6797,,,,,,,,93.5844,,
1223,,,,,,1847.3716,1774.6788,17625.1907,,,,,,2957.9211,2494.776,9287.3353,,2321.1168
5169,,,,,,,,,351.0958,,,,,,,,,
5170,1551.0247,,,,,,,,,,,,,,,,,3572.929
1224,,,,,514.3472,,,,,,,,,,,,,
5171,,,,,,166.0178,,,,,,,,,,,,
5172,,,,,,,164.3033,,,,,,,,,,,
1226,,,,,,,132.8955,96.0283,,,76.7069,,,63.6301,,,,
1227,,,,,,,210.317,,,,,,,,,,,
1228,,,,,,,191.3819,,,,,,,,173.1532,,,
1229,,,,,,429.9073,373.1731,557.1157,,,214.407,175.2326,,,,,,
1230,,,,,,460.7044,623.6806,523.646,310.2487,310.2994,416.636,,,420.5518,268.2839,667.5665,,204.8443
1233,,,,,,430.5361,289.1918,380.1831,,195.0615,315.3342,209.0578,,425.9678,574.194,660.3661,,318.8036
1234,,,,,,,539.4485,523.1844,,267.0814,509.2386,350.312,,507.9806,485.8276,411.9012,,
1235,,,,,,,,516.1044,350.5394,,234.5448,,,240.6768,176.3709,329.4604,,
1236,,309.5023,,,,,378.9596,411.0698,402.3786,,,,370.5245,,,,,
1239,,,,,,217.8137,,390.4301,,,,,,,,,,
1238,,,,,,,,331.7815,,,,,,,319.4926,393.0524,,
1240,871.5419,,,208.8672,,,,,,,,,,,,,,1319.0726
5173,,,,,,162.4895,,,,,,,,,,,,
1242,,,,,,625.346,741.6556,552.1663,,60.2912,,87.0621,,176.0382,,,,
1243,,,,,,208.8791,281.0833,205.3755,,,,,,,,,,
5174,603.0241,,,,,440.2398,395.1047,466.1229,,337.8847,463.156,462.1198,,519.6517,486.5253,513.7437,,584.317
1245,,,,,,,,,,,37.2864,,,35.4691,,,,
1247,,,,,,,,130.1867,,,,,,,,,,
1251,,,,,,184.2616,209.0085,268.1181,,,,,,,258.8636,454.4547,,
1252,,,,,,,,,,,185.3587,121.1025,,,,209.0754,,
1254,,,,,,208.5035,,,,,140.3418,,,,,152.045,,
1255,1467.0345,133.7009,,514.4224,836.9949,,,,,,,,,,,,,1930.1734
1256,194.4096,186.8794,,,,248.4055,,,,,,,194.6583,,240.6767,284.7256,,
1257,188.4938,,,,,,,,,,,,,,,,,
1258,,,,,,208.0466,264.7442,262.8585,,,,,,,398.6709,,,
1260,,,,,,,,,,,266.9636,,,138.3603,,,,
1259,,,,,,249.4459,237.1425,,,195.4148,,,,,,347.3196,,131.1452
1261,,,,,,214.1968,216.8669,,84.9381,147.932,,,,186.6698,,268.545,,
1262,,,,,,,,130.3961,,,,,,,,,,
1265,,,,,,420.882,426.3891,273.3242,,,,,,,,,,
1264,,,,,,,,111.9314,,,,,,,,,,
1266,,,,,,195.0556,,,,,142.1985,,,,181.2906,274.3169,,
1267,,,,,,186.4963,,,,132.7601,,,,193.9256,210.8332,301.2939,,177.3581
5177,,,,,,305.9879,243.5089,272.1384,,,,,,,,,,
1269,,,,,,410.7217,,367.2064,,,,,,,,,,
1270,497.4022,,,2145.8667,275.0812,,,,,,,,,,,,,
1271,,,,,,2393.4837,2866.3607,2382.9794,,,1635.8252,1277.0951,,2694.1645,2002.7354,2139.7334,,2030.7349
1272,,,,,,,,,,20.0569,,,,,,,,
1273,,,,,,,,121.5148,,,205.1391,,,,,,,
1275,,,,,,,301.0016,,534.9583,,,,425.7733,,,,,
1276,,,,,,,,460.6913,,,,,,,,,,
1278,,,,,,23047.8933,25339.3873,30923.6037,9773.8883,7257.1295,13466.413,8654.8867,667.6206,24324.8067,24025.0333,29052.4287,2108.3483,12858.7338
1279,201.7956,,,,,,,226.0272,271.241,,248.2752,,,239.5451,265.7011,,,
1283,,,,,,301.8388,,299.2323,,374.2456,602.3076,532.992,,,122.1402,,,201.9136
1284,,,,,,,,,,156.0322,,,,,,,,
5178,,,,,,,,121.4965,,,,155.4538,,,,,,
1287,,,,,,,,237.6971,178.2969,,,,,,,,135.9113,
1288,,,,,,155.6304,222.1227,,,156.6995,260.3383,188.9889,,160.7604,,,,
1289,,,,,,,,,,,,,,,108.3113,,,
1290,,,,,,,578.158,,,193.3391,267.7197,251.027,,459.9651,,367.1323,,340.0019
1293,,,,,,,,,,,169.3201,,,,,,,
1296,,,103.3872,,,182.4094,,,169.4083,,177.2308,,,160.1082,,,,
1297,,,,,,,,262.9683,,164.3744,,204.8658,,338.3022,,,,
1298,,,,,,,,,,,,,,,,148.7072,,
1300,,,219.4208,,,,,,,,,,,78.2603,,96.8415,,73.3883
5179,,,,,,,,,,,,,,,,1588.8085,,
5180,,,,,,290.4967,,,,,,,,,,,,
5181,,,,,,312.1942,234.7866,279.5948,,,,,,,,,,
1302,,,,,,369.3211,358.8972,,,,,,,,,,,
1305,,,,,,,,,376.1188,,,,,,,,,
1306,,,,,,,,65.8537,,,,,,70.9946,79.5202,83.647,,
1307,,,,,,,,139.6241,107.1773,,,,,,,,,
1308,,,,,,,,,,,1468.7171,,,,1566.7264,1979.4763,,
1309,,,,,,155.3502,161.0229,,,,,,,,,,,
1312,,,,,,,172.2085,222.617,151.3835,,337.215,,,,,,,
5182,,,,,,,,,503.0897,,,,,,,,,
1314,,,,,,6828.7735,7148.9972,7642.5223,9162.6027,7139.8755,10084.7717,8976.9012,,8034.9438,7244.1876,8973.9395,,5772.8658
1315,,,,,,265.827,,,,,,,,,,,,
5183,,,,,,,,,,,,,,,245.9978,,,
1316,,,,,273.386,,,,,,,,,,,,,
1318,,,,,,,,,,120.0822,,158.9921,,,,,,
1319,523.5552,,,,,,,,,,,,,,,,,465.449
1320,,,,,,,,,,,,,,,,149.3418,,
1321,,,,,,165.5893,,,,,,,,,,,,240.52
1322,88.749,,,309.4644,,,256.7708,222.2151,,362.6422,308.9516,,,226.464,171.9968,,331.4685,330.6938
1323,,,,,,280.7751,239.1673,307.0398,,,110.3576,88.6602,,292.575,191.1983,292.599,,
1324,,70.9962,,,,,,,,,,,,,,,,
1325,,,,,,164.7203,,,,,,,,,162.3901,,,
1326,,,,,,141.4412,140.2574,,,,,,,,,,,
1327,,,,,,,,146.9194,,,,,,188.786,,183.3738,,
1328,,,,,,,,,,,,,,,,,,1811.672
1329,,,,,170.1816,,,,,,,,,,,,,
1330,,,,,,,,,,,,,,,,,,143.8789
1332,,,,,,,,,,,,,,,,,,468.398
1333,,,,,,,280.3793,,,,,,,,,627.3763,,
1337,,,,,,,1677.5243,,,,2003.8514,,,,1247.5808,,,
5185,,,,,,,,,384.5215,,,,,,,,,
1338,,,,,,,1688.8478,,,,2462.5446,2077.0217,,1984.4286,1811.8095,2101.0917,,
1340,497.4268,,,,,,,,,,,,,,,,,
1344,,,,,,257.9572,230.3446,333.7235,,,,,,471.5922,474.1256,572.7182,,
1345,,,,,,,147.4366,,,,177.0473,,,94.8675,,,,
1346,,,,,,286.2653,285.4777,498.1163,239.2463,114.589,256.2288,166.0512,,,379.9308,,,
1350,,,,,,221.7311,253.5899,268.0271,141.2087,206.5893,373.5219,311.9311,,293.1811,279.1811,313.5303,,
1351,,501.3116,,,192.7572,,,,,,,,,,,,,
1353,,,,,,,,,,,,,,201.8407,,210.6349,,
1354,,,,,213.9219,,,,,,,,,,,,,351.2922
1356,1808.2266,,,,954.7763,,,,,,,,,,,,,1884.0815
1358,471.4211,,,,256.0468,,,,,,,,,,,,,
1359,,,,,,76.7812,,,,,,,147.8268,,,,,
1360,,,,,,,96.3728,,,,,,,,,,,
5187,193.5832,,,,,,,,,,,,,,,,,331.6417
1361,,,,,,,,,,,425.2945,379.8825,,,312.119,,,
1362,,,,,,250.8277,280.6436,266.7005,,,377.9044,325.6994,,,,331.9985,,
1363,,,686.493,,,,,,,,,,,,,,,
1364,,,,,,,,,,,,,,,,266.4354,,
1366,,,,,,821.0293,1156.4522,643.3549,528.4629,741.1664,982.739,867.0815,484.2444,669.9756,640.2438,861.9562,437.9021,314.3415
1367,,,,,,,304.2815,,,,291.1153,,,,190.0159,,,
1368,,,,,,249.0685,298.8714,239.4266,,,327.5568,197.0635,,374.0262,351.4473,510.8603,,
1369,,,,,,,135.639,,,,,,,140.7556,,,,
1371,,,,,,640.564,562.9712,826.2201,207.7637,244.9021,409.439,381.5938,,563.2386,379.4413,686.6698,,281.4557
1372,1020.5038,,,,,611.2006,730.8354,876.6283,,329.5461,,,,,,,,1204.1478
1373,,,,,,,,,,,,,,,208.0323,283.0119,,
1374,,,,,,,,,,,,,,1345.3026,1373.4518,,,
1375,,,,,,960.8338,1165.8532,618.4361,,139.0443,156.6893,127.9722,,181.4537,,315.1815,,
1376,,,,,,,332.434,433.8902,,252.2282,434.3986,286.6772,,413.3262,,591.6694,,194.3395
1377,,,,,,381.7472,547.3468,312.607,,,,,,151.553,,171.5629,,
1378,,,,,,468.7421,508.1281,1147.5417,,216.2629,379.5611,203.6962,,436.0421,516.8198,486.4784,,249.1976
1379,,,,,,,,,,,,,,,,171.6449,,135.3952
1380,,,,,,242.7107,282.2069,234.4148,134.925,,367.9142,,,341.881,372.9942,507.8315,,
1381,,,,,,842.4365,617.1969,694.4872,168.2604,200.8549,432.1475,268.4027,,557.7019,357.5291,565.162,,259.4837
1382,,,,,,,,,,,,,,,,33.1951,,
1383,427.6736,,,,,,,,,,,,,,,,,
1384,,,,,388.0795,,,,,,,,,,,,,
1385,,,,,,,81.7847,74.3858,,73.4628,95.6223,,62.3834,66.5174,68.935,82.5137,,
1386,,,,,,71.8573,324.1269,267.0571,,,228.4228,119.5893,,63.4861,,120.2537,,
1388,,,,,,,384.3803,,,,,,,,,,,
1389,,,,,,55.1283,,,,,,,,46.9463,,,,
1391,,,,,,267.6701,316.8128,,,154.6206,199.8552,,,,316.009,,,
5191,,,,,,,137.018,,,,,,,,,,,
1392,,,,,,,,,,,390.3031,374.2619,,,,,,
1394,,,,,,331.2461,313.3757,392.238,,,355.2104,254.7446,,,328.982,329.3872,,132.5634
1395,,,,,,970.0835,973.5935,1137.9071,315.8841,1007.5336,1515.8143,1094.5789,145.3728,,1165.8976,1790.6982,168.6238,946.9285
1396,,,,,,346.3254,,525.0906,148.8413,,305.1679,234.4673,,288.9764,294.0702,383.0315,,
1397,,,,,,,185.9797,,,,,157.3402,176.552,,200.2547,,,
1398,,,,,,351.3967,292.7845,361.7285,,370.7193,648.2184,562.5514,,326.0147,418.6789,467.6168,,
1399,,,,,,287.9404,,,,,,,,,,227.9213,,
1400,,,,,,,136.2764,157.1306,,,139.0232,121.7454,,222.4358,157.9002,341.3872,,
1401,415.2554,,,,194.5909,,,,,,,,,,,,,
1402,,,,,,765.1194,646.7892,818.8459,168.401,626.9706,1073.4346,816.8248,,777.4104,776.4661,1211.719,,570.2364
5192,,,,,,143.4933,487.6689,,,,899.5862,149.7366,,204.5963,1294.4414,558.2645,,
1404,,,,,,,,,,,,,,,,110.4614,,
1405,,,,,,,,124.7414,,,,,,,,,,
1406,,,,,,157.8259,,,,,,,,410.8205,316.7529,686.1044,,
1408,,,,,,,,,,,,,183.3614,,,144.8822,,
1410,,,,,,267.0182,315.2266,259.1715,,155.5862,293.6235,198.7914,,,229.0368,195.8043,,
1412,,,,,,123.8287,164.595,120.0863,,,163.3126,168.7888,,,,136.9782,,
1413,66.962,,,,45.4758,,,,,,,,,,,,,
1415,35182.918,3624.924,353.4251,11090.4242,19342.791,,,,,,,,,,,,,47486.4838
1416,,,,,,,,,,221.7329,502.641,382.8865,,156.4497,,230.5864,,
1420,,,,,,,77.2775,,,,,,,,,297.6921,,
1421,,,,,,,300.7712,310.1506,,,,,,,,,,
1423,,,,,,,,,,,104.8547,,,,,,,
1424,,,,,150.7771,,,,,,,,,,,,,
1425,,,,,,349.9759,300.9394,,,,350.081,285.8619,,,262.1655,,,
1426,278.3765,,,,162.2822,,,,,,,,,,,,,
5193,,,,,,,,,,,,,,,,119.5601,,
1427,,,,,,,,,138.5081,,,,,,,,,
1431,148.9823,,,141.2468,,,,,,,,,153.1364,148.6606,,,99.1623,
1432,,,,,,,152.2924,,,,127.2399,,,,,,,173.0363
1433,,,,,,,,,,343.1409,377.1182,,2150.9285,,,742.836,,501.3541
1434,253.7694,,,,,,,,,,,,,,,,,
5194,2455.639,,,,1166.4058,,,,,,,,,,,,,2658.2104
1435,,,,,,846.8959,822.2633,971.923,462.3406,382.1766,672.5386,552.903,141.1035,508.4268,443.2339,786.945,,489.1841
1436,,,,,,403.0138,,516.5473,200.5338,,576.399,494.827,,508.2528,400.6746,,,163.1897
1437,,,,,,476.9387,594.7414,742.6522,194.3838,385.0552,412.0689,511.9148,,669.7675,456.7668,1320.8614,171.3371,381.0995
1438,,,,,,,8820.171,8789.1868,1482.7161,1178.9186,1549.5672,,,8738.7327,8127.6626,8843.693,,
1439,,,,,,,,,,,,,,,,,,269.3464
1440,5325.838,528.6102,,1675.1601,2862.0803,,,,,,,,,,,,,6420.5351
1441,,,,,,,,521.7268,,,,,,1159.6497,,1147.1186,,
1443,,,,,,321.0547,327.9906,428.1772,103.6694,126.3204,253.7572,193.6062,,354.8708,,504.6751,,164.0588
1442,,,,,,619.9305,,912.3076,293.7255,,,,,699.6703,,,,328.2755
1444,,,,,,218.4903,,311.6545,,145.7423,,,,346.849,242.8932,413.6802,,161.4334
1445,,,,,,383.4528,418.0759,477.886,,245.7625,495.9835,417.6708,,515.6496,592.5492,830.5507,,
1449,,,,,,,,,,,,,,,,147.9363,,
1451,,,285.9785,,174.1958,,404.9916,,444.7419,,280.8828,315.2126,,,,353.575,,444.6042
1452,,,,,,,7179.7314,7151.7183,,5858.7759,9212.19,8079.0442,1161.703,7325.2673,6982.7642,7918.084,928.7235,
1453,207.4257,,,,106.4321,,,,,,,,,,,,,
5195,,,,,,367.3884,,350.0597,,,,,,,,,,155.6746
1454,,,,,,206.1064,,,,,,,,,,,,
5196,,,,,,,,201.9318,,,,828.3974,,,,,,
1455,1767.5513,135.1563,,,982.2612,,,,,,,,,,,,,2079.7628
1456,,,,,,,58.525,,,,,,,,,,,
1457,,,,,,857.0433,1131.9621,1273.5058,,126.7137,196.7755,,,1203.0733,1134.0491,1205.7366,,312.4441
1458,533.3474,,,148.9046,144.9028,,,,,,,,,,,,,
1459,,,,,,,,287.9258,,,274.836,218.0576,,636.8981,536.6646,874.1188,,132.9979
1461,,,,,,101.2828,172.2881,150.5676,,,98.857,,,161.1426,,,,
1462,,,,,,1994.9512,2317.5076,2316.6754,532.1564,1889.2929,2993.898,2624.312,,2371.5285,2237.4876,2492.26,288.9336,1478.5243
5197,254.0422,42.8671,,,,,,151.9184,,,142.4252,146.2184,67.8832,,,104.5209,,394.5878
1464,,,,,,117.6206,,128.0705,99.4005,,,,,91.1933,145.2413,,,
1463,,,,,,,,,148.5456,,,,219.071,,,,283.1183,
1465,,,,,,,,197.1452,,,,,,,148.4677,272.8222,,212.8011
1466,,,,,,,,317.2159,134.3703,,,205.667,,412.7462,361.2101,411.7875,,125.5428
1467,,,,,,609.4889,620.1999,495.3283,204.0379,,354.6825,260.0378,,227.7128,235.2847,279.2731,158.7974,163.713
5199,,,,,,,,,,,,,,,,176.7207,,
1468,1601.9019,,,,922.3654,,,,,,,,,,,,,2532.332
1470,,,,,,462.1378,597.3596,482.1553,322.3996,206.3962,,,,,197.7245,,,
1471,,,,,,704.6229,741.0887,539.1037,141.6519,,,,,,,279.2161,,
1472,,,,,,584.9342,624.3228,,87.4189,,,,,,,259.593,,
1474,,,,,,,,,,,,,,,,,,2777.975
5200,,,,,,,,,,,117.759,130.2964,,,,260.3844,,
1475,6038.8267,560.1629,,1794.706,3064.2703,3553.6849,3733.6295,3721.0346,259.797,726.8216,1553.6019,1086.3804,,4264.0516,4066.0714,4702.6978,,11190.2978
1476,,,282.8142,,,,,,,,,,,,,,,
1477,772.671,,,,452.4343,,,,,,,,,,,,,549.7227
1478,,,121.5804,,,,,,,,,,,,,,,
1479,,,,,,2110.4988,2296.5374,2283.1407,,1900.9798,2981.7635,2569.6534,,2331.5976,2251.8724,2591.9427,291.1889,1510.1255
1480,,,,,,,424.0224,347.3682,27.9202,,,,,,,123.245,,
1483,931.0578,,,,564.6658,,,,,,,,,,,,,
1484,,,,,,,313.4284,242.5676,,,,,,,,,,
1485,,,,,,158.4165,,213.4781,,,385.6966,244.2567,,289.0601,294.2233,407.9811,,
1487,,,,,,,,417.559,203.6164,,,,,300.0952,,344.4208,,
1488,,2527.1317,3947.2499,,,,,,,,,,,,,,,
1490,,,1992.7583,,,,,,,,,,,,,,,
1491,,,,,,343.7666,424.1157,379.713,,311.5005,526.385,435.1585,,427.4898,391.6391,458.9449,,254.0135
5201,,,,,,186.6724,,,,,,,,,389.5255,,,
1492,,,,,,,,,,,,429.2947,,,375.5978,,,
1493,,,,,,,,,,,,231.3059,,,164.0321,176.1018,,
1495,,,,,,140.1767,,,,,,,,,,,,
1499,,,,,,,,161.0116,,,,,,,,,,
1501,,,,,,,,,92.8748,,,,,,,,,
1502,,,,,,302.4262,438.3334,523.7419,180.9216,,,,,,,341.4851,,
1503,,,,,,,,,,,,,,112.9792,,149.4449,,
1505,,,328.7058,,272.0613,,,,,,,,,,,,,
1506,,,,,,,,,181.0359,,,,186.2606,,,,,
1507,,,,,,,,,,,110.2874,,,83.2253,,108.1759,,
1508,,,,,,,,,,,740.8729,,,,,,,132.1021
1509,,,652.1542,,,,,,,,,,,,,,,
1510,37.8299,,,,,,,,,,,,,,,,,
1512,,,,,,135.1705,130.9743,,195.9788,138.4871,,,,,,124.9571,,
1513,,,,,,161.3859,,187.9706,,,232.6826,,,201.5938,158.9223,,,
1514,,,,,,102.3874,,,,,,,,,,,,
1515,,,,,,198.3709,,,,,,,,,,,,
1516,,,,,,,93.3424,145.0047,,145.1118,253.8699,210.5634,,271.6699,222.3306,,,
1517,,,,,,,,,,,,,,,,1538.6803,,
5203,,,,,,,,,,,814.6152,,589.7931,855.8342,,,654.9401,
1521,,,,,,,,,,,,185.4459,,,,,,
1522,,,,,,,,,,,,,983.6753,,,,,
1523,,,,,,,208.2554,,,,242.3322,,,,,392.0504,,
1526,,,,,,252.9275,,,,,,,,,205.1111,248.384,,
1524,,,,,,,224.8507,239.3059,,,,,,278.8336,,334.4941,,
1531,,,,,,,,146.6532,,,,,,,118.0707,177.1816,,
1530,,,,,,286.6936,361.0682,,,,,,,399.3497,350.3384,682.4166,,
1533,,23.8046,,,,,,,,30.2667,,,,,,,,
5204,129.7084,,120.3795,,,,,,,149.7538,,,,,124.9455,90.5486,,
1534,,,,,,,,,,,129.4998,,,,,,,
5206,,,,,,,174.9952,,98.391,,152.849,118.6045,,153.7212,150.9275,120.8405,,
1535,129757.42,14125.505,1682.9321,43863.4133,71430.83,,,,,,,,,,,,,168839.6925
1536,,,,,,,,,158.3308,,,,,,,,,
1541,146.1978,,,,124.7226,,,,,,,,,,,,,174.4485
1542,,,,,,238.6595,278.3954,248.9514,266.4491,,,,265.8536,,,,,373.6184
1543,,,,,,,,,425.9923,,1110.8625,984.9768,,,,1000.3922,,583.8587
5207,,,,,,,,150.2636,105.4067,,,130.6703,,,138.8079,128.9125,,103.0697
1545,,,,,,,,341.4431,,,,143.279,,235.8816,261.5723,347.2231,,
1546,,,,,,,173.2811,,,,,,,,146.4538,256.4661,,
1547,,,,,,,171.7414,,,,,,,,,,,
1550,6981.475,,,2577.4215,3619.6982,,,,,,,,,,,,,8361.2401
1551,,,,,,519.4828,605.3621,511.6276,,296.2566,253.2714,295.567,,509.2649,,491.3892,,240.1851
1552,,,,,,,,376.4968,127.7574,202.4952,335.5928,257.1677,,323.5514,248.636,413.5271,,
1554,,,,,,,157.7219,,,,141.9239,,,300.4731,,390.0195,,
1555,,,,,,2203.0491,2335.2421,2771.8004,,857.1089,1703.2471,1008.8947,,,2180.9119,2757.0383,,1155.2599
1559,,,,,,,,,,84.6427,,,,,,105.878,,
1560,84298.14,9091.762,1051.0825,28874.8157,46502.53,,,,,,,,,,,,,109938.9565
1561,,,,,,59.4787,63.631,,,,,,,,,,,
1566,,,,,,,,,,,617.5018,572.1967,,,,,,
1567,,,,,,102.8697,,111.0606,,109.2604,167.6052,138.984,,,,110.9715,,
1568,,395.8086,,,117.384,,,,,,,,,,,,,
1570,,,,,,,122.6435,,,,154.2351,,,,,,,
1571,,,,,,,412.8657,,,268.5891,,342.0869,,,,521.3692,,
1573,675.0586,,,276.3226,365.5316,,,,,,,,,,,,,
1574,18088.4313,,,,12490.2543,,,,,,,,,,,,,18733.8628
1576,,,,,,,,236.7075,,754.2029,,,,,,,,
1577,,,,,,,140.8559,140.3612,,,,125.0891,,,119.1376,,,
1579,,,,,,,,468.2286,,,,,,,,,,
1580,,,,,,265.5484,253.3002,367.7574,,170.5705,440.7851,207.1821,,395.8212,299.6917,457.0939,,127.0372
1581,256.2402,,,,,,,,,,,,,,,,,
1583,14423.105,1457.4998,163.0806,4787.7682,7681.0835,,,,,,,,,,,,,18776.1205
1585,3726.8637,,,,2477.2627,,,,,,,,,,,,,3850.4228
1586,102.4576,102.9336,,,,,,,,,,,139.4475,,,,,
1587,16893.08,1376.1644,,,8203.18,,,,,,,,,,,,,12156.3675
1588,,,,,,,,,,,,,,64.2066,,,,
1589,,,,,,,139.6258,136.0418,,113.2377,,145.7834,,128.2769,,,,
1590,,,,,,890.0471,860.7281,1104.3036,,271.1082,,,,858.0569,896.5493,923.3982,,
1591,,,,,,,,,,247.6462,424.6009,272.4806,,,,,,
5209,,,72.6314,,,,,,,,,,,,,,,
1594,,,,,,,204.0244,112.6245,,,,,,100.1308,,,,
1593,,,,,,218.1317,235.4826,178.4424,,,,189.1418,,,,,,
1595,,,,,,,303.9663,167.7712,,,,,,143.284,102.0817,,,
1596,,,,,,173.3845,,167.5054,,,,,,,103.1475,,,
1597,3002.1776,,,,,,,,,,,,,,,,,6736.7329
1598,,,,,,163.7432,152.461,163.6054,,,144.5443,,,144.1901,155.1782,145.035,144.7475,
1599,,,,,,562.1426,729.1405,,263.0029,322.2968,342.6245,,,665.2671,391.4876,656.3114,,
1600,,,,,,,932.4411,645.9292,248.3217,239.9818,403.7731,,,1036.1809,890.5336,1037.6908,,
1601,,,,,,513.0039,,644.7022,158.9947,,614.2692,526.1464,,,556.7929,807.9334,,
1603,2568.1243,,,,1062.5452,,,,,,,,,,,,,
5211,,,,,,,239.5996,349.1963,228.809,168.4587,,,,184.4134,207.6096,205.7705,,298.0165
1604,,,203.572,,,495.1519,584.1571,712.4548,,,857.4215,,,653.6216,650.8334,592.2243,,616.9893
1605,,,,,,826.5329,778.8208,,662.1615,,769.5054,717.6704,,1051.6599,1195.5134,1804.6245,,670.1649
1606,,,,,,,,,228.833,,139.2166,188.5411,,,,,,
1607,,,,,,3706.1008,5613.4691,5479.6976,,1600.4756,3336.8596,2214.4258,,4425.2704,4416.0417,5406.6102,,2140.9204
1608,,,,,,,,431.2279,,,,,,,,,,
1614,62.9932,,,,,,,,,,,,71.5022,,,,,
1615,,,,,,,,,,,,,,,,181.499,,
1616,,,,,,155.715,191.2568,167.6906,,116.6682,149.1336,118.9184,,186.8078,120.1322,231.3592,,
1617,,,,,,267.7583,,395.5087,,,,,,,,,,
1618,,,66.1802,,,,125.6882,118.4018,93.2788,148.5352,126.0022,132.3998,96.6307,,,,,
1619,,,,,,782.3717,919.1181,992.3488,,,556.5317,330.1085,,734.3687,723.7018,893.7003,,
1620,,315.45,361.0074,,,,,,,,,,,,,,,
5212,,,,,,,,387.7839,,,,,,,,,,
1621,102998.945,20033.877,3167.1555,38346.4682,66187.305,,5387.409,6114.9295,,1625.5422,,,,7912.8635,7600.2277,8794.6382,,125816.614
1623,,,,,,,,197.273,,,,,,,,,,
1624,,,,,,,,,115.5176,122.468,,,,,,,115.7338,
5213,,,,,,139.2637,,,,,,,,,,,,
1625,,,,,,269.7435,290.6408,,,,,,,,,159.3993,,
1626,,,,,,,,403.3329,,,,351.3795,,,,,,
1627,,,,,,,,,,,275.4468,,,,,259.3451,,
1628,130.6324,162.5173,,,155.4969,192.4513,255.4242,,188.6495,208.2523,211.3283,214.6849,,229.021,,239.3269,,
1629,523.0369,,,,,,,,,,,,,,,,,
5215,,,,,,104.5802,,,,,,,,,,,,
1631,,,,,,,,,,257.1557,369.0699,439.2537,,272.4663,249.3772,387.3175,,
1632,,,,,,,,,,,,,,,,364.4785,,
1633,,,,,,583.8328,,581.1973,389.4501,,,309.1068,,647.8483,515.6761,861.3147,256.7871,
1634,,,,,,590.665,798.7775,984.6412,380.6522,960.5783,1498.3312,1226.7977,,957.1167,1026.6211,1682.4716,,
1635,,,,,,278.473,285.1142,338.8634,,,,,,,302.0619,,,
1636,,,,,,697.066,809.0604,438.1252,,,114.9076,,,115.1761,,,,
1637,,,,,,431.3946,,388.9038,98.5524,,221.9148,155.9234,,329.0653,257.8104,419.3938,,
1638,,,,,,295.9745,291.757,337.67,,,320.3407,215.2245,,386.9072,353.6049,,,205.8054
1639,,,,,,,509.0401,826.7261,388.7901,309.6752,360.2668,279.643,,,,498.7712,,
1640,,,,,,,,,154.8794,,,,,,,,,
1641,,,,,,,,,,,,,258.7412,,,,,
1642,35444.6919,,,11399.8224,22558.0859,,,,,,,,,,,,,40868.3704
1645,,,,,,987.764,,1095.1426,,,,,,1591.3272,2088.7336,1838.6241,,
1646,,,,,,4015.8985,6389.5385,5952.5512,,966.918,1693.0365,916.9766,,1905.6131,2018.3002,2694.7905,,1728.6612
1647,,,,,,,,,,,,65.6723,,,74.8452,,,
1648,,,,,52.0992,,,,,,,,,,,,,
1649,,,,,,,,,,,373.1682,341.6477,,,,,,
1650,,,,,68.8283,,,,,,,,,,,,,
1651,,,,,,,,,,,,,,,156.0344,,,
1654,,,,,,,,,,,,,,,,,,867.0978
1655,5744.6533,,,1579.1053,3054.5688,,,,,,,,,,,,,5925.2351
1656,,184.9022,198.79,,185.7915,,,,,129.9549,,,,,,,,
1657,,,,,,145.6009,,,,,,,,,,,,
1658,,,,,,,,,,,,,,186.5014,,,,
1659,202.0255,,,,,,,,,,,,,,,,,
1662,,,,,,,,,,,,,,,,,142.3281,
1663,,,,,,,,356.2936,,,,226.114,,301.5021,,441.0191,,
1664,,,,,,1406.3444,779.6784,1010.3698,441.0755,601.864,805.9642,,,,,1604.8552,190.7047,347.2624
1665,,,,,,324.1957,,313.7338,124.533,335.9209,,495.2202,,,,405.2513,,
5216,,,,,,187.146,,198.7889,,,,,,1228.1533,,1293.9203,,
1667,295.3534,,,,,,,,,,,,,,,,,289.9625
1668,,,,,131.2378,,,,,,,,,,,,,
1669,,96.3037,,,,200.6662,,462.8163,326.6548,181.3538,,,,217.1799,152.4777,,,282.3279
1671,,,,,237.3534,301.1717,,310.2727,229.523,,,265.7164,275.4813,340.9733,,218.4,,
5218,,,,,,,268.3955,,,,176.0058,,,,,140.0373,,
1673,,,,,,,311.2097,341.7845,,,231.6609,184.7012,,,,,,
1674,,,,,,223.24,272.534,207.4625,,,153.823,,,,,,,
1675,,,,,,206.3146,,202.6292,,,,,,192.8514,,232.1682,,
1678,,,,,,282.6859,,,,,262.5311,237.454,,312.6824,,283.3235,,
1679,,,104.1611,,,,,,,,,,,,,,,
1681,,,,,,13272.9333,14729.9077,15259.361,8346.9452,13345.018,19412.24,17276.7683,,15689.0813,14583.701,16964.412,,10552.9466
1683,12129.2511,,,3857.9528,7618.4041,,,,,,,,,,,,,14297.6069
1684,13776.487,1335.4237,138.9109,3133.1141,7408.179,,,,,,,,,,,,,10838.8028
1685,,,,,,1272.9707,2031.4924,2111.4174,,,469.9604,,,601.5527,618.0709,859.1032,,540.29
5219,6628.119,237.2462,,1513.2123,3279.56,,,,,,,,,,,,,7035.7262
1687,56345.12,5952.9014,671.4661,17643.4622,31901.066,,,,,,,,,,,,,74134.4865
1688,9385.689,,,,4302.949,,,,,,,,,,,,,6335.1023
1689,,,,,,448.5728,392.7108,311.5028,,596.953,894.8094,,,824.9893,529.4539,794.9548,,
1690,,,,,,,,,40.4394,,,,,,,,,
1694,1836.4991,,,499.1653,1045.8275,,,,,,,,,,,,,1900.9745
1695,,,,,,,,,,,303.2952,,,,,,,134.2607
5220,299.7695,,,,,,,,,,173.0856,,,,,115.0767,,
5221,,,,,,,,,,,,186.7404,,,,,,
1698,,,,,,,,,,,,,,129.2643,,,,181.6149
1700,,,,,,,972.8114,495.0913,,166.7575,960.091,381.7835,,174.083,906.8969,847.2667,,
1701,,,130.6319,,,,,,,,,,,,,,,
1703,,,,,,211.154,,,,,,,,,,,,
5222,,,,,,203.577,,,,,,,,,,157.4897,,
1706,,,,,,,203.2365,163.3483,,,,,,,,,,
1707,,,,,,,285.8934,247.9732,,,122.4685,,,,,,,
1708,,,,,,,,,,,,,,,,130.4663,,
1709,,,,,,,,128.1459,,,,,,,,,,
5223,542.5,,,,234.4418,,,,,,,,,,,,,578.2603
1711,8715.034,872.4456,,2616.5896,4779.613,,,,,,,,,,,,,11143.5612
1712,2059.2756,,,,894.496,,,,,,,,,,,,,
1713,,,,,,,,,,186.6231,,,,,,,164.3323,
1714,,437.3054,,,,162.9799,,,,,,,,,,,,
5224,,,,,,,,,,,,,,,,132.8236,,
1717,,162.0036,284.0637,,,,,,,,,,,,,,,
1718,,,,,,2305.7287,2502.6939,2591.057,1415.3555,2409.2784,3296.5229,2989.5849,594.7581,2653.9291,2515.8127,2864.5662,,1886.5344
1719,813.012,86.4252,,,416.1753,,,,,,,,,,,,,552.2219
1720,,,,,,79.2018,,,,,,,,,,,,
1721,,,,,,18082.7797,22827.0637,21646.0793,,6885.2193,15742.1957,9508.5273,,15620.0873,16240.484,18663.2303,,9642.4986
1722,,,,,249.6652,,,,,,,,,,,,210.8003,
1723,,,,,,,1389.2225,,,,,,,314.9544,,,,
1724,452.1637,,,,252.7171,,,,,,,,,,,,,
1725,989.6829,52.9508,,295.9461,529.8374,,,,,,,,,,,,,
1728,,60.9096,,,,,208.9064,242.6966,284.1726,,253.1211,271.4565,311.095,227.2905,299.2769,256.1267,302.3599,
1730,,,,,,,,,,,369.9915,,,,,,,
1731,,,,,,,,,,112.9479,,,,,,,,
1732,,,,,,,,,,,,,,,,,,143.2507
1733,,,,,,,,409.7059,,586.6469,935.205,,,,,497.7216,,
1734,,,,,,,,,,472.2474,992.7082,,,,850.0839,1261.1585,,
1735,,,,,,,324.2858,341.0841,,403.4185,628.2096,497.7857,,584.2192,,744.1317,,279.9512
1736,,,,,,,,,,,109.249,,,,,,,
5225,,,,,,1055.5069,905.16,1400.8867,,168.9601,516.0905,,,758.4841,714.5397,860.9938,,
1739,,,,,,,,,,,,,,,,,111.6999,
1740,,,,,,,1133.9005,,227.3699,,,,,,,,,
1742,,,,,,255.9327,193.6971,201.1365,,,124.4919,,,265.2197,,,,
1741,,,,,,258.5705,,,,,271.1224,,,,253.7862,291.0672,,
1743,,,,,,,,189.966,,,,,,,,,,
1746,,,,,,,,,,,,,,,,,,358.4973
1747,,,,,,,,,,,,,,,,,,1511.9537
1748,,,,,,,,,,,,,,,,151.0211,,
1749,,,,,,,757.5638,855.606,221.9808,199.3716,401.0477,266.5453,,624.5406,587.1046,775.6653,,319.242
1751,,,,,,,,,,,,,,,,102.5971,,
1752,,,,,,,,,196.6338,321.8816,494.106,,,420.1161,,394.6826,,
1753,,,,,,5911.6721,7583.922,7056.6696,,2285.0918,5207.9865,3095.485,,5099.241,5383.8166,6200.442,,3100.5519
1754,,,,,,,,190.5005,,,,,,110.0744,,,,
1755,,,,,,,,,,,,,,61.595,,103.4587,,
1756,,,,,,,,,,168.1297,,,,,,,,
1758,,,,,,1132.5211,1273.9368,1408.1128,,940.1509,1254.8874,1325.8146,,809.3598,757.1953,,,678.0958
5228,,,546.5474,,516.0512,326.774,,247.985,,,,,,,,,,
1760,,,,,,245.1688,,,,,,,,,,455.5415,,
1761,,,,,,,,,,376.8523,,,,,,,,
1763,,,,,114.7535,,,,,,,,,,,,,
5229,,,,,,963.6914,,679.6622,986.2046,,,562.1057,727.0289,735.2055,673.8374,605.3215,743.9778,631.5815
1764,106.1882,484.7619,515.5381,,,,,,,,,,,,,,,
1765,,,,,,,,,,,,,,,,,,1166.7535
1766,,,,,,,,,,,,,37599.7215,,,5090.2497,,
1768,3142.193,,,,,,,401.2008,,,,224.5633,,295.6544,255.1792,,,4104.0701
1769,,,,,,612.0583,807.7558,,,,,,,,753.2929,,,
1770,,,,,,230.6531,,286.2826,,,331.3708,257.5858,,470.7068,,670.484,,
1771,,,,,,2221.6793,,,,3139.3905,4649.1635,2179.2216,,4693.7955,3022.4661,4584.3191,,1671.1018
1773,,,,,,,,322.8495,,105.1878,334.6786,,,339.3242,306.8379,472.8025,,147.4188
1774,,,,,,267.4894,418.3517,303.2577,,,301.0451,178.4794,,250.7711,,,,148.8368
1775,,,,,,331.8888,370.1227,,,,,,,693.599,,,,
1776,,,,,,,,,,,,,,130.6816,,,,
1778,,,,,,76.4646,,,,,,,,,,,,
1779,,,,,75.5981,108.7822,,89.0431,106.6272,,,,80.867,,,146.3541,,
1780,56.2527,78.8965,,,,,,,,,,,46.4331,,,,,
1781,,,,,,,,,,,,,5131.999,,,,,
1784,,,,,,,38.0743,,,,,,,,,,,
1785,,,,,,,,71.0598,,,,,,,68.4326,,,
1788,1807.3748,,,,,,1616.357,,,,,,,,,,,2408.2734
1789,,,,,139.3912,121.8019,,,,,121.0703,107.6748,,,,,,
5230,,,,,,846.6022,1537.9898,,,,,,,,592.7256,,,
1790,,,,,,,,,,,229.4452,212.7464,,188.4545,,205.0302,,
5231,,,,,,,161.4063,158.8682,,,,,,,,,,
1791,,,,,,113.9748,,,,,,111.4659,,,,,,
1793,,,,,,354.2297,484.8989,302.5843,,190.3435,350.4274,282.8335,,341.68,333.5947,390.4198,,
1794,,,,,,872.3315,919.1163,984.2006,483.5038,683.2096,930.8192,745.7697,107.8503,,718.6808,1370.4771,,519.8682
1795,,,,,,1082.3025,1090.3597,530.3399,257.141,262.2958,410.4342,507.3165,,684.3876,562.3107,,237.1976,
1796,,,,,,,,,,,232.5227,,,,,,,
1797,,,,,,,,,,117.713,,165.1888,,,154.4762,,,
1798,,,,,,,,,,,,,,165.8991,111.9692,,,
1800,,,,,,,208.5321,174.0405,,,264.4606,212.3772,,346.8479,259.6909,432.9723,,
1801,,,,,,215.9045,328.106,320.1375,,179.2883,,,,335.2705,537.9995,,,
1802,,,,,,512.1276,734.7268,905.2926,294.2374,300.8554,268.4823,344.5852,,909.0315,582.5707,1430.9334,,
1803,,,,,,196.0258,,,,,,110.1601,,167.935,145.8819,251.9242,,
1804,,,,,85.6244,,,,,,,,,,,,,
1805,,,,,,,,183.7419,,,,,,,,230.1664,,
1806,,,,,,,,,,,,97.6406,,,,,,442.9369
1810,,,,,,520.4475,,,,143.4535,,187.7022,,402.9697,,,,185.6645
1809,,,,,,199.7991,,,,,,,,,152.3699,,,
1811,,,,,,165.6632,,178.14,,138.5993,,181.2577,,243.0236,285.0665,343.7931,,
1814,173.5241,,,,,,,,,,,,,,,,,
5232,,,,,,,1508.0075,,,,,,,,517.0561,,,
1816,,,,,,382.4728,294.3022,380.5922,184.4724,193.9731,210.9538,,,276.7861,265.0778,239.1155,,
1817,,,,,,,436.3422,,,,,,,,,,,
1818,,,,,,,263.7124,,,,,,,,,,,
1820,,,,,,,163.1404,150.2757,,,173.5456,143.3477,,,,168.5204,,
1822,,,,,227.67,,,,,,,,,,,,,
5233,,,,,,,121.1929,124.0278,,,,,,,,,,
5234,,,,,,367.649,329.8213,276.8372,,,160.4275,,,126.3601,,,,
1823,,,,,,424.6058,983.7598,1195.996,,388.8081,471.4282,511.0657,,,338.0166,,,
1824,,,,,,1810.4898,1374.2954,1121.0741,572.2632,592.3587,,761.7675,104.3468,968.2322,854.1691,1096.8982,215.2494,521.0005
1825,,,,,,1208.2487,1200.2003,,268.2202,455.7878,1000.7728,785.0031,,1000.3473,884.034,,240.969,
1826,,,,,,634.9276,868.8532,699.0995,354.5868,273.2229,495.626,437.5727,,543.3702,411.565,740.6198,239.7438,
1827,,,,,,173.6933,184.2742,178.0525,,,150.8837,132.3084,,,,,,
1828,321.1247,,,,,,,,,,350.1414,,142.6716,,,,,
1830,,,,,,440.0674,487.1847,600.424,,377.3895,797.4768,581.7046,,757.8639,,1108.8349,,
1831,,,,,,4854.3188,5024.0358,6027.8156,946.7875,1525.6803,2607.9303,1828.5594,,5212.6481,5017.6211,6271.1486,257.9461,2584.2178
1833,,,,,,,,1290.6427,,524.2183,,,,895.1945,803.6719,962.457,,604.4305
1832,,,,,,9600.1717,10196.108,11919.2473,1918.1233,3699.3028,7092.9852,4412.2842,,9554.252,9279.336,11588.0377,377.4025,5073.9729
1835,,,,,,,,316.5786,,,,,,,,,,
1836,,,,,,,,160.1582,,,,,,,242.9035,517.9982,,
1837,,,,,,,,,,,,,,,,152.5635,,
1838,,,,,,46.8035,,,,,,,,,,,,
1839,,,,,,,,689.2262,,,490.4847,,,,,,,
1842,,,,,,,948.628,659.5672,,219.0477,480.6517,,,,,309.9158,,202.1367
1843,673.296,,,,,,930.7683,,,277.4138,,,,710.8817,663.3536,804.7073,,
1844,,,,,,941.6915,1384.2091,1174.9372,,366.156,950.2356,,,358.0216,455.7679,,,249.2962
1846,,,,,,194.8058,,148.5529,,130.6996,163.2736,146.1476,,193.5508,171.5946,238.966,,105.958
1847,,,,,,,,,,,89.7102,,,55.2079,,73.8023,,
1850,,,,,,,,,,158.6757,,,,,,,,
1852,,,,,137.4111,,,,,,,,,,,,,
5238,,,,,,258.3841,558.8549,,,,257.1093,,,,,,,
1853,,88.1057,,,,2043.4729,2382.3473,2901.0649,701.5484,874.2162,1385.1633,1027.5036,200.1813,3162.1944,3332.1333,3886.8371,535.908,1472.449
1855,,,118.0432,,,,,,,,143.6927,,,,,,,
1858,,,,,,,259.2254,195.119,,,,,,,,,,
1859,1281.9734,,,,660.6671,,,,,,,,,,,,,2851.2106
1860,8334.606,1070.52,129.205,2398.128,4880.5415,,,,,,,,,,,,,9534.179
5241,,,,,,1194.6288,1150.1957,1671.6234,,,891.2764,296.7264,,,1195.9183,,,576.3859
5242,,,,,,,,154.4443,,,,,,,,,,
1862,,,,,,,,168.9617,,,279.0784,,,277.3847,,,,194.2558
1866,,,,,,345.9158,298.9575,312.8774,185.6639,229.7795,384.054,354.7191,,221.0221,231.5455,,,
1868,,,,,,350.8277,,440.176,157.9554,285.1979,389.3218,322.7212,,221.2281,218.527,402.1692,,285.6591
1869,,,,,,,313.2152,340.7658,188.8569,,310.5978,214.0153,,,,335.5025,,
5243,,,,,,,,,,,,,,200.4849,,181.3999,,
1870,,,,,165.7339,,,,,,,,,,,,,
5245,,,,,,686.2753,350.0829,610.5017,,197.9428,,427.8452,,,410.4813,,,303.316
5244,,,,,,,453.7149,1419.1406,,205.4388,,354.6607,,,371.027,242.6358,,287.656
5246,12783.561,,,3021.7416,6183.0225,,,,,,,,,,,,,19390.5342
5247,,104.1901,,,107.0233,253.7101,254.6522,,,,256.9252,,,238.2141,,,,
1872,,,,,,,,,,,,,,,,,,532.8445
1873,,,,,,921.7537,1062.6046,954.9211,400.8222,346.0879,1126.707,514.7484,,1711.9856,1037.588,1010.9536,,905.8198
1874,182.7841,188.698,201.9884,,,236.2789,,234.9032,280.4399,258.1419,247.5132,,,238.5147,277.9817,,,
1875,,17.1994,,,,,,,,,,,,,,289.9494,,
1876,,,,,,172.932,263.1995,211.0593,,66.6011,,93.3138,,63.2914,92.6377,81.636,,
5248,,,,,,,,,,,,,,224.944,,,,
1878,,,,,,263.898,380.6053,3368.7241,,,235.6044,,,277.784,413.6596,620.5253,,
1879,,,,,,,352.3798,313.2266,,,,,,,,228.8818,,
1880,,,,,,256.6301,,433.9238,,,199.6175,165.1257,,234.341,260.7151,286.4036,,
1881,,,,,,,,319.1268,94.1606,,,126.0873,,115.7866,189.4384,176.0808,,
1883,,,,,,,189.9036,423.0016,,,,,,,,,,
1884,,,,,,245.6411,694.2478,313.4791,,,181.1113,,,,,591.2464,,
1886,,,,,,1004.3981,1134.9585,1000.2816,,,1121.1154,,,,,774.9036,,278.3923
1888,,,,,,,,1147.946,,,,,,,,,,185.5867
1890,,,,,,1411.5647,1561.654,2053.023,469.6797,506.5039,914.9998,726.8199,113.0922,2088.3963,1965.9449,2780.8067,362.5051,1090.1535
1891,,,,,,,171.299,148.5021,,,,,,,,,,
1892,,,,,,,564.0468,,,,,,,,,,,
5251,,,,,,,120.3813,,,,,,,124.4046,,168.2063,,
1894,,,,,,,,167.6484,,,,,,,,,,
1895,,,,,,170.1151,,231.6863,,,,,,249.2726,,,,
1896,,,,,,174.6895,233.8131,255.6932,140.6026,317.0313,478.1561,342.8559,,253.1927,,311.2579,,
1898,239.0531,,,,,,,,,,,,,,,,,459.6129
5252,2763.9382,152.4421,,901.7939,1599.3945,,,,,,,,,,,,,2756.5377
1899,,,,,165.0632,,,,,,,,,,,,,
1900,53864.305,7359.532,966.5189,18597.9245,33169.71,,,,,,,,,,,,,65176.3622
1902,,,,,,404.5432,481.9309,,162.392,236.6588,,282.1083,,,318.7717,,,
1903,,,,,,461.3192,846.3865,434.4578,244.86,,472.6484,325.234,,422.2077,396.8354,450.3128,,212.3946
1904,,,,,,240.5015,,,,,,,,187.6103,,191.2974,,
1905,,,,,,,,412.9004,,,,,,,,,,
5253,,,,,,,,,,,,,,409.5385,,,,
1906,714.2204,,,261.7341,,,,,,,,,,,,,,
1907,,,,,,608.8318,482.8461,753.0164,,599.872,940.6854,718.921,,805.8743,724.1121,1608.7645,,426.656
5254,,,,,,618.9859,564.6789,379.9605,,,134.974,,,215.8404,,238.1547,,
5255,,,,,,,640.5786,1216.4046,703.193,136.6851,775.3715,477.1837,,555.877,519.9841,407.438,,462.3001
1909,,170.9925,164.0997,,,1083.2877,1126.3108,1373.1284,608.1628,557.0235,875.4365,,,1238.6648,1213.2992,1277.5056,,716.2095
1910,,,,,,,291.9321,,169.7948,,193.3833,,,,,,30.2936,
1911,,,,,,345.5822,462.878,350.9924,,,,236.4011,,238.6874,268.6738,,,153.4763
1912,,,,,,530.5421,717.8891,,,,,,,,,134.4535,,
1913,,,,,,303.2762,260.4675,323.9866,,,,,,,,,,
1915,,,,,157.9847,,,,,,,,,,,,,
5256,6825.3594,,,1698.5366,3490.8618,,,,,,,,,,,,,6561.9096
1916,51310.883,4880.5566,,15047.6922,26355.754,1199.997,1565.5908,1513.665,,,,,,,740.8836,,,54934.9782
1918,97346.54,15959.238,1723.5276,35874.6003,57328.707,,,,,,,,,,,,,122246.01
1919,7575.9053,1024.0962,,2612.4554,4694.8184,,,,,,,,,,,,,9181.6427
1921,,,,,,,,,,244.5536,,,,,,,,
1922,,,,,,,,74.3052,,,106.9475,78.2124,,,,200.928,,
1923,262.2856,,,,,,,,,,,,,,,,,
5257,,,,,,,,,,,,,,124.4517,,,,
1925,,30.5473,,,,,131.8345,184.2916,80.0378,,,,,149.4556,,,,89.5477
1926,,,,,,,260.0534,243.7882,,,,,,,,,,
1927,,147.6596,179.1681,,,,,,,,,,,,,,,
5258,,,,,,,,,142.5437,,,,,,,,,
1928,,,,,,,,,,,170.4048,146.2056,,,,149.8758,,
1929,,,,,,253.6642,238.6628,302.5367,75.8328,88.8583,160.9684,,,277.7393,339.3822,434.9022,75.1637,160.5943
1930,,,,,,129.1598,215.6135,,,,,,,,,,,
1932,226.4203,,,,,,,,,,,,,,,,,
5259,,,,,,,154.2542,,,,104.1938,,,,,,,
1935,,,,,,,338.5635,271.1869,,,248.458,,,198.8517,287.1842,,,
1936,,,,,,,,,,,,,,,,236.4331,,
1937,,,,,,334.4782,536.6901,454.9103,,179.6275,407.1485,237.4179,,,98.7199,,,
1938,,,,,,,225.1923,,,,,,,,,,,
1939,2932.3862,416.3797,,995.9043,1756.1823,,,,,,,,,,,,,3554.2338
1941,,,,,,,,117.3235,,,,,,,,,,
1942,,,,,,,,,,,,,,,,156.1414,119.2465,228.3611
1944,169.0604,,,,,,,,,,,,,,,,,
1945,,,,,,,,,,,,,,,,194.4337,,
1946,,,,,,,1352.1643,596.5617,,,1126.9175,452.6578,,,1100.1261,816.2231,,
5260,,,,,,238.3828,188.123,,,,,,,,,,,
5261,,,,,,186.6582,140.8082,,,,,,,,,75.1299,,
1947,,,,,,,414.7354,,,,,,175.1862,,,,,
1948,,,,,,,,,,,,,,,202.7899,,,
5264,,,,,,,,256.3046,,,168.1277,,,226.1322,198.2607,263.6927,,
1950,,,,,,,,,,,,,,,,1171.6609,,
1951,,,,,,7760.4396,8135.86,8552.495,10410.301,7994.7218,10513.259,9535.7937,,8568.4206,7957.7762,9481.8083,,6896.9991
1952,,,,,,3525.8871,3059.1648,3567.8706,,1467.7381,2580.2414,1792.2401,,8029.4332,7127.523,6743.4196,,2619.5593
5266,376.8757,,,,172.9406,,,,,,,,,,,,,347.5256
1953,2925.8967,251.5479,,870.0074,1569.9991,,,,,,,,,,,,,3273.0496
1956,339.6233,393.461,,,,,,,,,,,,,,,,
1957,,,,,,1565.477,2433.2672,2297.6126,,,608.6587,,,754.3778,823.0165,1148.4024,,717.361
1958,323.3439,,,92.557,,,,,,,,,,,,,,
1959,,,,,,,,,,,,,,,269.0007,,,
1962,,,,,,,,,412.5992,538.3771,,,,746.0286,,333.3573,356.4511,
5270,,,,,,,,,,,,,,211.9951,,,,
1963,,,,,,973.6682,1078.9658,1327.5291,,,,,,1107.7737,1094.6801,1404.5178,,615.1401
5271,,,,,,,,,,,,,,194.1669,,,,
1964,,,,,,,,,,179.8187,275.7537,211.3963,,160.9915,,144.8875,,
1965,,,366.5246,,,,,,268.3923,,,,,,,,,
1967,,,,,,,,574.7999,,,1673.1159,1005.6892,,,,,,
1968,,,,,,,,279.6613,,,134.3846,,,,,203.2955,,
1969,,,,,,,,,,,,211.782,,242.1448,,248.8589,,
1970,,,,,,,,,,435.3035,666.9469,499.2036,,672.1569,,1090.4837,,268.037
1971,,,,,,,,677.6679,,,,797.9922,,,,,,
1974,,,,,,,133.2136,,,,,,,,,162.1872,,
1975,,,,153.7089,,,,,179.5487,507.4625,,,,,,,195.2294,
1976,,,,,,508.9573,592.92,498.8111,,299.912,411.5083,,,544.5539,532.8616,,,351.3951
1978,,,,,,,,,,135.6057,,209.1439,,287.8109,,258.4739,,
1977,,,,,,378.5236,368.719,289.3775,,145.4864,328.2466,,,486.4679,,586.4051,,
1979,,,,,,,,,,,,414.905,,,,,,
1980,351.0211,,,,,,,,,,,,,,,,,
1982,,,,,,73.957,131.0866,,,,,,,109.707,,,,
1983,,,,,,,,,,,,,,,148.6769,,,
1985,,,,,,187.0282,,,,,,,,,,,,
5274,2459.9297,2009.2887,2209.3213,2362.3479,2216.9957,2600.8475,2155.2868,2652.2975,1727.8657,2074.6045,2778.9036,2436.8963,,2913.0875,2698.1031,2958.5701,,3431.5467
1986,,,219.7543,,,,,,,,,,,,,,,
1987,,322.5663,394.4791,,,,,,,,,,,,,,,
1988,,,,,,307.9937,336.5877,315.6928,,278.7284,363.7807,373.7721,,310.6242,,347.2126,,
1989,,,,,,2231.1944,1963.1497,2249.0308,,959.0426,1647.7638,1167.442,,5117.6457,4524.1243,4311.5226,,1652.632
5277,1257.2985,1434.7787,1354.7502,1454.788,1325.7552,,,1151.0078,,,1099.5634,1169.0617,,1090.9292,,,1434.5176,1001.8796
1993,,,,,,,,,,,,,,,,,,178.0526
1994,231.8559,46.2992,,,142.4788,,,,31.7047,,,,46.6938,,,,,
1995,,,,,,,,,,95.0318,,,,,,223.4801,,
1996,,,,,,542.8913,1166.7572,,,,1327.8346,,,385.7679,,,,
1998,,,,,,,,,,,132.8489,,,,79.6081,,,
1999,,1014.4268,1204.9373,,,,,,,,,,,,,,,
2000,,,,,,,2164.123,,,,,,,,,,,
2001,,,,,,158.1511,204.122,,,,,,,,,,,
2002,,136.1952,,,151.2896,142.653,191.3414,,221.8545,123.9641,,248.8871,193.1567,127.7929,,135.6081,200.269,
2004,,,,,,642.4239,734.2788,805.2439,,,,257.9545,,745.6916,628.7738,902.7423,,398.0362
2005,,,,,,,,397.2204,,,469.5612,402.234,,301.1623,,318.5582,,
2006,10467.311,2105.4553,,7150.5039,7811.9614,,,676.8209,,,,,,,,,,11960.1489
2007,,,,,,,,,,,165.4308,,,,,,,
2008,,,,,,,167.1846,,,,,,,,,,,
2009,320.9561,,,,252.4491,,,,,,,,,,,,,266.1843
2013,,,,,,,304.1881,,,,,,,,,,,
2014,,,,,,,,,,,236.6527,,,287.3767,222.7433,349.4019,,
2016,,,,,,769.666,991.1647,,10445.131,,867.7269,,,1274.4789,1090.0478,1593.3808,152.3395,
2017,,,,,,,,,,,,,,,,,,212.1057
2019,,,,,,2345.0973,2456.8738,3614.7302,,,,,,3836.2201,3934.3221,4261.141,,1754.8085
2021,,,,,,116.4382,,,,,,,,,,,,
5281,,,,,,,,1493.4836,,,,,,,,1870.8155,,
2023,,,,,,,,,,,,,,,,,135.6941,
2024,,,,,,,,360.0797,,309.9534,468.1321,434.7206,,361.1447,323.2629,470.1661,,
2025,,,,,,347.853,276.0833,350.8142,,,270.6546,,,800.3366,702.7265,656.3135,,
2026,,,,,,,,105.0739,,,,,,,115.8633,156.297,,
2028,99.3133,,,,,,,,,,,,,,,,,
5283,70.4787,,,,68.8661,,,,,,,,,,,,,
2030,1795.5244,,56.3444,1213.9789,1352.8453,,,,,,,,,,,,,1959.2454
2032,,,,,,,373.0089,247.9521,,,434.5002,,70.1202,,263.8164,,,
2033,,,,,,,,56.1381,,,,,,52.8912,,117.939,,
2034,,,,,,,58.1411,49.8,,,,,,80.6973,,,,
2035,256492.36,31323.406,4077.194,87616.305,142787.83,,,,,,,,,,489.3953,330.841,,273521.2775
2036,,,,,,380.1355,401.0095,617.261,,107.6721,223.7682,,,624.4432,658.9394,707.5426,,305.6984
2037,,,,,,1147.298,1705.9145,1366.3722,,,1043.1007,,,,,,,
2038,,,,,,,302.9485,,,,,,,,,,,
2039,,,,,,,,,,,75.5104,51.3383,,,112.6001,,,
2040,,,,,,,,,,,,,456.094,,,,,
2041,,,,,,,,,,,,126.2657,,,,,,
2043,,,186.1354,,,,207.4423,250.0414,,336.1328,,235.4764,,292.2505,,223.9381,233.2153,
2044,,,,,,371.9427,349.6608,488.6549,,368.9857,425.2581,322.788,,237.1912,223.3651,,,161.9754
2045,,,,,,,248.9787,,,,,,,184.0244,,193.7922,,
2046,,,,,,,343.9748,289.5049,,287.7489,303.2119,252.5752,,203.9341,,242.9598,,
2047,,,,,,370.4755,,450.5221,,,,199.7693,,238.1015,226.4479,300.0349,,
2050,,,,,,613.0155,688.9837,825.8268,,325.646,474.7152,408.2787,,860.3372,745.3691,1028.8017,,329.7662
2051,,,,,,,370.1034,,,,,,,,230.5338,,,
2053,,,,,,,,,,,,,,125.2576,,172.4233,,
2054,47078.188,5755.432,750.8231,16402.2267,26824.979,,,,,,,,,,,,,49410.5008
2055,,,,,,322.7226,495.5283,404.1663,,149.6027,337.408,283.8681,,395.1165,559.3688,,,
2056,,,,,,,483.6459,,,,322.8267,,,393.0481,316.0217,735.7678,,
2057,,,,,,141.836,,121.7003,,,130.5757,,,139.8937,,424.0867,,
5285,,,,,,,,,,,,,,,,,,121.8924
2059,274.4399,,,,,,,,,,,,,,,,,
2060,,832.2399,1258.9443,,180.7287,,,,,,,,,,,,,
2061,,,,,,,,,,,,,,,,352.4293,,
2062,,129.4024,151.0933,,,,,,,,,,,,,,,
2063,,,,,,1198.7816,1152.216,1228.8076,,797.887,1454.27,1060.1476,,1829.7724,1552.012,2403.3339,,754.9178
2064,,,,,,,,,,,,194.7138,,,,,,
2065,,,,,,115.4167,181.3451,159.1245,,115.676,190.6041,152.7707,,246.872,239.9867,300.2964,,94.5839
2067,,75.0752,,,,,42.315,,,,46.1193,,,,,,,
5286,,,,,,,,,,,,183.9138,,237.7509,,272.1817,,
2068,,318.5789,685.87,,88.4594,,,,,,,,,,,,,
2069,,,,,,208.8692,234.9209,237.2305,,,211.0892,,,229.2539,203.6802,,,
2070,570.5826,,,,387.858,,,,,,,,,,,,,465.5898
2072,,,,,,755.1041,704.909,,628.1242,473.3855,556.9055,686.5349,222.394,616.8687,476.4836,1228.522,474.3543,558.9784
5288,,,,,,194.4532,,196.7592,,,,,,,140.1641,,,
2073,,,,,,,,874.4068,215.6842,338.8898,693.353,743.3513,,804.6132,640.231,1067.2121,104.9045,
2075,253.759,,,,,,,,,,,,,,,,,
2076,108.3284,,,,,,,,,,,,,,,,,
2077,,,,,,200.4494,260.6746,,,116.717,,,,,170.3535,,,170.6371
2078,,,,,,712.8766,904.0184,737.153,203.4646,411.0267,1136.4828,601.0175,,885.736,890.416,711.0735,135.9326,298.4503
2079,,,,,,704.9898,,850.0485,245.4256,333.0726,752.1081,739.5588,,1051.8324,1158.2193,1505.6169,,
5289,,,,,,,,,,,168.6192,,,187.5564,173.9144,212.4168,,
2081,,,,,,,,182.3737,,,148.4642,,,,243.4259,239.5307,,
2082,,,,,,,185.236,,,,,156.2673,,245.9503,,256.9747,,
2083,,,,,,,,128.3302,,,,,,222.9921,146.3448,235.8969,,
2084,,,,,,,,,,,,,,193.024,,,,
2085,,,,,,,173.5492,,152.5527,,162.0774,,,189.542,,126.4084,,
2087,,,,,,,,,,,203.5226,,,,,,,
2088,,,,,,,,,,,,,,,294.3868,,,
2090,,,,,,180.2945,181.3168,157.5813,,,72.9509,135.9401,,139.6389,87.7994,,,
2091,,,,,,435.355,615.5857,507.1051,,,434.9201,247.8218,,382.2482,,411.5235,,
2092,101866.91,14317.53,1888.2014,37745.0708,55945.52,3386.6732,6406.6162,4688.4777,,,4168.7562,,,2290.2492,2611.7201,2916.0868,,131164.55
2093,,,,,,,,989.0937,246.3234,,1267.8734,1147.0401,,1131.1592,,1114.076,,
5291,,,,,,,694.6221,,,408.3645,,876.2656,,,,238.3953,,
2094,,,,,,212.841,264.412,232.3435,,238.3091,409.6518,310.5329,,238.2031,236.2303,260.9471,,
5292,,,,,,2011.0148,1898.6117,1672.7241,,1452.4685,3437.603,2469.9989,,2326.4116,2114.9513,2162.1703,,1220.3833
2096,,,,,,,238.0063,,,,,,,,,,,
2101,,,,,,869.7166,996.8231,952.1317,441.0425,,415.3531,440.8853,,519.6971,,491.4622,,251.5191
5293,,,,,,,,169.7134,,,,,,,,,,
2100,,,,,,966.3079,1004.9058,1087.9206,471.8462,601.881,920.6733,1086.182,,,,,186.3356,
2102,,,,,,788.4356,,,361.2525,,438.5478,458.6401,,413.2846,345.6509,,203.4319,
5294,,,,,,248.5559,205.2926,,,,,,,,,,,
2103,,,,,,1027.7295,950.4204,1218.4412,610.9426,847.3289,1163.4515,963.4935,209.5832,1120.7865,1181.709,1338.7044,307.1284,393.5401
2104,,,,,,,,,,,,,,,,85.0847,,
2105,788.9486,,,,,,,,,,,,,,,,,
5296,,,,,,256.1461,164.2275,,,,,,,169.3182,,161.0078,,
5295,,,,,,,,220.1456,,,197.8135,141.6291,,183.8445,110.4745,,,
2107,,,,,,522.9404,487.3257,709.5075,124.1082,435.8598,,318.9847,,447.5457,,722.7748,,284.303
2108,,,,,,457.4306,646.9608,589.9623,158.0073,189.0437,316.057,270.4653,,488.2761,451.6756,852.7163,,
2109,,,,,,438.2346,658.9045,,114.7697,287.3804,556.6938,386.4776,,459.2936,364.2119,509.8116,,204.6837
2110,,,,,,239.9957,304.5793,238.9067,,,,,,262.8668,,,,
2111,,,,,,,112.0036,,,,,,,102.8372,,,,
2112,,115.7002,,,,,,,,,,,,,,,,
2113,,,,,,321.3904,363.7844,349.2454,,288.6144,471.9778,406.6849,,364.8588,351.8578,362.8465,,223.5277
2114,280.4968,,,,,,,,,,,,,,,,,
2115,,,,,,,,,,,,,,,,541.6702,,
2119,63587.836,5426.4907,,18487.5868,29849.562,,,,,,,,,,,,,67298.15
2120,2103.2563,241.2434,,782.509,1137.3643,,,,,,,,,,,,,2739.9776
5300,,,,,,,,,,,122.1545,,,,,,,
2123,,,,,,,,,,,451.1928,383.1296,,313.1677,,361.9667,,
2124,,,,,,163.812,130.0141,,,,,105.0363,,,,,,
5301,,,,,,124.6778,,,,,,153.6256,,,,150.5115,,84.3009
2125,,,,,,286.5145,227.6858,278.5901,230.7225,497.1628,980.0211,776.3846,235.711,483.2768,383.8152,522.2061,,
2127,,,,,,199.3222,259.0467,249.9473,,,,111.7653,,,,,,86.9683
2128,1419.5343,503.1946,507.2252,520.7658,963.6224,,,,,,,,,,,,417.4924,2348.93
5302,,,,,,299.2238,462.5769,407.0548,,,232.8767,135.3661,,,150.1697,146.7449,,
2132,,,,,,,416.8866,362.215,,,325.5683,,,,,,,210.6933
2133,,,,,,,,694.8714,,,,,,,228.3551,501.6843,,
5304,,,,,,,,,,,,,,,1182.2027,1433.1271,,
5305,,,,,,502.127,441.4876,574.6654,,174.6536,473.8744,361.5717,,,614.8604,,,326.4084
2136,109779.16,13363.116,1512.1017,37362.3125,63754.234,218.7421,478.7566,249.3089,,108.2853,540.498,267.9307,,,119.7675,,,151795.7125
2138,,118.028,,,,139.4594,,,135.4339,,,163.2047,,,,,,
2139,594.3318,,,,,,,,,,,,,,,,,879.2297
2140,,,,,,,,,,,,,,,,,,4419.0758
2141,,,,,,322.5752,258.395,,,,,,,,,,,
2142,,,,,,,,,,,,,,,,176.4454,,
2143,,1172.7799,,,,,,,,,,,,,78.0245,,,14635.0213
2144,,,,,,129.2595,,168.4633,,,,,,,,193.2583,,
2145,,,271.2156,,,,,,,,,,,,,,,
2146,,,,,,64.4391,74.1362,,,,,84.8318,,,,81.1907,,
2147,,,,,,4766.9938,4606.322,7998.5765,,1905.101,2640.7915,3670.6226,,1268.9047,947.7653,3101.5184,,724.6081
2148,,,180.065,,,,,,,,,,,,,,,
2149,,,,,225.1036,,,,,,,,,,,,,
5307,,,,,,,50.3243,,,,,,,,,,,
2153,19062.469,2185.2012,195.7305,6395.4032,10720.1875,,69.8449,,,,84.2662,,,,,,,26015.6792
2155,188701.58,20015.139,2544.5059,55743.4798,102844.43,4134.9454,6786.7194,4427.66,,2694.9435,6315.252,3602.676,,,2564.2443,2910.2891,,204184.4025
2157,1433.9258,165.343,,436.4334,822.3653,,,,,,,,,,,,,1538.8683
2158,205.4668,,,389.3203,228.0121,297.621,,,,,,,356.428,,,,371.4424,
5308,,,,,,,,,,,,,,,,,,302.5149
2161,,,,,,,,,,162.4184,295.4769,,,,,,,
5310,,,,,,,,,,,,,,,,159.6286,,
5311,,,,,,,540.7604,,,,409.9054,,,,,,,
2163,,,,,,302.6899,337.3961,,,,335.9871,,,234.1804,275.7498,298.7875,,
2164,,,,,,,150.5305,,,,146.339,,,,180.559,,,
5312,,,,,,246.5831,240.2402,,,,176.5015,,,331.9418,332.9169,404.9027,,
2165,,,,,,529.0539,518.4091,598.0898,226.8593,,,,,820.5061,677.6364,634.0966,,
2166,,,,,,917.6562,1079.3897,838.0387,,305.749,451.1741,,,840.2712,799.7945,1169.4752,165.2424,
2167,,,,,,298.7103,378.819,361.1772,,,,,,172.3177,148.6411,273.6086,,499.6555
5313,,,,,,,,80.8931,,,,,,,,,,
2168,,,,,,141.5598,,184.9616,,,,,,,,,,
2170,,,,,,,,,,,,,,184.2349,,,,
5315,,,,,,,237.1271,200.4112,,,,146.812,,,,,,
5316,,,,,,304.3003,235.7984,,137.9993,,,139.8505,,282.7231,,,,
2173,,,,,,499.9073,,363.7456,858.6324,,,,211.8216,,,,138.3084,269.27
2174,2137.1204,,,711.2358,1198.778,,,,,,,,,,,,,2397.8711
2175,,,,,,,216.1432,,,,,,,,,126.5413,,
2176,,,,,,,,,,,,,,,,,,194.5395
2177,,,,,,,128.7592,169.2823,,,,,,,170.9568,,,
2178,,158.5998,,,,664.8464,653.6531,586.835,,,,,,341.013,816.0594,530.3117,480.7349,431.7395
5317,,,,,,,,785.7079,,,,,,,,213.9675,,
5318,,,,,,,,,,,,,,690.599,,,,
2180,3967.017,471.3023,,1368.3682,2389.478,,,,,,,,,,,,,4541.8522
2184,,,,,,,,,,,302.24,288.4477,159.3037,,,366.8555,57.7026,165.9108
2185,,,,,,,,1282.3246,,,,,,1289.7934,1223.8731,1554.6402,,
5320,,,,,,145.2602,,,,,,,,256.5332,,,,
2188,333.0741,,,,,,,,,,,,,,,,,
2189,,,,,,,,,,,,,,,,,,273.2705
2192,,,,,,,,,,,,,,,,,,1102.2763
2193,,,,,,253.3072,,,,,,,,,,440.2929,,
2194,,,,,,,,335.6787,,,351.1602,,,460.2776,241.4509,,,
2195,,,,,,,,319.5882,,,252.1125,,,,,,,158.3123
2198,,,,,,,629.5549,824.9372,279.0509,190.8369,376.9692,320.4868,,,1264.3436,1367.1602,,
2199,,,,,,287.0857,449.682,648.3112,136.2577,,,,,,117.7762,392.2904,,216.9159
2200,,,,,,2159.6388,2223.2226,2568.3206,453.3919,841.9705,1184.123,930.0029,,2438.0594,2395.8106,2602.3542,124.0969,1226.9247
2201,,,,,,,1406.7011,1445.9901,,587.5546,770.1794,552.291,,1216.3198,1267.9536,1444.3653,,794.299
2202,,,,,,186.4858,223.0296,,,,433.83,,,287.0288,,618.9442,,180.6626
2203,,,,,,301.4096,271.679,397.277,,,,,,464.9513,745.0958,614.9301,,
2207,,,,,,,141.6861,,,,150.0336,,,,172.7803,188.366,,
2208,,,,,,,,,,,,,,,118.9321,162.4741,,
2209,,,,,,243.8056,,261.2731,,147.819,244.1963,209.9786,,364.9307,269.6144,416.1447,,172.1259
5321,,,,,,,171.2401,2917.9171,,,154.4094,,,,230.6775,422.2866,,361.6343
5322,,,146.5827,,209.7374,,,,,,,,,,,,,
2215,,,,,,,538.4833,464.3025,,447.6769,361.9813,422.1147,,,,,,
2216,,,,,,,,125.4597,,,,,,148.6021,,,,
2217,251.5175,,,,,,,,,,,,,,,,,124.3633
2218,,,,,119.367,,,,,,,,,,,,,236.7164
2220,475.7974,,,,,,,,,,,,,,,,,
2221,,,,,,,,,,,,,,,169.7499,,,
2222,,,,,,,,,,,,138.7576,,286.7598,349.9745,,,
2223,,,,,,661.781,956.607,550.1565,,,,,,,,,,
5324,,,,,,,123.9841,647.0311,412.834,,181.3112,,453.8842,159.1675,258.9419,225.0651,237.1723,
2224,,,,,,355.1626,385.0761,,,,,,,,,,,
2225,,,,,,231.3954,433.5094,1089.6636,883.6502,345.478,545.0752,383.3104,1110.3325,379.6151,599.4732,817.5161,701.4011,362.8968
2226,,,,,,,,62.5697,,,,,,79.4438,,,,
2229,,,,,,,,839.0234,,,,,,818.028,771.405,1003.2552,,
2230,,,,,,,,177.3108,,,,,,,,160.6027,,
2231,,,,,,338.9405,489.356,401.3064,,141.6349,348.1842,210.6544,,,,,,
2232,,,,,,,,2173.3113,,,,,,2714.9091,2731.7625,3333.9294,,
2233,2818.298,,,,,,,,,,,,,,,,,4331.0262
2234,,,,,,1304.1474,1219.7822,1404.716,303.1603,,911.9093,627.2673,,1170.2807,,1493.3441,,510.1521
2235,,,,,,465.8605,,,,251.6948,,402.0107,,523.5802,447.422,,,
2237,,,,,,,,,,,,,,,,377.3718,,
2238,,,,,,651.0887,1995.3933,911.6599,624.8583,1125.3312,1905.9997,808.9543,644.7969,904.6624,1547.9402,1588.9425,1187.9077,868.7259
2240,,,,,,606.8751,380.3341,446.0167,,,460.0191,290.2454,,859.9085,,1190.1363,,
2239,,,,,,1790.4956,2234.1782,1657.367,319.5506,1168.633,2964.4521,1293.1597,,2347.8148,2491.3394,1580.2533,,1459.8006
2243,,,,,,151.4243,,,,,,,162.2404,,,,152.7465,
2244,,,,,,,,,,,,,,,,,131.4488,
2245,,,,,,,,,,,,,,,155.2012,,,
2246,,,,,,,,,,,,,,,64.5445,51.5035,,
2247,,,,,,160.0975,,245.4022,,,100.4615,,,382.4996,439.8825,511.4911,,
2248,,,,,,124.5958,122.0006,147.7514,,33.3051,81.6329,,,124.941,,149.3356,,
2249,,,,,,,,,,99.5032,207.6268,,,,,,,
2250,,,,,,121.8795,122.6484,116.2002,,,118.8045,107.6125,,150.1122,,152.3458,,
2252,,,,,,,,,,,34.4237,,,47.0072,,,,
5326,,,,,,1942.3139,1940.6956,2462.5421,,1533.5299,3502.5021,2912.208,,2437.2023,2328.3404,2722.1855,,
2257,,,,,,,112.8653,,,,,,,,,150.3192,,
2259,244404.3282,23602.3642,,61980.3707,129113.6482,,,,,,,,,,,,,213537.8057
2260,,,,,,,418.9465,159.8288,,,,,,,,,,
2262,,,,,,,,,,,,,,157.5663,,,,
2263,,,,,,242.6111,361.3987,208.0581,,,,,,,,,,
5328,,,,,,147.5969,,,,,,,,184.7383,145.3555,,,
2265,184.117,,,,,,,,,,,,,,,,,
5330,768.7822,,,,422.8803,,,,,,,,,,,,,849.0764
2267,,,,,,,251.262,,,229.6091,293.0221,259.7507,,241.2761,,,,
5331,,,,,,,240.6455,,,,335.4714,,,,,289.0888,,
2270,135.3012,,,,,,,,,,,,,,,,,
2271,,,,,,,922.7325,,,,655.8266,559.9621,,,,,,
2272,,,,,,608.8977,728.0854,1082.2756,1384.508,332.3936,510.6976,,,690.7314,858.195,888.1558,,526.9724
2273,,,,,,1167.3812,1039.3807,1664.3184,487.7366,416.0185,830.2347,731.6897,,1371.7559,1070.1328,2655.3616,154.9379,540.6873
2274,,,,,,600.9135,761.6117,1066.6199,248.0697,,,658.1819,,,598.7983,857.2584,,417.1546
2275,,,,,,1019.2878,930.2595,,,,,,,,824.1837,,,
5334,,,,,,,179.6723,224.4722,,,161.1456,,,166.8241,226.8732,,,
2276,,,,,,505.1921,614.624,,,252.3094,439.3191,394.2319,,322.638,578.3375,534.4544,,
2279,,207.3495,,,,,,,,181.8393,,,,,,163.2671,,
5335,,,,,,661.2129,653.3222,823.6784,,501.414,1116.0751,959.4271,,790.2273,754.8331,924.2623,,270.2137
2280,3601.4539,,,1621.7388,1914.2932,,,,,,,,,,,,,2203.5277
2283,,,,,,,,114.1425,58.4647,,,,,,,,,
2285,,,,,,57.9176,70.4113,130.9266,,,,,,108.9707,100.8852,225.8475,,
2286,2738.625,,,789.8357,1348.5468,,,,,,,,,,,,,2741.8588
2287,102079.7,12349.774,1588.0658,36848.34,55176.555,,,,,,,,,,,,,117116.155
2288,,,,,,96.7907,,,,,,,,,,,,
2289,,,,,,709.3077,701.8148,860.616,,418.8013,824.5546,517.0144,,1450.7504,1356.8442,1559.9773,,572.6434
2291,,,,,,37.3361,,,,,,,,,,,,
2292,,,,,,466.1802,526.895,,,,256.211,144.9517,,1067.8613,,874.2969,,
2294,720.8331,,,,,,,,,,,,,,,,,672.0186
2295,,158.3052,,,,,,,,,,,,,,,,
5336,,,,,,655.6629,661.4881,868.6822,,,1184.5924,1000.2676,,820.6718,823.5397,928.9991,,
2297,160890.3488,15832.5988,,41400.548,85514.6088,,,,,,,,,,,,,140975.2313
2299,419.2011,42.1781,,,254.0965,,,,,,,,,,,,,278.1967
5337,,,,,,210.0068,,305.5275,,,,,,288.4505,267.8972,,,
2300,,,,,,,,,,,150.8648,,,212.1753,,,,
2301,321.6672,,,,,,,,,,,,,,,,,570.5464
2302,,407.8763,434.1426,,284.5027,,,,,,,,,,,,,
2304,,,,,,226.064,,,189.7231,,253.9711,,,,,,,151.6115
2305,,,,,,566.5277,,654.3304,,352.9809,,,,,,,,
2306,,,,,,394.3515,362.4974,517.5884,,277.7192,,,,,327.2711,,,359.3405
2308,464.2709,,,,255.1408,,,,,,,,,,,,,
2309,,,,,,,277.1261,587.7009,152.7973,246.6332,407.4777,431.7962,,344.7983,240.0752,,,
2310,,,,,,2950.2498,2765.073,2417.6007,,328.753,713.3209,,,,,,,351.762
2311,609.2311,,,,301.6788,,,,,,,,,,,,,687.4785
2312,,,,,,768.1354,1127.4691,670.3361,320.9962,378.2115,748.3225,608.2029,,560.7469,591.6962,826.1652,,437.1327
2313,,,,,,629.8525,945.1485,737.9902,134.8629,308.0223,486.8176,427.0934,,613.9662,,867.4507,,323.9807
2314,,,,,,402.4,494.3768,465.0736,,154.7897,352.6629,225.8576,,349.3059,270.5621,395.7415,,
2316,,,,,,,,,,,153.1122,188.7794,,207.7717,136.7964,,,
2318,,75.5603,,,66.8777,,,,,,,,,,,,,
5340,,,,,,,,152.5793,,,216.4306,172.426,,,157.5513,164.2949,,
2319,223.052,,,,,,,,,,,,,,,,,
2321,,,,,,77.5625,,,,,51.2514,,,,,,,
5341,137.6989,,,167.6384,,145.9788,,,166.311,164.0996,144.6332,,151.162,,,,166.6517,
2322,121.3955,,,,75.9281,,,,,,,,,,,,,
2323,,,,,,283.6336,379.7059,401.9719,,,,,,286.33,245.6753,314.8555,,127.5623
2325,333468,32555.186,3273.2114,88209.1422,189750.84,,,,,,,,,,,,,346915.5175
2328,,,,,,344.8526,,,,199.3098,,,,343.7991,293.2931,,,
2329,,,,,,4516.4596,6243.7585,5033.9822,,1618.3827,3724.5785,2239.938,,3325.9971,3877.8215,3709.4965,,2280.5522
2330,,,,,,,,,,,,233.4197,,1029.5771,,1197.2088,,
2331,,185.1733,155.957,,,,,,,164.3707,,,192.7733,,,,,
2332,,,,,,,,5551.8234,,,,,,,,,,
2333,28795.1612,2669.7312,,7203.9084,15157.3482,,,,,,,,,,,,,25465.0894
5343,,,,,,,,,,,286.1686,,,,,,,
2336,,,,,,,,549.9166,,188.276,339.8153,,,518.5139,,597.391,,
2337,,,,,,,,,,,1245.7584,,,,1312.5612,1803.4863,,
2338,,,,,,240.1747,346.0564,316.8597,,173.5541,,183.157,,175.6291,130.0301,,,
2339,,,,,,,,179.1816,,,,,,,,,,
2343,,,,,,489.4073,532.0018,567.1491,,,465.9113,,,,400.3206,562.1325,,
2344,,,,,,403.1433,373.9227,,236.1348,,406.9823,283.7931,,400.9976,293.2806,,,223.6799
2346,783.4094,,,,,,,,,,,,,,,,,
2347,1593.1926,174.262,,,,,,,,,,,,,,,,
2348,,,,,1142.156,949.1816,,978.627,,954.827,862.6597,956.1691,,887.0138,,950.861,,
2349,,,,,,,,145.7722,,,,,,,,,,
5346,,,,,,,,,,,,,,,,1980.5307,,
2350,,,,,,,273.7727,,,,,,,,,,,
2351,,,,,,146.2671,,249.6127,,,,154.0946,,233.8746,329.1527,408.507,,
2352,,,,,,373.8289,424.9144,433.488,,,575.1085,284.0219,,643.3925,486.7654,986.2979,,
2353,,,,,,101.0692,,179.6636,,,148.3211,,,175.7169,122.1497,197.3389,,
5347,,,,,,,,,,,,,,3079.4054,,,,
2357,187.3624,,,,,174.9758,,,,,,,230.0835,,,,,
2358,,,,,,,,,313.0725,,,174.2015,,,,,,
5350,,,,,,,,,,,,,,276.6224,,,,
2363,,,,,,,,,,,,,,149.3998,,,,
2364,,,,,38.2925,,,,,,,,,,,,,
2366,,,,,,,,,,99.2527,,,,,77.1475,,,
2368,2684.1663,235.6786,,890.2791,1337.4883,,107.1488,,,,,,,,,,,3693.4244
2369,,,,,,,,,364.7877,,829.0505,769.607,,,,749.2837,,435.4878
2371,,,,,,,,247.2733,,,,,,,,,,
2374,,,,,,,137.0166,,,,,,,160.187,131.5846,209.1848,,
2376,,,,,,,,,,213.2271,,,,,,,,
5353,,,,,,,,243.5388,,,141.8797,,,,,,,
2377,,,,,,,,,,,,,,233.3301,,,,
5354,,,,,,,363.4322,291.6652,,,241.547,181.7258,,,193.9069,,,
2378,,,,,,,,,,,,430.7594,,,,,,
2379,,,,,,360.8327,384.601,410.2775,,,,,,,,,,
2381,,,,,,936.8558,,1380.5648,,,581.1591,,,1480.5197,1503.5231,1641.0146,,776.7515
2380,,,,,,,,,,,,,,,,,,400.8681
2382,,,,,,,,,,,,424.1316,,518.7553,545.4584,,,
2383,,,,,,183.3285,,,,,172.4314,,,241.223,,,,
5355,,,,,,119.677,,177.2886,,,,100.5221,,139.1983,169.6399,211.304,,117.5347
2385,,,,,,370.111,430.7107,823.1037,,,,337.8632,,353.0701,294.1694,532.5491,,
5356,,560.76,1073.7292,,,,,,,243.5802,,,,,,,,
5357,,,,,,,,,,,331.2084,,,,246.3036,,,
2387,,,,,,,,,,,,,,,,,,417.4151
2390,228.8118,,,,139.4036,,,,,,,,,,,,,
5358,,,,,,,,,,,,,,5535.9012,,,,
2392,,,,,,,,,,,,,107.7171,,,,,
2393,277.8362,,,,150.7952,,,,,,,,,,,,,323.7117
5359,743.6796,,,,,,,,,,,,,,,,,758.5014
2394,1275.434,122.7405,,,645.0843,,,,,,,,,,,,,1527.1002
2396,,,,,150.8946,,,,,,,,,,,,,
2397,,,,,,,164.6466,,,,,227.1216,,274.5873,,510.1623,,
2399,,,,,,,,122.9239,,,,,,,,,,
2400,,,,,,241.4569,,,,,,,,,165.0731,,,
2401,5780.491,,,1566.8443,2795.0962,,,,,,,,,,,,,6645.2813
5360,,,,,,,,208.5554,188.4778,311.8636,,,,1070.633,,183.281,,
2406,217.9717,,226.649,,,,261.4632,627.14,989.3668,642.0453,407.7521,286.7056,285.8498,944.8951,355.4076,,,486.5627
2408,1098.9266,107.6741,,,519.576,,,,,,,,,,,,,1530.5254
2409,,,,,,103.7415,,,,106.8645,,133.3408,,,,,,
5362,,,,,,,,140.4017,,,,,,,106.8181,,,
5363,,,,,,163.934,,,,,,,,,,,,
2414,,,,,,,,,,,,,,214.7953,,,,
5364,,,,,,647.2396,636.4544,809.6196,120.3473,173.1327,574.2513,,,,763.2096,,,338.2756
2415,,,,,,,,203.7268,,,,,,,,,,
2416,,,,,,8323.6599,7298.9437,8898.325,3146.4264,2279.9191,4922.3493,3242.9562,,13064.3293,11750.4883,11959.2627,961.4818,1006.5995
2417,,,,,,1824.7773,2023.1888,2138.0026,679.2946,570.6094,890.6246,597.2359,,1649.3848,1560.9085,2288.4791,,794.0397
5365,,,,,,229.1485,,314.1547,,,,,,,,,,
2418,,,,,,,560.5544,431.5749,,,,,,,378.3325,489.8713,162.2296,
2421,,,,,,,,,,,,,,,171.183,,,
2422,,,,,,513.0403,,,630.735,,,,1153.933,,297.4186,256.3784,652.6499,480.9924
2423,290.1979,,432.1224,,,,581.2066,603.4615,464.1762,443.3681,579.709,,,,564.1881,513.8717,,
2425,,,,,,,1120.5173,716.6758,222.6062,,675.168,426.7096,,1021.4708,1704.8611,1530.2541,,507.2653
5367,,,,,,154.9719,,346.0137,,,,,,,,137.8228,,
5368,,,,,,,,515.3051,,,,,,,,131.1274,,
2430,,,,,,,,166.3803,,,,,,,,,,
5369,,,,,,,,,,,,,,19287.3484,,,,
2432,,,,,,,,,111.5931,,,74.843,,,,,,
2434,,,,,,,143.4549,131.5429,,,,110.0602,,,,,,
2436,,,,,,,,,,,,,,,271.203,417.9664,,
2439,145.8107,306.2239,,,228.2834,,,,,,,,,,,,,
2440,,2584.4602,4311.7206,,,,,,,,,,,,,,,
2441,,,,,,,,,,,161.4739,,,,,,,
2442,,,,,,,406.187,573.6859,,,,,,,,,,
2444,,,,,,327.3411,,,,373.1599,,529.1133,158.6872,,,,,
2445,,148.4052,,,118.3597,,,,,,,,,,,,,
2446,,,,,,,311.42,161.7396,,,456.1467,,,,324.1702,311.2966,,
2448,213627.64,21988.664,2454.1104,49061.3075,114342.85,,,,,,,,,,,,,164335.101
2449,,,,,,,,,,,,314.1665,,682.6812,356.094,534.7853,,
2450,,,,,,207.0437,194.0966,227.0948,,,274.113,,,306.8641,300.0301,,,
2452,1402.8787,,,,,,,,,,,,,,,,,4659.1368
2453,,,,,,,283.3496,630.0761,224.8594,206.4936,302.8268,,,,265.2369,,,
5372,,,,,,,,1130.6015,,,,,,,,,,139.7249
2458,,,,,,,,58.028,,,68.5007,,,,,,,
2464,,,,,,,380.5376,545.6516,,,,,,,,,,
5375,,,,,,,,,,,,,,,,,,1781.2672
2468,,,,,,194.2434,,,,,,,,,,,,
2469,,,,,,,,447.7498,,280.5697,413.2314,316.6782,,277.4738,250.1011,346.1895,,157.3006
2470,14240.654,1393.4194,,3239.6501,7677.719,,,,,,,,,,,,,11057.8075
2471,,,,,,800.1815,736.0088,794.3656,245.4585,288.0692,,423.9035,,1018.315,594.2421,929.6433,,
2472,,,,,,336.2073,416.5197,,171.2589,187.6497,,234.6178,,492.4208,552.1583,637.2908,,
2473,,,,,,606.9007,660.9115,880.6245,,,753.8401,665.8009,,774.736,879.8462,732.6412,,392.0598
2474,,,,,,,807.4964,591.5634,,,,389.9694,,679.093,584.0618,902.6888,,254.267
2475,,,,,,862.3766,786.8703,1083.7632,,342.6312,594.0231,390.2376,,896.0063,1008.2917,1082.2279,,478.1196
2476,,,,,,334.5415,440.6086,416.2679,,266.1656,536.9825,311.4829,132.2957,393.7206,,581.2519,154.8498,297.1375
2477,,,,,,347.7132,400.0553,,,,278.8705,,,653.476,553.4563,781.2075,,223.0708
5377,,,,,,,,7368.5241,,,,,,,,,,
2481,,,,,,,,,145.3825,,,,,,,,,
2485,,,,,,,,,,,290.3778,148.4422,,,127.0041,,,
2486,,,,,,,,,181.2911,,163.9682,,,,,,,
2488,,,,,,,123.3871,194.7492,,,,,,139.1701,,208.1072,,
2489,,,,,,,1278.968,,,,,,,,1702.9234,,,
2492,,,,,,618.7484,583.087,639.225,324.0724,,540.653,,,758.0301,509.419,621.5332,218.5546,342.7594
2493,,,,,116.4101,,539.086,,,,,,,,,,,
5379,,,,,,171.5872,,,,,140.5817,,,,,,,
2494,,,,,,,,,,,603.2926,,,,,,,
5380,,,,,,440.7304,,,,,894.4668,,,,503.918,662.6742,,
2495,,,,,,,222.5813,,,,,,,,,,,
2497,,,,315.1066,,,,,,,,,,,,,,
5381,,,,,,1418.5304,1169.474,1871.549,,,1077.8868,,,1465.0977,1412.6563,1741.5144,,860.2579
2498,,,,,,617.6834,566.6538,578.3376,,321.0819,685.9124,375.5376,,,,998.2112,,
2499,,,,,,673.4523,692.9617,1016.4077,269.4158,452.2211,746.1772,532.5396,,1337.1655,1184.5832,1551.5028,,505.2387
2500,,,,,,470.2357,,,176.1273,405.6254,,543.1207,,779.4412,872.6457,1243.6212,,406.3802
2501,,,,,,1525.7147,925.9779,1904.5631,333.4345,443.6038,933.4425,675.5234,,1493.1876,1855.1156,1945.6896,,
2503,,,,,,377.4141,319.2062,313.1248,,116.0704,336.2651,161.9989,,370.4462,278.6786,389.7649,,130.9976
2504,245.635,,,,,,,,,,,,,,,,,
2505,70123.414,6350.8325,758.8143,17136.3682,33554.887,,,,,,,,,,,,,89622.3
2507,,,,,,178.1131,160.3971,238.1046,,,,,,258.9323,233.9835,262.8619,,
2508,145.0897,,,,,,,,,,,,,,,,,
5382,,,,,,3801.7034,3555.8716,4486.348,1822.2613,3167.0759,5899.3328,5184.1594,,4381.653,4047.745,4774.0927,479.1734,1860.6963
2513,386.8855,,,,238.8014,,,,,,,,,,,,,515.8227
5383,,,,,,,,,,,,,,263.167,,316.5475,,
5384,,,,,,,,,,,,,,,,,,403.5373
2514,,,,,,,,607.7083,,,,,,,,686.941,,
5385,,,,,,,,,,,,,,,120.591,,,
2515,,,,,,,,,,127.3612,207.0569,,,,,,,
2516,659.1631,,,,,,,,,,,,,,,,,
2517,141976.97,20289.744,2595.9224,49314.326,81999.49,,,,,,,,,,,345.0499,,175644.5225
2518,3521.6868,405.0683,,857.0724,2056.6968,,,,,,,,,,,,,6744.9411
2519,,,,,,651.7717,775.9691,1235.3811,,,,578.2824,,523.8203,682.1185,,,
2520,394.3737,,,,234.2861,,,,,,,,,,,,,
2521,,,,,,,,1563.138,,,,,,256.6077,413.196,544.3719,,327.6759
2522,,,,,,1094.3259,,,5798.2565,,631.0922,,,297.4509,410.2042,475.7462,,556.4842
2523,,,,,,215.793,,,,,,,,,,,,
2524,,,,,238.8174,1354.8158,2306.4716,1674.64,,,1475.6314,,,,1130.7578,998.2012,,1428.1354
2525,,,,,,342.2958,401.0264,233.2976,,,,,,102.0665,,,,132.8036
2527,,,,,,113.3409,,261.1622,,,,,,,,,,
2528,,,,,,,,,326.4093,,,,,,,,268.7507,
2529,,,,,,,,,,,,137.891,,,,121.0064,156.9319,
2530,181.3615,,,,114.3383,,,,,,,,,,,,,
2531,,,,,,,,185.1033,,,,,,,,,,
2532,3259.4546,,,715.3252,1565.0505,,,,,,,,,,,,,4089.4819
2533,96.9301,,,,66.6038,,,,,,,,,,,,,149.6228
2535,,,,,,,258.3501,,,,,,,,,225.4747,,
2537,,,,,,70.3052,,79.0117,,,84.9913,49.8461,,80.5758,86.3435,,,
2539,,,,,,,,187.3228,,,,,,,,,,
2540,,,,,,,82.6874,,,103.1686,,,,,,,,
5387,,,,,,697.8468,630.4719,737.5078,,560.6565,1026.4322,870.6493,,811.9481,702.4474,861.7496,,
5388,,,,,,183.8764,202.853,,,,228.5933,146.2813,,336.793,,373.6905,,138.1358
2542,,,,,,,509.752,,,239.5811,,307.9139,,,250.514,379.4535,,
2543,,,,,,290.5597,,,,511.0513,662.7958,705.6574,,476.9222,,431.2139,,
2544,,,,,,,339.6987,,,,,,,,,,,
2546,900.1769,,,218.7213,587.9978,,,,,,,,,,,,,2582.9648
2547,,,,,,705.188,705.5687,933.5906,,,440.695,267.7458,,339.6223,238.9759,451.0928,,
5389,,,,,,398.8269,366.6166,585.4975,,,360.2253,,,250.3261,259.0693,446.7016,,179.6867
2548,,,,,,,351.9455,,,,,273.0482,,,,,,
5390,,,,,,,,,,,221.8576,,,132.6638,,,,
2550,,,,,173.7784,,,,,,,,,,,,,411.0999
2551,,,,,,,144.2841,586.9471,,,,,,,,320.7881,,
2552,,,,,,,,,,,159.1337,108.5518,,199.8568,,,,
2553,,,,,,197.3126,397.2671,180.4222,,,199.515,,,227.9189,238.2767,322.7707,,
2556,2201.0544,149.5083,,497.5074,1044.4854,,,,,,,,,,,,,2644.9258
2557,22202.63,1849.4492,,5352.4538,12153.778,,,,,,,,,,,,,26127.566
2559,,,,,,,,,,,,,,,352.7773,,,
2561,194.3703,,,,141.7898,,,,,,,,,,,,,473.5267
2565,188116.5,23943.703,3060.1472,64931.6243,103091.42,,,,,,,,,,,,,212142.015
2566,6446.446,,,1726.3136,3177.875,,,,,,,,,,,,,6579.5226
2567,,,,,,128.4786,198.9868,561.5738,573.9313,197.3946,259.2792,194.8125,788.4204,149.94,282.7287,369.2887,499.0601,219.9345
2568,,,,,,,,308.8736,,,,,,,,,,
2569,,,,,,370.4622,401.9241,618.8624,160.6298,,,,,825.2281,699.5706,807.4839,,
2570,,,,,,,,,,,,,,209.1943,,,,
5392,,,,,,,,,247.901,,,,143.9225,,,,,
2572,,,,,,,,,,,,,,,,,,187.2518
2573,,,,,,,,247.7848,,,,,,,,,,
2575,,,,,,,,162.1377,,,,,,,115.3838,,,244.4341
5393,,,,,,,172.7012,265.6132,,,,,,174.5091,134.5002,264.6538,,
2578,,,,,,,,,,,358.4684,423.7109,,,,359.9711,,
5394,,,,,,105.6195,,,,,,,,,,,,
2579,,,,,,,,,188.039,,,,,,,,,
2580,,,,,,,,,175.3355,,,,,,,,,
5395,,,178.757,205.666,,,182.8267,,,,,,201.0225,,,,,353.8727
2581,,,,,,801.8631,984.7152,758.6282,179.8028,527.7823,1250.405,615.5156,,1019.8828,1148.0115,619.3097,,534.4594
2582,,,,,214.2143,,,,,,,,,,,,,
2583,1262.8092,,,,,,,,,,,,,,,,,
2584,,,,,,309.9567,,368.7326,,,,,,,,,,
2586,106.8303,,,,,,,212.3546,,141.719,,,,,,,,
5396,,,,,,321.409,246.9135,276.9903,,,311.0799,168.5636,,251.4136,,366.8716,,
2588,43585.8,5438.666,687.3798,15239.368,23903.502,,,,,,,,,,,,,48860.334
5397,,108.3976,,,,372.8748,383.3649,430.9041,,207.2461,484.1337,296.3715,,440.0668,442.6184,460.7945,,
2589,,,,,,,346.9688,,,,,,,,,450.7615,,
2590,1455.7871,99.5016,,396.8033,631.8358,239.3784,289.7459,,,,,,,,,,,1491.0726
5398,,4748.3232,7221.7431,,,,,,,,,,,,,,,
2591,,,,,,,,,,,92.3827,,,,,,,
2592,331.3335,,,,,341.0747,,,,313.4729,,316.0203,,,,,,
2593,,,162.3332,,,,,,,,,,,,,,175.1064,
2596,382,,,,,,,,,,,,,,,,,446.5717
5400,,,,,,,,,,,284.8508,,,,,,,
2598,7656.1167,538.6813,,1834.8434,4170.5625,,,,,,,,,,,,,9077.9242
2599,19715.828,1877.726,,5192.7604,9419.765,,,,,,,,,,,,,23544.22
2600,,,,,,25.1379,,,,,,,,108.5807,,142.7216,44.7288,
2601,,,,,,1952.3388,1491.3332,1798.5622,,869.344,1303.8388,1176.3782,,2506.3196,1841.3877,2145.1927,,
2602,,,,,,,152.6766,110.7002,,87.4621,223.0969,85.7402,,156.9101,194.4187,84.2407,,
2603,,,,,,,1212.2761,1069.4677,,223.3018,,,,446.1175,,618.9871,,
2606,,,,,,,415.9261,,,,,,,,,,,
5401,,,,,,,,,473.7095,,,,315.9044,,,,355.5533,
2607,,,,,,,,,,,170.6896,,,,,,,
5403,,,,,,,,,,,,,,,,,,311.7049
2608,,,,,,,350.7518,345.0445,,319.3123,,,,,,,,
5404,,,,,,,,,,,,,321.8529,,,,346.4502,
2610,,,,,,393.6309,394.1672,405.5053,,119.1486,,,,,,,,191.6116
5406,,,,,,,3032.8275,2582.0426,211.0805,386.3307,1651.7279,,,2648.3831,3545.0108,3112.9456,,1044.4401
2613,,,,,,,,,,,,,,,,,,376.7221
2616,446.576,,,,227.6515,,,,,,,,,,,,,442.6589
2617,503.3097,,,187.1269,328.5787,,,,,,,,,,,,,
2618,,,,,,172.0096,,,,,,,,,,,,
2619,,,,,,,210.2462,,,,,,,258.6147,484.9223,370.1574,,
5407,83.9616,387.8832,511.5718,,128.7104,,,,,48.7893,,,,78.1623,,,,
5408,,235.1444,,,,,,,,,,,,276.8548,,,,
2623,,,,,81.6685,,,,,,,,97.0972,,,,,
2625,,,,,,,,,,192.9972,,,,,,,,178.5204
5410,6672.4287,739.2517,108.8574,1911.8948,3487.6672,128.4359,179.8295,,,,87.2238,,,,,,,7148.7397
2626,2044.9354,,,,936.5961,,,,,,,,,,,,,2479.3486
2627,1823.4794,,,,,,,,,,,,,,,,,1670.6367
2629,6737.3594,,,2476.5296,3678.89,,,,,,,,,,,,,9377.1728
2630,,,,,,,,,,,,,,,,,,170.7721
2631,,,,,,,,,,,,,,1405.7794,,,,
2632,,,163.4308,,,,,,,,,,,,,,,
2634,,60.0535,63.2227,109.6133,81.641,,,,,,,,,,,,,
2635,,,,,278.5425,,292.9242,,318.6208,272.4772,,275.0797,275.1872,,298.929,,244.6718,
5412,,,,,,,,,237.7872,,,,160.6611,,,,175.7703,
2636,,,,,,,,,,,,,,,,,,938.4727
2638,,,172.2547,,113.672,1091.9202,1683.8484,955.1877,,842.8019,1105.9365,,,,,,,
5415,,,,,,,,,,,280.6324,4351.4436,,,,,,398.915
5416,,,,,,,,,,,,,,,155.0818,,,
2645,,,127.6052,,,,,,,,,245.197,,219.3411,,3030.5837,,
2644,,,,,,,,738.725,,,185.7384,,,178.3075,193.9818,,,
2643,80.0762,,,,,432.4099,587.4223,477.0005,,,657.4918,,,517.1998,725.3933,707.5951,,
2646,,,,,,247.0317,,,,145.799,,195.7926,,,,,,
2647,,,,,,,,,,,519.7994,,,604.7959,,,,
2648,,,,,,719.4675,915.4736,669.1736,,,,,,272.5805,,,,263.1986
5421,,,,,,159.2642,,644.0066,,,,,,,,307.9826,,
2649,424.3748,526.081,,,460.5544,,528.109,,546.436,527.0549,,474.3805,544.0898,,,,,300.4489
2650,6097.3887,,,,3212.3372,,,,,,,,,,106.8978,,,16849.4255
2651,,,,,,321.7738,325.4533,903.1505,,150.4793,330.0874,198.6211,,481.7294,,,,309.7379
2652,,,,,,256.8707,,333.9697,,,,252.4837,,424.427,353.1418,506.9977,,
2653,59099.695,6002.408,,16600.126,31864.697,194.6931,,355.3688,,,272.5911,255.6381,,214.3501,209.8318,,,82946.5965
2654,,,,,32.0575,217.5199,,208.6161,,,86.468,,29.9159,159.8456,114.5226,141.6364,,
2655,,,,,,,,,171.6313,,,,,,,,127.8612,
5422,,166.9333,211.6902,,125.0466,,,,,,,,,,,,,
5423,146.7865,,175.3724,132.6062,151.0376,112.0016,,119.5065,126.7559,135.9008,,,,,123.0299,,100.7248,
5424,2786.4146,308.62,,820.6558,1511.6725,,,,,,,,,,,,,3006.9904
2656,914.814,120.1227,,300.856,479.5481,,,,,,,,,,,,,1146.3484
5425,,,,,,,,,,,114.631,,,,,,,
2658,611.1067,,,168.8885,,,,,,,,,,,,,,572.5497
2660,65902.24,7317.8027,,24514.4822,37032.883,,,,,,,,,,,,,91208.6565
2661,,,,,,,,,,,94.9997,,,,244.9076,339.2044,,71.41
2666,,117.1753,,,,,,,,,,,,,,,,
2667,,,,,,558.989,,,,,570.9732,,,,,,,
2671,,,,,175.4306,,,,,,,,,,,,,
2673,5014.709,,,2374.2926,2841.4463,,,,,,,,,,,,,
5429,,,,,,,,,,,,,,,147.5917,,,
5430,,,,,,,,,,,,326.2715,,,,,,
2675,1421.6244,,,,1580.7749,,,1404.936,,,,,,,,,,
2677,13760.862,1334.868,185.1512,4925.6247,7399.5967,,,,,,,,,,,,,18974.7185
5431,2044.8644,,,,,,,,,,,,,,,,,
2679,,,,,,,514.5071,,,266.798,,,,491.5992,,,,
2680,,,,,,373.0738,274.5769,523.775,,203.4963,,,,,613.4215,886.1436,,
2682,,,,,,,,,,,,,474.8191,576.1885,,,,
2683,100.8726,,,,,191.9572,178.1475,256.5379,155.9664,,208.1854,242.5226,151.1744,387.2492,279.8856,331.512,124.8727,241.8655
5432,,,,,116.848,170.0791,,,,,141.4657,107.1713,,365.191,198.6321,,,736.6875
2684,,,,,,544.2124,403.9486,500.6302,,222.4071,480.1288,328.116,,503.4408,777.0852,787.7372,,183.5205
2685,,,,,,410.951,350.7786,371.2346,,141.2651,298.8498,212.4083,,532.2006,478.5637,699.2522,,
5433,541.0506,784.6263,884.9371,,601.0967,,,,,,,,,,,,,
2687,,,,242.7149,,132.0309,,157.4133,133.3527,,,142.5189,,144.1199,,,185.5299,218.2019
5434,,,,,206.6484,,,,,,,,,,,,,
5435,,147.4907,,,,,,131.3363,124.2949,114.6147,97.4355,,,112.2179,118.3754,,,
2688,,,,,,,,,,,,,117.9867,,,,123.4818,
2690,,,,,,,305.9748,,,,141.5543,131.6289,,,,,,
2691,,,,,,,123.2902,,47.7133,,,,,266.7275,267.2188,233.2878,,
2692,973.9451,113.9673,,480.0325,570.4674,,,,,,,,,,,,,1930.9949
2694,,,,,,,,,,106.0643,,,,,,,,
2696,1740.1056,161.6882,,606.4861,883.2753,,,,,,,,,,,,,2372.0799
2697,,,,,,,,,,,,,,,201.6103,,,
5437,,,,,,,,,,,,,,237.6197,,,,
2700,,,,,,,,,87.59,,,,,,,,,
2702,,,,,,,,,,,,,,392.875,,,,
2706,301.0917,42.4631,,,,,,,,,,,,,,,,
5439,,,,,,370.7781,,,,161.4684,295.9484,,,,,,,
2707,,,205.6197,,,380.3008,330.076,239.999,285.1353,346.4011,283.6128,,381.3036,315.221,278.6425,277.2856,372.4374,326.5807
2710,,,,,,772.5313,887.9024,715.3405,254.4869,470.66,438.1516,545.0806,,634.7848,726.5978,655.9685,,372.7781
5440,,,,,,1112.9489,823.0464,1057.7869,201.5939,319.2529,886.2016,512.5124,,683.2007,725.5487,684.2847,,503.9412
5441,,,,,,,191.2302,207.6783,,,,,,,,204.7492,,
2711,,,,,,1717.0845,1941.3184,1728.6617,457.1212,1103.0737,1417.7613,1313.6519,,1532.8738,1513.8446,1543.6031,,1022.1901
2712,2377.729,,,1497.2656,2325.9202,,,,,,,,,,,,,6334.1301
2713,,,,155.6756,296.0222,,,,,,,,,,,,,745.1924
2714,,,,,,,,,,,,,,,,,,2236.268
5444,,,,,,,,,,,,,,217.4995,,193.7743,,
2717,,,,,,210.8772,181.7695,228.5361,,,220.5728,127.3262,,348.1372,251.9028,336.2881,,
5445,,,,,,,,,,,,,,6487.7147,,,,
2718,,,,,,107.4464,,308.3458,,,195.7061,122.6475,,212.0554,158.9686,,,
2719,247.5791,,,,158.1738,,,,,,,,,,,,,
2720,,,,,,,,,,,120.7929,,,,,,,
2721,,,,,,140.2714,168.4578,,,,93.9609,68.7737,,121.9163,97.6329,132.0266,,
2722,296089,30048.494,3624.6973,95349.494,156431.03,,,,,,,,,,,,,333396.5125
2723,,,,,,,180.2514,124.5311,,72.0791,,,,,,,,
2724,342.7892,50.9064,,,186.9775,,,,,,,,,,,,,728.4067
2725,,,,,,,,,,,,,,211.3295,,,,
2726,,,,,,,,,,,,,,,538.8974,711.6474,,
2728,214.282,,,,,179.0099,191.2632,,,,,,,,,,,
2731,197998.1677,7634.1333,6997.482,2038.2935,29795.0727,,,,,,,,,,,,,449326.0652
2732,,,,,,,,,,,,,,,,,,8221.2113
2733,,,,,,,,,,,,,,,,233.3332,,
2734,,,,,,,,,,,,256.4049,,202.7202,,,,
2735,,,,,,,129.5068,,,,,,,,,,,
2738,,,,,,,,342.9039,,261.8068,406.4758,305.1704,,,,,,
2739,,,,,,471.8275,418.4569,589.3471,267.7237,317.5619,419.8914,408.6896,,392.5014,,527.1233,171.6126,276.6092
5447,,,,,,,,179.5685,,,,,,,,,,
2741,865.3042,,,,,,,,,,,,,,,,,1197.9548
2742,,,,,,721.4669,879.884,1095.0611,827.4596,,587.6371,,1424.2411,391.1562,421.4767,364.2294,846.7039,597.8236
5448,,,,,,278.6467,304.6147,402.3862,,,339.3492,,,295.9787,298.7717,334.9519,,150.9178
5449,,,,,,1055.8278,668.1734,1281.1149,161.471,,343.4203,213.8707,,818.4524,743.8907,890.5232,,371.6835
2744,,,,,,789.1239,,,,,683.2587,515.1445,,676.738,813.9109,,,293.3707
2745,,,,,,263.3137,304.5075,804.3346,331.7265,265.3609,,178.5206,,301.3969,193.3726,,,908.7529
2746,,,,,,217.5846,,218.0193,,,376.5038,,,268.0647,309.6529,556.6722,,
2747,,,,,,517.7562,661.3519,761.8184,,268.6561,286.0627,,,920.0001,1080.5166,1097.7074,,437.0872
2748,,,,,,,150.8632,,,,132.0217,120.1279,,190.3366,183.2701,253.0936,,
5450,,,,,,,,,,,296.5999,,,,379.8268,292.8911,,
5451,,,,,,,,,,,,,,3259.891,,,,
5452,,,,,,,,,,,,,,168.2796,,,,
2750,,,,,,,,,,,,,,105.5336,,173.3531,,
2751,,,65.8928,,,,,150.9119,,,126.6139,,,,131.5636,200.3717,,
2752,159.723,226.3937,,,,249.3887,,,,,,,,,,,,
2753,48512.68,1849.5779,1709.1212,512.1731,6975.9253,,,40.5015,,36.2427,,,,,,44.2324,,103661.9475
2755,36684.77,2392.9192,,7458.4674,18243.455,,,,,,,,,,,,,36372.8277
2756,182.6963,,,,91.3163,,,,,,,,,,,,,
2759,3605.2986,,,,2197.5925,,,,,,,,,,,,,7579.2709
2760,,,,,,,100.9477,,,,,,,,,,,
2758,,,,,,,117.5034,134.7962,,103.9965,149.2433,,,127.0499,110.1121,185.9809,,
5453,,,,,,,366.0904,,,,,,,,,211.2956,,
5454,,,,,,179.3455,157.3749,197.2198,,,,,,101.1752,,123.3416,,
2761,,,,,,167.9681,205.1556,,,,97.8232,,,108.5811,102.9912,131.5788,,
2762,,,,,,,204.6805,,,,,,,,,,,
2763,5582.324,192.5886,140.9898,,820.5279,,,,,,,,,,,,,11996.1394
5455,,,,,,2814.4306,2388.3558,3086.6533,2793.2612,2417.4872,4066.6596,3499.7888,423.8431,3053.1364,2792.1295,3371.2803,389.8499,1520.2537
2764,,,,,,127.4188,159.7839,,,122.2014,,181.5125,,,,116.408,,
2766,,,,,,,,1600.3657,,509.0361,,,,1428.3262,,,,
2767,,,,,,,,145.6091,,,,,,218.3339,,199.4984,,
2768,,,,,,,,,,,209.8808,,,,,253.5791,,
2769,,,,,,,,370.9694,,246.7896,,423.5883,,443.6991,,501.45,,
2770,,,,,,,,,,284.4598,,410.0005,,,,,,
2771,,,,,,,218.0703,,,,,,,,,,,
2772,2997.8132,,,,,,,,,,,,,,,,,3646.2722
2774,,,,,,,,,474.3198,,533.1792,388.7111,,661.5089,534.4257,1825.4029,,
2775,,,,,,,,1119.7524,,,326.5774,,,,390.4163,,,
2776,,,,,,,,,,,,483.8939,,,,1149.1917,,
2777,,,,,,,,737.9046,,354.9903,1009.2686,477.2406,,,673.0584,1017.7025,,
2779,,,,,,,,,,,,,,,,150.5009,,
2780,,,,,,,,,,,57.525,,,,,,,
2781,,,,,,,,,136.1953,,,,114.1452,,,,,
5459,,,325.8153,,168.1104,,,,,,,,,,,,,
2782,24097.123,1616.9365,,4759.15,11839.555,,,,,,,,,,,,,23869.9158
2783,,,,,,128.0811,,222.575,,58.8343,,,,,,,,
2784,,,,,,,,,,,,,,,,225.0818,,
2788,362898.25,32156.467,3152.2444,93184.9025,189526.86,,,122.9901,,,,,,,,,,372687.4
5462,,,,,,,,,,,,,64.1548,,,,,
2791,83101.12,12279.147,1520.3339,29397.2705,51758.152,,,,,,,,,,,,,117583.0865
2792,15674.872,,,,,,,,,,,,,,,,,
2793,,,,,8143.0331,,,,,,,,,,,,,
5464,31367.033,2875.0476,,8695.1898,15662.428,,,,,,,,,,,,,46442.17
2794,76028.7,10264.838,1333.2504,19604.5878,45953.406,,,,,,,,,,,,,79877.0362
2795,,,,,,,242.4797,,,,,,,244.1751,,268.1627,,
2797,,,,,,,,,,,,,,,244.6742,312.2611,,876.4547
5465,,,,,,,554.5525,271.1065,,,,,,270.91,,314.9852,,
5466,,,,,,150.2693,,266.6157,,,,,,,173.7506,245.0927,,
2799,,,,,,,371.1438,,,244.6491,573.1873,,,,,,,
2801,,,,,,,611.6668,,,,,,,,,,,
2802,,,,,,332.1444,,,,,,,,,,,,
5467,,,,,,,166.6182,,,,,,,,,,,
2803,,,,,,,,,,216.4128,,,,,,,,147.1065
2805,793.6724,,,269.9225,498.8246,,,,,,,,,,,,,
2807,,,,,,,,246.17,,,,,,,,,,
2808,,,,,,,,5863.9167,,,282.865,,,417.7786,,605.9096,,
2810,82783.016,7669.43,691.9424,23832.381,44129.35,,,,,,,,,,,,,84656.0615
5468,,,,,,,,436.3295,,,,,,,127.8151,,,
2812,,,,,,,,131.1461,,,,93.1626,,,,210.7629,,
5469,,,392.0357,,,,,,,,,,,,,,,
2813,,,,,,304.7272,1025.0669,455.7673,161.598,264.7269,929.8185,347.0003,,273.5305,778.0181,730.211,257.5584,358.0965
5470,,,,,,,,,,,,,,169.0504,,279.1779,,
2814,2275.4878,,,,,,,,,,,,,,,,,2066.0287
2815,6017.1313,,,,,,,,,,,,,,,,,5236.0708
2816,2542.8267,,155.2881,846.1859,,,,,,,,,,,,,,2499.5013
2817,17134.645,2340.5303,328.995,4830.1577,10559.421,,,,,,,,,,,,,
2818,,,971.0885,,,,,,,,,,,,,,,
2820,,,,,,,,140.4815,,,,,,,,127.0967,,
2821,,,,,,,,,,,,,,218.5637,,239.7099,,
2822,,,,,,329.6044,243.004,351.8303,,224.2612,,443.5761,,699.8732,,880.2384,,
2825,,,,,,,254.664,104.5365,,,198.3538,97.3156,,83.8286,,77.5717,,
2826,,,,,,,,,,92.1567,,,,,,88.5467,,464.8837
5471,,,,,,,,,,,189.6104,154.8848,,,,,,
2828,28030.373,4002.8467,508.3694,9948.7542,17830.408,,,,,,,,,,,,,40115.0283
2830,214.1142,,,,,,,,,,,,,,,,,
2832,,,,,,,,,,,164.6258,,,,147.9082,137.9693,,
2831,,,,,,730.2726,1214.5458,731.9103,,,1129.4005,,,742.986,800.7863,876.7135,,752.4157
2833,372.7985,,,,,,,,,,,,,,,,,
2834,,,,,,367.4812,,,,,,,,,,,,
5474,,,,,,,,219.856,,,146.8369,,,,,,,
5473,,,,,,,2461.2602,,226.8997,610.1181,2198.4942,905.6988,,1620.99,484.9848,2435.6929,,1197.2793
5476,,,,,,,,,,,138.3344,,,,,158.878,,
2835,,,,,,,,,310.2386,,,,,,,,,
5477,,,,,,207.1314,,185.2668,192.6116,,,,,,,,161.2107,
2836,2505.3545,,,974.6689,1468.2974,,,,,,,,,,,,,2235.7952
2837,,,,,,171.0306,158.9375,,,,,,,,,390.6577,,
2838,,,,,,,,,,,,,,311.7965,,296.4165,,
5478,40852.543,,,,7072.641,,,,,,,,,,,,,52167.658
2839,767.0102,,,140.9726,750.6321,,,,,,,,,,,,,8757.4331
2840,,,,,,,,,,,,,,,256.2145,377.8512,,
2843,,,186.9204,,,,,,,,,,,,,,,
2845,760.0002,,,,,,,,,,,,,,,,,
2846,5474.237,766.406,109.4619,1823.4354,3307.1436,,,,,,,,,,,,,7514.6338
2848,2214.2446,308.0769,,778.1417,1133.2628,,,,,,,,,,,,,2381.0319
2849,,,,,,,,,,,,,,,,192.2229,,
2850,,,,,,,122.2835,,,,,,,186.5079,140.6666,,,
5482,,,,,,201.7379,201.1143,226.6864,,,342.2617,108.0903,,222.5434,300.7957,357.2346,,
2851,564.5747,80.7739,,196.228,335.8936,,,,,,,,,,,,,391.0105
2852,,,,,,,,,,,,,,210.597,,,,
2854,,,,,,,,,,,306.4246,,,,,,,378.6516
2855,,,,,,,,859.6039,,,1176.4325,1005.3079,,836.7268,,1018.8012,,504.304
5483,,,,,,,,,,,,,,,,,368.4178,
2858,417.4868,,127.8884,282.528,336.0516,,,,,,,,,,,,,559.0358
5484,,,,,,302.5742,268.383,274.8157,,,,,,,,,,
5485,,369.2332,,,,710.0098,710.6318,690.8302,,537.8646,,646.4809,,672.315,699.3995,680.5392,368.7665,
2862,1073.0889,,,247.379,,,,,,,,,,,,,,
2864,2013.3147,198.8298,,,1013.3917,,,,,,,,,,,,,2179.3127
2867,,,,,,745.3287,,748.0427,,,,,,,,,,
2868,,,,,,,1437.479,580.3829,,,1496.3141,424.6202,,,1428.1639,1404.0633,,
5487,,,,,,185.6755,,,,,,,,,,235.185,,
2869,,,,,,,,,,,,,,201.4309,196.2212,,,
2870,1098.1989,,,,,,,,,,,,,,,,,1814.5436
2871,,,,,,,765.5653,,,,,,,,,,,
2872,,,,,,1059.8655,,988.3761,982.4027,,,,,,812.9535,1215.3338,708.8565,
2874,,,,,,212.5447,234.7691,252.239,,219.0295,333.9504,285.3733,,260.1004,,,,
2875,,,,,,,,,,,,,,,,,,115.1165
5488,,,,,,229.9038,,468.5931,,,,164.841,,,,,,
5489,,,,,,11185.7843,10693.8213,11321.1329,5965.9549,7759.9946,10476.7053,10241.3719,,11022.3733,10751.6376,11350.0919,,7862.0926
2877,,,,,,,78.7147,,,,37.997,,,,,,,
2878,213.5528,,,,152.274,,,,,,,,,,,,,655.7288
2880,,,,,,602.1808,,,,,,,,,,,,
2882,293.3205,,,84.4679,,,,,,,,,,,,,,354.1148
2883,,,,,,,141.4573,167.7795,165.5104,,,,,,110.9315,,132.5565,
2884,,171.4603,,,183.6944,124.7862,,,,110.3994,123.8186,,117.638,,,,,
2885,,,,,,258.6469,,,,260.194,424.3746,380.2046,,363.882,325.1162,384.9272,,
2886,,,,,282.6758,,,,,,,,,,,,,361.3049
5492,,,,,,507.7074,470.8015,550.277,,,312.3536,,,,,,,
5493,3658.9504,383.3315,,647.1163,1836.3589,,,,,,,,,,,,,3494.8266
2888,47849.51,5916.73,596.0774,16483.2764,28991.062,,,,,,,,,,,,,54640.3478
2889,100.1403,,,,111.6386,,,,,122.6162,,,124.8596,,,,144.2802,
2890,,,,,,375.6214,415.2009,471.4955,143.0568,259.4867,348.713,277.3793,,453.0873,356.5082,436.4445,,216.1141
2892,106.6508,,,,,,,,,,450.915,,,,322.6814,,,298.359
2893,98927.4166,,,,58072.7966,,,,,,,,,,,,,95257.8578
2894,,,,,,,648.2711,690.8628,,,,,,1150.7503,759.3167,,,
2895,,,,,,855.2342,908.5043,1090.6762,404.0158,,,,,1405.0631,1245.4041,1404.247,,
2896,,,,,,526.2211,575.1488,630.7948,147.7458,354.7122,584.4692,540.4849,,831.5736,882.8843,,,413.9623
2897,,,,,,,,230.6735,,,,,,,162.1064,187.4453,,
2898,,,169.1421,,,,,,,,,,,155.1761,,,,
5496,5651.2866,,,,1066.3341,,,,,,,,,,,,,10485.5578
5497,9788.537,,,,2984.3552,,,,,,,,,,,,,27662.398
2899,1941.0797,,,,,,,,,,,,,,,,,15162.297
2900,1302.84,,,,,,,,,,,,,,,,,8470.4938
2901,49351.027,4804.366,,10314.0428,28620.848,,,,,,,,,,,,,96886.7225
2902,213.8325,,,,,,,,,,,,,,,,,
2907,69576.87,8489.958,911.1459,24404.0938,39002.496,,,,,,,,,,,,,88083.446
2910,,,,,,,47.3946,,,,52.5676,,,,,76.9792,,
2911,,,,,,54.1157,51.7621,51.2263,,,,,,77.3873,74.4268,116.6695,,
2912,,,,,,,,,,,,,,,,,,67.6606
2913,,,,,90.998,,,,,,,,,,,,,
2914,,,,,,,,,,,,,,,,,,156.5867
2915,178.9442,,,,171.0326,,238.5952,246.0934,273.0238,265.7567,,,269.218,237.0944,,228.6705,,
5498,211.1991,,,,,,,,,,,,,,,,,
2917,2995.751,320.9832,,1024.8942,1770.8458,,,,,,,,,,,,,3386.0271
2918,14121.036,1529.7772,186.0799,4852.1066,7759.9155,,,,,,,,,,,,,18124.7892
2920,,,,,,,,614.8689,,,,,,454.6741,342.1367,750.8259,,
2922,1932.6661,,,,1216.4823,,,,,,,,,,,,,2157.4516
2924,6113.464,,,,3281.6494,350.9871,425.477,523.9895,,,466.8203,412.4765,,435.6372,520.5358,501.0406,,17022.6105
5500,,,,,,,,,,,,,,142.2824,,204.7798,,
5501,,,,,,,,,,,,,,124.0064,95.8509,240.6984,,
2925,,,,,,651.5005,790.0103,911.8637,,436.3039,828.0026,625.3489,,876.6321,1052.665,1172.4591,,442.2357
2926,,,,,,,585.4929,1013.4642,,189.7109,486.5823,470.8919,,640.1297,,792.0046,,
2927,,,,,,749.7449,,968.3988,130.3209,398.5072,518.3127,555.6275,,841.4439,1093.5305,1343.8976,,
2928,,,,,,315.0344,,,,,237.1701,,,390.8799,328.0159,357.6959,,
2929,,,,,,,,,,,,,,,,,,422.723
2930,,,,163.4798,,,,,,,,,,,,,,
2932,,,,,,,,,,,,303.16,,,,532.4252,,
2933,,135.7268,,,,,,,,,,,,,,,,
2934,2057.072,203.2658,,613.3044,993.2049,,,,,,,,,,,,,2307.873
2937,,,,,,90.6543,,,,,,,,80.8063,,162.6594,,
2938,,,,,,,,,,,,,,91.7849,,138.0007,,
2939,,,,,,,,,,,45.5271,,,,55.0554,,,
2940,,,,,,,,,,,,23.2076,,78.2942,,,,
2941,,,,,,,475.2753,288.5324,,,3896.6081,1369.563,,,1418.5913,3878.9559,,994.5669
2944,1505.3215,,,,,,,,,,,,,,,,,2458.4051
2947,,,,,,,163.6786,,,,,,,137.9906,,,,
2948,,,,,,,354.559,,,,,,,393.4778,,,,
5502,1340.0956,,,,833.309,,,,,,,,,,,,,1605.2287
2949,,,,,,,,,,,,,,398.2359,,,,
5503,,,,,,284.813,,,,,,,,,,,,
2951,742.5735,,,,,,,,,,,,,,,,,1024.9102
5504,,,,,,,,,,,,,,108.8248,,,,
5505,,,,,,197.6009,158.2855,,,,,,,335.9597,273.4349,284.8169,,
2953,,,,,,492.9541,,,350.3656,,,382.0186,,391.6277,478.8398,373.3596,386.2258,
2954,,,,,,,318.697,,,,357.486,267.0261,,298.679,450.7467,,,204.8508
2955,,,,,,236.0756,265.4863,247.4291,,,,243.2599,,363.6725,275.052,477.7692,,182.1994
2956,,,,,,673.7493,648.706,644.6141,102.5185,,324.3431,322.5418,,899.9898,950.0439,843.8011,,341.1728
5508,,,,,,,,,,,147.8415,,,,,,,
5507,,,,,,,,108.8935,,,174.2476,,,221.6243,274.0861,294.066,,
5509,,,,,,498.1923,318.6238,328.8001,,,150.2556,,,225.8208,,698.7021,,188.4371
2958,,203.4424,206.1443,,,210.5461,199.4541,225.231,,173.6671,,180.134,191.9313,,,,,199.1796
2960,563.4998,,,,253.6156,,,,,,,,,,,,,813.6551
2961,3520.1736,733.8828,,1246.2513,2361.6155,,216.3726,219.3016,,174.9725,,,,183.5845,,,,3595.7396
2962,718.7703,,,,,,,,,,,,,,,,,638.1984
2967,,,,,,,,,,,,,,,189.3972,,,
5511,,,,,,,,428.0706,,,,,,,,,,
2969,746.1171,135.146,,242.6309,404.704,,,,,,,,,,,,,657.7723
5512,,,,,,,,,,,,,,,,,,204.5472
2970,19868.1976,,,,11075.8306,,,,,,,,,,,,,25494.1631
2971,250.2072,,,,,,,,,,,,,,,,,
2972,,,,,,,198.0862,,,,,,,,,,,
2973,1053.6068,,,,493.591,,,,,,,,,,,,,529.4304
5513,,,,,,1713.5129,1613.2257,1132.6673,,1334.1601,3494.0178,2379.0283,,1980.4922,1890.9197,2247.6777,,1035.1016
2974,,,,,,159.7865,196.9517,,,,,,,,,,,
2975,,,,,,,,,,,,,,,309.9123,,,
2976,,,,,,,500.6867,,,,402.5977,571.2879,,,,,,359.9532
2977,,,,,,,485.4188,611.5184,,,557.0293,,,,,,,
5514,,,,,,,,405.3518,,,407.3529,,,304.8896,,,,226.426
2978,2427.415,,,,1430.1846,,,,,,,,,,,,,
2979,2160.616,218.611,,,,,,,,,,,,,,,,2345.9831
5515,,,,,,,,177.6538,,,,,,266.4247,214.7968,299.1051,,
2980,162.7916,,,,,,,,,,,,,,,,,543.9775
5516,,,,,,,,258.1849,,,,,,,345.3576,,,
2982,,,,,,405.9539,673.3468,442.7311,145.32,,,421.8146,,274.1737,570.5896,,,
2981,,,,,,,617.7595,464.1701,,252.7293,360.7083,272.4998,,653.7405,,862.2495,,244.1643
2983,,,,,,,,,,118.329,,,,,,,,
2984,,,183.7559,,176.3354,,,,,,,,,,,,,
5517,,,,,,,,,,,,,,,,142.0905,,
5518,,,,,,,,,,,155.6481,,,,129.3553,134.2684,,
2985,,,,,,,,,,,,,,,,171.5764,,
2986,,,,,143.8973,,,,,,,,,,,,,145.005
2987,214.2993,,,,121.3808,,,,,,,,,,,,,317.5599
2989,1233.7437,234.1762,137.3152,,812.1907,,,,88.5002,,,,,,,,,1146.0395
2990,461.9822,,,,190.5024,,,,,,,,,,,,,412.7502
2991,,,,,,158.0301,,216.0741,,,,,,177.9842,148.1829,170.4341,,
2993,3709.3819,,,,,,,,,,,,,,,,,4699.508
2994,778.9102,,,,,,,,,,,,,,,,,814.6214
2995,,,,,,56.1141,,,,,,,,,,,,
2996,,80.4918,,199.7911,291.5713,,,,,,,,,,,,,
5519,,,,,,,,,,,,,,298.3975,,,,
2997,,,,,,,,,,,,,,441.2979,,,,
2998,,,,,,35.6132,,,,,,,,62.0188,,78.3034,,
3000,1331.4053,,,,,,,,,,,,,,,,,1681.6938
3001,,,,,,239.5279,,,,,,,,,,,,
3002,3866.5789,,,,1938.9312,,,,,,,,,,,,,8652.0478
5520,,,,,,,145.3421,,,,244.3045,,,,162.8633,,,
3003,,,,,,,,,,,,,,,180.0171,,,
3004,1927.6897,,,,990.9014,,,,,,,,,,,,,2360.8545
5521,,,,,,210.8811,,231.1057,,,,,,,,423.2893,,
3005,,,,,,,422.6155,560.3874,,,,,,,,,,
5522,,,,,,,,,,,209.8496,,,,,,,
5524,,,,,,176.2306,142.6275,187.8134,,,,,,411.6884,219.3911,281.3358,,
3007,,,,,,,,186.1682,,,,,,,,,,
3008,,,,,,,,,,,,,,254.2855,,311.105,,
3009,,,,,,,150.0841,444.8549,,,,,,,,,,
5525,,,,,,,783.5294,,,,1105.6208,304.5227,,,1636.0594,697.1447,,195.2338
5527,,,362.5482,,,,,,369.8991,,368.4259,374.5651,,,,,,
5528,,,206.7568,,,,,,,,,,,,,,,
3010,,,,,,90.9546,,,,,,,,96.1747,,,,
3011,460.5256,,,139.2371,248.6438,,,,,,,,,,,,,434.6167
5529,,,,,,,,,,,,1435.9382,,,,,,
3012,,,,,,,,,,,,,,4386.8454,70.9974,,,
5531,,,,,,,,,,,,,,2497.0107,,,,174.8453
3013,,,,,,,,268.7427,,,,,,,,,,
5533,,,,,,,593.0716,,,,,,,,,,,
3016,,,,,,,,208.1769,,,,,,235.6146,208.4443,293.1411,,
3017,57.1281,,,,,,,,,,,1215.7556,,,,,,
3018,5653.5396,,,,2973.3232,,,,,,,,,,,,,
3019,235.1352,,,,,,,,,,,,,,,,,
5536,,,,,,341.017,142.1284,439.2967,,,,,,879.3564,,331.6928,,
5537,467.544,618.8968,,653.0677,571.2649,933.4459,859.738,1044.0784,722.3863,750.8812,970.0202,888.061,540.2388,977.3674,1064.2437,1039.4692,612.8647,674.0657
3021,,,,,,,,,,232.8458,,,,,,,,
5538,,234.1424,,,,,,,,,,,,,,,,
3026,,,,,,,,318.4624,,,432.3605,,,,,,,
3027,,,,,,,,54.8666,,,,,,93.9915,,117.5793,,
3028,,,,,,,955.6463,603.4836,,342.0537,1242.9999,,,410.5836,763.5282,509.7793,,
3030,,138.0661,,134.8963,,,,,,,,,,,,,,
3031,,,1020.4804,,,,,,,,,,,,,,,
3035,570.926,,,,,,,,,,,,,,,,,
5541,,,,,,72.2234,92.5699,114.8713,,63.0348,92.3615,86.5424,,106.9584,118.9764,113.3611,,
3037,,,,,,,,,,,,,,,,1032.4441,,
5543,,,140.2499,,,,,,,,,,,211.8836,,,,
3039,,,91.2062,,,2303.8255,2641.5707,3181.2335,725.9535,878.9535,1581.964,1057.9276,157.9693,3461.645,3626.9506,4621.6305,550.6706,1646.5322
3041,40364.438,1581.7753,,8993.0373,16778.082,,,,,,,,,,,,,38541.742
5545,,,,,,373.9361,,352.2554,,,,,,,,,,
5544,,,,,,,,551.7544,,,,,,,,,,
3042,331.7166,,,,156.7401,,,,,,,,,,,,,176.1621
3043,,,,,,349.4864,441.3256,,,148.8503,205.374,136.3482,,367.3719,306.7858,276.899,,216.3812
3044,,,,,,,268.2365,357.2834,,213.2029,336.9692,,,,550.4132,750.1895,,
3045,,,,,,549.6361,865.7666,739.9277,,,1039.046,538.6974,,540.4786,484.7586,702.6235,,
3046,,,,,,,,,,,,372.2161,,,,,,
3047,,,,,,,,,,133.0603,,146.0381,,,386.7169,,,
3048,366.5449,,,,182.5307,,,,,,,,,,,,,
3051,,,,,,2645.7166,2677.6592,2809.5534,,,,,1819.6766,,479.4828,530.8865,,
3052,,156.581,119.6688,,,,,177.2886,168.0593,,,,168.0837,,,,,187.8896
3053,354.5048,138.3431,183.9191,352.1571,207.5766,412.784,422.4321,290.7734,351.0963,382.9034,283.1475,,379.7162,186.804,305.8105,241.125,287.8433,388.1185
3054,,,,,,,,187.6331,,,,,,,,,,
3055,,,,,,1182.1079,3289.9111,2075.0256,458.7508,807.966,2894.0855,1402.4862,,1731.3626,2507.047,3091.7229,111.8717,1388.8988
3057,,,,,,,300.8268,,5476.7657,,,,,,,,,
3059,,,,,,,,283.4997,,,,,,,,,,
3060,,,,,,,,,,,,,,,,389.7788,,
3061,,182.114,213.7282,,,,,,,,,,,,,,,
3063,,,10.5308,,,213.0791,237.7171,313.1647,,74.4284,133.0966,78.7246,,338.6264,365.3056,491.814,,151.7774
3064,,,,,,,100.6167,,,,,,,,,,,
5550,,,,,,,,,,,3420.3372,,,,,,,
5551,,,,,,3382.9858,2724.3541,3359.3848,,,5616.8958,4203.6178,,,3512.8014,4486.9138,,2660.5995
3065,,,,,,,,,,,,,,,,,,99.1376
3066,1125.9053,,,,,,,,,,,,,,,,,1633.9917
3067,,,,,,,,,,,,,,,,36.9019,,
3069,,,,,,180.197,,,,,,,,,,,,
3070,159.0547,,,,,,,,,,,,,,,,,
5552,,113.8093,,,,147.9412,109.8426,,,,,,,,,,,
3073,,,,,,,,,,,,,,,,849.445,,
3077,,,,,,,,,,,,,,,,,,241.8286
3078,,,,,,,1364.7462,,,,2128.451,1862.2737,,1628.1846,,1807.0322,,
3079,,,,,,2495.0516,2805.6591,3361.771,714.6752,884.6118,1548.2952,1106.958,172.795,3670.3844,3532.8135,4899.2975,580.3807,1712.4008
3080,,,,,,,,,,,,,,,,,,131.208
3082,14225.933,522.1237,,3045.4789,5601.9893,,,,,,,,,,,,,13397.8262
3083,,,,,,,,,,,,,,,,,,210.9079
5553,,,,,,401.3756,708.8957,433.6449,,,435.8373,,,,,,,
3084,,,,,,597.9061,,525.5824,,450.3904,,523.9447,,482.3,500.3495,462.4903,,
3086,,,,,,351.9876,,283.5625,,379.4203,,443.2657,,746.2475,,773.4932,,
3087,,,,,,948.3444,1130.6508,1052.2869,,,,,,579.4859,,700.1699,,390.5265
5554,15033.335,1664.5657,,4142.5234,8199.372,,,,,,,,,,,,,14620.9012
5555,,,,,,,,,,,199.1548,222.0555,,,,,,
3088,,,,,,,,,,,295.744,219.7732,,,210.2699,,,
3089,,,,,,,327.3323,519.3947,,,,,,,943.1624,1311.0484,,
3090,,,,,,,,,,90.5549,183.1474,,,,,272.9715,,444.4201
5558,,,,,,582.6081,,660.6832,238.2979,,,,,,,,,
3094,129.3471,,262.4579,,142.5016,,,,,,,,,,,,,
5559,,,,,,,,104.1355,,,,,,,97.9181,,,
5560,,,,,,,,204.3651,,131.7525,,,,219.3468,,246.336,,
3095,,,,,,,,,,161.5598,140.9459,310.7475,,,,,,
3096,,,,,,1250.2143,1233.3901,1173.4511,,,,,,949.139,1110.5091,1756.26,,
5561,,,,,,,129.9289,,,,,213.8922,,,,,,
3097,214024.62,18981.9,,54870.6368,102795.9,,,,,,,,,,,,,210847.215
3100,,,,,27.0409,,,,,,,,,,,,,
5562,,,,,,,,,,,324.8532,,,,,,,
3103,,,,,,,,,,343.225,479.4331,405.5564,,338.0842,,357.3833,,
3104,,,,,,731.2023,856.4708,1033.1191,238.9228,273.1738,526.3497,362.0855,52.653,1145.8638,1177.9233,1631.441,164.79,550.6869
5563,11027.376,,,3281.487,5949.4683,,,,,,,,,,,,,11547.33
3106,,,487.2546,,194.3247,,,,,,,,,,,,,
3107,659.1588,,,,,,,,,,,,,,,,,
3108,,,,,153.4738,,,,,,,,,,,,,
3109,18150.389,2398.366,,8835.4222,11143.435,,,,,,,,,,,,,23367.0018
3110,,,,,,335.5991,406.9208,281.7749,,,,,,,354.4368,,,
3111,46075.715,4066.1838,,,138.1865,,,,,,,,,,,,,44479.3905
3112,,,,,,,500.9891,,,,,,,,,395.8428,,335.5943
5565,,10.5319,,,,,,,,,,,,,,,,
5566,8736.329,910.1645,,2589.3606,4540.741,,,,,,,,,,,,,9123.0428
3113,,,,,,1067.8216,1134.925,1068.8158,311.5106,429.1761,892.18,583.1536,,1506.3333,939.675,1059.3382,,442.9929
3114,,,,205.9182,,,3274.1915,1221.7289,836.519,995.629,2926.722,1367.9243,704.4232,1448.4422,3173.1719,3015.6695,1397.5756,1503.4566
3120,,,,,,,,,,,,,,,,,,332.3203
3123,,,,,,,,215.5131,,,,,,166.4844,179.4062,336.9472,,
3124,,,,,,,,62.2381,,,,,,,,,,
3125,,,,,,,236.1966,,,,244.0201,,,,239.01,300.3191,129.8241,
3128,,,,,,,,291.2692,,,,,,391.7734,463.2675,502.9248,,
3129,,,,,,,,,,,277.79,,,,,,,
3131,,,,,,133.5287,129.0365,158.3274,40.6425,,61.2583,,,193.5814,235.4039,211.1866,,
5568,4298.998,,,,2272.4543,,,,,,,,,,,,,4569.7555
3133,234.867,,,190.3413,,,,,,,,,,,,,,
3134,,,,,55.2104,,,,,,,,,,,,,
3135,,,,,223.9097,,,,,,,,,,,,,214.8323
3137,,119.8468,113.009,,,,286.2967,,,274.8262,319.8979,248.5265,,280.5174,,,,240.3724
3138,,,,,184.2758,,,,,,,,,,,,,
3139,,,,,,,693.7953,,283.0291,,,608.4081,,542.3866,,651.6293,,
3140,1894.3551,1242.9297,,1716.1272,,1290.5325,1278.9636,1122.3992,985.233,1139.291,1277.2615,,792.0228,995.6679,1099.1423,1147.3165,914.0092,1836.8484
5569,,,,,,243.4839,271.2486,330.0793,,,,,,,,,,
5570,,,,,,556.1445,453.7552,652.8327,,,449.9026,315.8278,,467.0267,446.1265,459.1923,,265.5789
5571,6632.624,,,,3582.2302,,,,,,,,,,,,,7495.2411
3141,,,,,,994.5034,926.0443,813.5086,264.2895,,804.7863,436.2573,,,684.033,703.7815,,540.5033
3143,,,,,,,,144.7801,,,,,,,350.8885,230.9307,,
3146,1753.6117,,,287.0145,901.7645,,,,,,,,,,,,,2101.1713
3147,,,,,,,,,,,198.6912,,,,,,,
3149,,,,,,,,321.2906,,,123.6318,,,,,,,
3151,,,,,,,,,,,,,,,,88.6907,,
3153,,,,,,,,,,,,,,,,236.94,,
3154,,,,,,115.606,,,118.6736,,,,,,,,,
5573,,,,,,40.6309,,,,,,,,,,,,
5575,,,,,,153.3361,178.5104,168.1364,,,135.9677,,,,124.5536,130.4764,,
5576,,,,,,,,121.1432,,,,,,,,,,
3158,,,,,61.4671,,,,,,,,,,,,,219.7528
5577,,,,,,,,,,,,,,172.0717,156.7298,,,
3160,,,,,,308.4999,,,,,287.8671,,,,,,,
3161,,,,,,,421.6317,300.0687,221.8407,154.943,284.0034,,,,345.6007,525.935,113.0134,
5578,,,,,,250.953,,,,,,,,203.5216,,226.1024,,
5579,,,,,,202.2303,,299.4236,,,199.4505,,,265.8326,,265.8242,,
3162,,,,,,291.3846,,,,187.4296,231.9766,,,,275.3799,,,
3163,,,,,,,,,,,,,,,,,,3349.5924
3168,,,192.6583,,112.7107,,,,,,,,,,,,,
3171,,,,,,318.0044,304.0502,,,,,,,,,,,
3172,130.8728,,,,,,,,,,,,,,,,,
3173,,,,,,75.7331,84.7822,,,,,,,,,79.1936,52.6342,
3174,,,85.7945,,,,,,,,,,128.3536,88.7918,,120.0005,,
3175,,,128.6173,,,,,,,,,,,,,,,
3178,,,,,,,,,143.2849,133.6464,,,132.2272,,,,,
3180,2376.5276,308.7625,,,1390.7324,,,,,,,,,,,,,3820.177
3182,,,,,,614.5047,,742.5735,,,,,,342.6512,,,,
3184,,,,,,,149.8715,169.7352,,,,130.7072,,,204.2166,269.4196,,
3185,,,,,,,,,,,,,,229.3246,,,,
3186,1855.6719,,,623.6116,,,,,,,,,,,,,,2149.1748
5581,,,,,,,142.9966,142.2703,,,,,,140.4395,,,,
5582,,,,,,,,,,,,,,419.221,371.7299,562.0661,,
3188,,,,,,,,,,,,,,,,257.4328,,
3189,1698.5176,,,,1092.9937,,,,,,,,,,,,,2861.4196
3190,295070.8,31620.34,3777.2437,91618.7775,157543.22,,,,,,,,,,,,,326765.215
3191,,,,,,,,,,,,,,,,,,120.3361
3193,,,,,,283.3165,255.6135,396.6102,,,184.8921,,,297.2414,225.8745,273.2531,,
3194,,,,,,,,,,,,,,,,,,407.7429
5585,,,,,,235.4914,186.4904,244.4166,,,124.0744,,,233.5205,190.862,254.5291,,
3200,,,,,,,264.0722,,,,,,,,,,,
3201,208.3074,,,,,,,,,,,,,,,,,
3202,2033.6606,,,1122.3127,1334.998,,,,,,,,,,,,,2225.1141
3203,415.1531,52.2889,,146.996,237.2803,,,,,,,,,,,,,335.1656
3204,,,,,,,,,,,,,,,,443.4272,,
3205,,,,,,,,,,51.8085,,,,,,,,
3206,,,,,,,,,63.0829,,,,89.0484,,36.8417,,60.5806,
3207,,,,,,,145.4604,123.6013,,,190.5076,143.6787,,158.9216,138.409,144.5329,,
5587,,,,,,,398.7758,,,,360.5744,,,,,,,
3208,,,,,,,393.964,,,,,,,,,,,
3209,,,,260.1778,562.1151,,,,,,,,,,,,,
3211,,,,,,288.1484,279.5251,,,,,,,,,,,
3212,,,,,,,,116.3651,,,,,,,,177.3493,,
3219,,,,,,,244.8005,207.7859,,,,,,,,353.2676,,
3220,5498.372,,,,2883.7258,,,,,,,,,,,,,6396.99
5591,,,,,,109.9904,,,,,,,,,237.3761,240.7643,,
3224,,,,,,496.2373,,,,,,,,1522.4929,1370.6725,1490.5456,,
5594,,,,,89.331,,,137.2165,121.5132,,,,,197.9267,110.0708,,,
3226,,,460.1176,,,,,,,,,,,,,,,
3228,126.8276,,,,,175.596,149.5049,103.9071,,173.0376,,119.3306,,,,,163.9582,
3229,,,,,,,144.6168,,,,,187.0665,,,142.0442,,,
5595,,,,,,1472.1912,1305.6985,1923.9805,,,909.9649,,,1468.3818,1365.2624,1666.9505,,
3231,,,,,,92.4356,,,,,88.6804,,,,,,,
3233,27077.643,2437.6216,,7534.2962,14624.185,,,,,,,,,,,,,29515.9485
3234,,,,,,,118.1269,,,,239.6201,128.6871,,333.6218,278.6793,288.2889,,116.3385
3235,,,,,,,,346.4001,,,,,,264.6577,272.7318,,,
3237,,,,,,,326.9075,,,,361.1946,,,,462.678,220.1138,,
3238,,,,,,540.6471,579.6365,653.6338,303.5434,499.6392,2713.0964,,784.1582,725.9353,869.879,1072.3347,,633.7592
3240,,,,,,,,,152.9907,122.2472,,182.1053,362.5137,,164.5746,186.9509,,
3241,,,,,,,,,,,,,,,,,,1182.5971
5596,,,,,,,176.4296,,,,,,,,,,,
3243,,,,,,,,,,,,,,,345.9879,,83.5078,
3244,6059.167,,,1907.1668,3144.6519,,,,,,,,,,,,,6630.204
5597,,,,,,121.7836,,160.9103,,,,,,176.2524,195.8533,264.6245,,
3245,,,,,,362.0772,422.7326,,,,,,,544.4401,496.849,,,
3246,,,,,,,,,,,,,,,,374.4947,,
3247,,,,,,,,537.057,,,,,,,513.2142,415.5114,,
3248,,,,,,,202.8726,,,148.8025,,,,,,344.5052,,
5599,,,,,,,,,,,,,,,,139.5573,,
3249,,,,,,,,,,,52.0619,,,,64.9825,75.2169,,
3250,,,,,,114.587,130.6477,139.6571,67.3574,109.1185,591.3389,217.8499,166.9058,155.069,212.8872,272.2327,79.0966,124.6612
3252,,,816.6564,,,,,,,,,,,,,,,
3253,231.8983,,,,,,,,,,,,,,,,,
3254,,178.5327,,,,,,,,,,,,,,,,
3255,174.7242,,,,,,,,,,,,,,,,,
3259,213.5115,,,,,,,,,,,,,,,,,
3260,,,,,,,,,,,155.2196,,,,,,,
5602,,,,,,395.6874,324.6529,519.0216,130.4444,,387.7387,189.5162,,329.5481,364.3205,390.3624,,
3262,,,,,,1276.7122,,,,2247.4985,4928.5271,2479.577,,913.7466,4023.1061,6276.03,,1561.6922
5603,,,,,,,,,,,,,,201.235,203.3623,,,
3263,,,,,,353.0563,613.2652,,,576.4242,1196.8734,700.2615,,,1083.733,1598.1506,,
3264,17062.76,,239.7275,5239.4403,8911.625,,,,,,,,,,,,,18668.295
3266,,,,,,,,,,,,128.3855,,,115.6926,,,
3267,,,,,,,189.817,,,,,,,,,378.6125,,
3268,,,,,,,,538.5101,551.4676,,,,,,,,,
3269,,,,,,159.4636,,,,,203.4363,,,,,,,
3270,75.4987,,,,,,,,,,,,,,,,,107.0075
5606,,,,,,,461.9803,,,,,,,,,,,
3273,,,,,,,,,,,,,,,209.4239,167.992,,
3274,,,,,,,,,,,179.0136,,,,,,,
3276,,,,,,,,,,,78.3548,,,,,,,
3281,,,,,,,,1115.7712,,,1610.4956,1372.5985,,,,1369.2976,,
3282,1206.4055,,,,642.8036,,,,,,,,,,,,,4790.3575
3283,,,,,,,253.4258,,,,164.2471,,,,,268.3841,,
3285,,185.1722,,,,,,,,,,,,,,,,
3286,,,,,,577.8038,,,,565.3141,,,,,,,,
3289,,,,,,868.1388,946.6433,922.7942,450.0009,,,,,1223.74,1088.4532,,,
3288,,,,,,1599.2415,1925.0667,1991.8056,559.1365,,,726.5058,323.1631,1480.7414,1374.8164,2101.2568,,846.8326
5609,7625.8325,814.0039,,2310.8116,4017.0352,,,,,,,,,,,,,7881.8311
3290,,,,343.7757,,637.4157,6180.4373,2606.4509,379.4478,1089.8874,6390.9375,2487.5581,384.592,844.7743,9152.0887,4652.4726,,1189.928
3292,,,,,,,,,,,,,390.1408,,,,364.515,
3293,,,,,,168.4026,,160.8799,,,,,101.769,,,,,
3295,,,,,,,,142.4819,,,103.6422,,,,104.6169,,,
3296,,132.4041,,,,,,,,,,,,,,,,
3297,,,,,,,,,,,,127.5581,,,,,,
3299,,,,,,,,,,,,,,,,719.9574,,
3300,125.4244,155.3356,149.3111,,,,,,,,,,171.7112,,,,166.6374,
3301,1191.5773,,,504.7635,678.1588,,,,,,,,,,,,,1332.8862
3302,5761.8904,,,,,,,,,,,,,,,,,7325.9905
3303,,,,,,177.002,,180.0497,,225.6936,,,,,270.7359,,,
3309,,,,,,,,,,,,,,,,166.2445,,
5611,,,,,,281.7111,249.3738,,,,,,,255.3678,,,,
3311,,,,,,,,,,,147.6104,,,,,257.8882,,
3312,,,,,,,,,,,,208.5382,,,436.2588,491.1562,,
5612,156.8379,,,,,,,,,,,,,,,,,
5613,,,,,,,,,,,,,,3366.8932,3081.1075,,,
3314,,,,,,,247.2983,520.5453,,,,334.5892,,,628.7359,556.6269,,
3315,,,,,,,,195.9282,,,254.7702,,,,189.1148,260.236,,
3316,,,,,,,,,,,106.2766,,,178.0422,159.9396,,,
3318,145.7126,,,,,117.1613,,132.1657,116.9014,124.7154,,139.6322,,130.0054,,132.3095,,
3319,1082.9358,,,,581.4977,,,,,,,,,,,,,1326.9636
3321,,,,,,,,72.088,,,,,,,74.358,101.8744,,
3322,,,,,,,1414.2775,311.0593,,123.0234,,,,,,198.5308,,
5614,,,,,,128.9881,,,,,,,,746.7238,683.6009,991.8034,,
3323,,,,,,,,,,,382.3721,153.0433,,,,,,
3324,,,,,,2069.63,2199.577,2416.5022,736.783,854.517,1177.6882,795.3296,228.3056,2785.0652,3210.6188,3682.3989,774.7764,1514.8286
3325,107.1107,,,,63.6161,,,,,,,,,,,,,131.4197
3326,370.7147,,,,,,,,,,,,,,,,,500.6185
3329,23.7135,,,,,2803.651,,2964.3227,,,1634.1524,825.9134,1646.1945,,,,,
5615,,,,,,,413.7937,514.8297,,,,,,,,,,
5616,,,,,,,233.1115,,,,,,,,,287.5826,,
5617,,,,,,,,,,,,,,575.3744,,,,
3331,,,,,,193.8899,236.8255,237.973,57.9515,80.1675,94.5915,67.7612,,272.6496,224.8805,321.2838,,152.8434
3332,,,,,,,270.5402,,,,,,,,,,,
3334,,,,,,450.2798,451.5893,402.5596,174.9095,108.8719,214.6844,153.7475,305.034,,,,136.2055,
3335,,,,,,1790.0849,1440.689,1309.0559,,873.6146,1485.5709,885.0846,,3520.3828,3054.903,2527.3928,,
5618,,,,,,,,,,,,,,131.2481,,,,
3336,,441.8672,,,,,,,,,,,,,,,,
3337,,,95.3779,,,,,,,,,,,,,,,
3338,,,,,,1800.3317,2070.6194,2340.8882,720.9991,670.5054,1113.2441,790.8739,171.8473,2399.7865,3072.1144,3297.2113,748.0439,1477.8893
5620,,,,,,,,407.9942,,,,,,253.3641,233.2097,292.5499,,
3344,,,,,,,729.4962,,,,,,,,219.513,341.7874,,
3345,,,,,,1613.1335,1765.1415,1945.2128,1021.6561,327.0854,490.2155,320.2653,,562.6637,473.2081,603.0165,,
5621,,248.9884,,,247.5562,,,,,,,,,,,,,
5622,,,,,,,,,,,,,,1954.8557,,,,
3347,210.2863,294.4491,253.6074,,271.4267,,,,,,,,,,,,,
3349,,,244.3481,,,,,,,,,,,,,,,
3350,2904.1852,,,,,,,,,,,,,,,,,5695.6162
5623,115.539,,,,,,,,,,,,,,,,,172.0061
3351,,,,,,,,525.8038,,,,,,426.345,,,152.6902,
3353,,,,,,,,,,,,,,,,,,375.5105
5625,50.8333,78.6995,105.4294,,,,,156.7494,175.3346,113.6976,,95.966,,481.381,,,57.8087,93.8533
3354,,,,,139.3427,,,151.0678,,,,,151.2356,200.3423,,,,
3355,,,,,,569.9403,539.7507,768.1804,187.7114,259.1233,376.3198,269.8285,,846.4613,988.1839,991.0934,222.7384,477.9719
3356,1346.65,,,,744.8688,,,,,,,,,,,,,995.0528
5626,,,,,,,,,,,,,,,,235.9643,,
3359,,,,,,,223.6308,,,99.3356,,,,,276.5248,,,
3361,654.5817,,,,,,,,,,,,,,,,,1324.5747
3362,,,,,,,518.785,,,,,,,,,,,
3363,,,,,,,,,,,,,,,,292.1271,,
3365,285.2307,,159.4298,,,,,371.545,,,,,,,364.9163,,,
5628,,,,,,,,648.5558,,,,,,,,,,
3366,,,,,,,173.2992,,,,,,,,,,,
5629,,,,,,,,,,,,,,182.8749,,274.9124,,
3367,,,,,,,296.4381,,,,172.0623,,,,129.4145,,,
3369,,,,,,,,1070.7638,333.6413,,1418.4786,1216.0516,,1110.3935,1108.2466,1174.8852,,
3370,,,,,,,,,,,,,752.7554,,,,,
3371,,,,,,,924.0666,,,,518.4335,,,,632.1126,,,
3373,470.4125,,,,312.1098,,,,,,,,,,,,,460.8559
3374,,,,,,,,,,,,,,,302.8694,368.8303,,
3378,,,,,,,,,,,36.3797,,,86.8047,,86.6507,,
3379,546.0471,,,,308.7657,,,,,,,,,,,,,
3381,202.5266,,,,,,,,,,,,,,,,,
3383,,,,,,354.1995,378.0004,,,,,,,,,,,
3384,9.0586,,,,,,,498.8058,,,,,,,,517.2031,,
3385,4880.925,,,1719.3509,2839.681,,,,,,,,,,,,,5679.0663
5632,,,,,,,,157.2991,,,152.9787,,,147.8958,,,,
3386,,,,,,,,183.357,,,,,,356.8363,328.2638,478.2672,,141.3565
3387,,,,,,149.4893,,,,,,,,,,,,
3388,203.9666,,,306.9066,,,,,282.542,267.3058,,,,,,,,
3389,,,,,,321.1112,776.2088,617.6398,,260.1397,781.9068,329.1806,,,518.7698,541.0755,,232.3165
3392,,,,,,,,,122.9902,,512.6166,446.0316,,,,452.8622,,
3393,1190.2013,158.771,,405.3757,693.7143,,,,,,,,,,,,,1230.1698
3394,,,,,,,,,,279.8721,,,,,,,,
3396,,,,,,91.6576,,83.664,,,81.7082,111.9351,,,,95.2249,153.4135,
3397,,,,,,,,,,,307.8923,,,,,290.3123,,
3398,,,,,,146.6177,,,,,,,,,,,,
5633,1270.7976,163.2094,,,716.3532,,,,,,,,,,,,,1903.1722
3399,1851.6326,,,,1041.5176,,,,,,,,,,,,,
3401,,,,,,,,,,,,,,97.1785,,,,
5634,,,,,,421.4893,444.1456,525.5261,,,,,,371.6707,447.025,,,230.5732
3402,,,,,,,,,,,,,,,,281.3503,,
3404,,,,,,,374.3123,,,,,,,,295.7566,,,195.4073
3405,13655.305,1437.0238,,4528.4431,7892.537,,,,,,,,,,,,,16127.5482
3406,,,,,,1076.3513,1177.7958,1296.7531,1111.4843,,,,,,,1295.3517,743.5048,
3407,,,,,,,,,,,,,,214.936,362.2822,513.0558,,
3408,,,,,,,,,97.4168,,,,,,,,,
3409,,,,,,,,,,,201.4752,,,,,,,
5635,,,,,,446.4013,385.1521,,,,,,,,,,,
3414,,,,,,,,223.2029,,,,,,,,,,
3415,,,,,,368.7009,584.1408,415.2706,,,,,,,,,,
3416,,,,,,,,256.6208,,,,,,,,,,1302.4515
3417,438.7248,,,,230.0495,,,,,,,,,,,,,
3418,212.1857,,,,,,,,,,,,,,,,,
5636,1814.9885,,,,899.9362,,,,,,,,,,,,,1752.3842
3420,28918.072,2772.9912,,8236.4244,14900.427,,,,,,,,,,,,,34777.9935
3421,,,,,,6302.4189,5462.175,6934.4882,2626.1414,,4066.8285,,,10329.011,8857.8028,9428.3338,887.6904,698.4604
3422,,,,,,,,,,,,,,318.1484,236.773,469.5322,,232.288
3423,,,,,,,,,,,278.4575,,,,,,,
3425,,,,,,,,,,622.4057,769.0468,,,,,,,
3426,,,,,,,,,,,,,,,,,129.0309,137.7092
3427,,,,,,180.3444,,1488.1241,2843.6754,,,,,,,,,
3428,,193.2805,,,160.5018,,,,,,,,,,,,,
3430,207.5245,,,,,,,,,,,,,,,,,222.4565
3432,55.2251,,,,,,,,,,,,,,,,,
3433,,,,,,1011.2345,895.739,1180.5829,448.7061,,574.1124,370.4978,,1816.837,1597.7622,1639.0689,,
3434,,,,,,,228.6807,161.0041,,99.2234,156.9191,,,,,,,
3435,,,,,,,,,,,,,,,,,,197.9074
3436,,,,,,,,,,,,76.2917,,,,,,
3437,,,,,,,,,363.2886,,,,,,,,,
3439,,,,,,,,,,,,212.561,,,,,,
5638,,,,,,,,78.9162,,,99.4941,,,,,,,
5639,301.2872,,,,,,,,,,,,,,,,,
3441,,,,,,,506.1863,,,,,,,,,,,
3442,251.0476,,,,157.0702,,,,,,,,,,,,,425.9079
3443,132.9475,,,,,,,,,,,,,,,,,
3445,,,,,,,,367.9894,,,,,,,,,,
5640,625.0192,,,,,,,,,,,,,,,,,677.308
3447,14914.347,,168.1374,4058.6918,7296.8916,,,,,,,,,,,,,19470.8975
3448,,,,,,346.6208,,,,,,,,631.0793,485.5504,603.2512,,
3449,,,,,,,,,,,,,,,127.6479,190.6579,,
3450,,,,,,,,,,,,,,284.0922,,,,
3451,,,,,,105.9464,95.3098,90.3192,,,67.0608,48.0064,,109.2616,97.982,64.9182,,
3452,,,,,,,,,,,79.9416,,128.4162,,,,,
3453,155.7845,,171.5482,,134.9063,144.6706,158.5104,153.0164,117.3482,118.3389,116.1956,,100.6713,142.8223,112.7727,157.3256,124.6942,131.5737
3456,102.4868,,,,72.6041,,,,,,,,,,,,,
5644,142.1982,,,,76.6336,,,,,,,,,,,,,
3457,2258.7727,245.1302,,,1185.0718,,,,,,,,,,,,,4114.0846
3459,,,,,,244.2919,,284.6586,,257.7849,1224.5134,,402.9721,392.6061,525.4455,659.8435,220.1212,
3461,,,,,,,,140.4641,,,,,,,,192.2826,,
5646,,,,,,,,162.7193,,,234.7081,,,,,,,
3463,,,322.763,,172.574,,,,,,,,,,,,,
3465,,,,,,,,,,,,,,123.1825,,,,
3468,313.6845,,,,,,,,,,,,,,,,,762.9764
5648,9445.683,984.7415,,2841.3628,5012.3306,,,,,,,,,,,,,10403.5639
5649,,,,,280.8172,,,,,,,,,,,,,
3469,29874.02,,386.5891,10485.8551,15928.389,,,,,,,,,,,,,37129.6135
5650,519.2906,753.4039,1226.1809,,508.4073,,,,,,246.3004,248.1276,,,,,,
3471,,,350.5742,,,,,,,,,,,,,469.1388,551.3509,
3472,,183.6046,,,,,,,210.2505,,,,,,,,,
3473,,,,,,,,54.4892,,,,,,,52.2265,157.1349,,
5651,120.7075,,,,,,,,,,,,,,,,,
3474,7453.719,671.9384,,2417.9567,3856.0935,,,,,,,,,,,,,9047.2497
3475,,,,,,166.943,,187.7038,,299.1605,225.6218,,344.6067,,,,289.4197,175.5142
3477,,,,,,,600.5984,544.9436,,,714.9842,436.7136,,,1424.2858,991.874,,466.7731
3478,,,,,,,,,,,,,181.6719,,,,,
3479,,,,,75.309,,,,,,,,,,,,,134.3953
3481,,,,,,,,,,,2467.413,,,,,,,
3482,,,,,,,,843.9103,,,,,,,,,,
3483,,,,,,,,,499.8252,,,,,,,,,
3484,,,,,,127.0678,,,,,213.8992,,,,,,,
3486,,,,,,,1822.3265,,,,,,,,,,,
3487,,,,,,307.6088,242.9772,226.2651,,158.7817,286.5009,149.1947,,552.3155,447.5159,336.993,,162.9642
3489,,,,,93.2617,,163.382,,,151.3148,,,,,,182.2414,,
3490,,,,,,,156.4256,,,159.5943,378.636,,,,,479.2564,,
3491,,,,,,168.9102,,,171.2225,,,,,,,,,
5655,,,,,,,1779.3461,445.7769,,,,,,,,,,206.1439
3494,,,241.7383,,187.921,,,,,,,,,,,,,
3495,,210.7467,,,,,,,,,,,,,,,,
3496,,,,,,,408.1844,,,,,,,,,,,
3497,,,,143.8333,,,,229.3003,363.2364,,,,,206.208,,165.0539,183.1049,
5656,,,,,,238.2325,,,,,,,,,,,,
5658,,,,,,,,861.6322,,,,,,,,,,
5659,,,,,,181.4731,534.9751,517.6003,,,858.54,230.0682,,231.846,1196.8158,509.2068,,162.9813
3502,,,,,,275.923,1145.4086,510.2532,201.7217,268.4908,1114.6789,482.6319,,325.7519,984.6493,1296.063,260.7445,363.2801
3505,,,,,,2660.3013,3410.3361,8971.993,,841.9186,1174.6761,1667.2994,,6801.358,8121.4696,12833.794,,1555.4881
3506,,,,,,278.2701,,,,,,,,,349.2547,,,
3508,,,,,,105.5555,173.3722,157.3734,,,184.9332,,,,98.2427,,,
3511,6281.297,,,,4903.788,,,,,,,,,,,,,19542.6875
3515,,,,,,397.0613,,,,,,,,,,,,
3516,,,,,,328.4208,404.489,322.0457,,,,,,,,,,
3517,,,,,,,2177.7301,1689.4697,,126.1252,,,,,,,,
3518,,,,,,352.5127,532.2805,438.8689,,,,,,,,,,
5662,,,,,,,,,,,,,,,,166.649,,
5663,,,,,,,,,,,,,,,,335.8045,,
3522,,,,,,,596.1807,258.9569,,,1005.8944,,,,483.8894,343.3943,,
3524,,,695.5425,,,,,,,,,,,,,,,
3526,,,,,,,1459.9928,1476.7435,,,1944.4494,1705.4609,,1522.5919,1399.8015,1697.2075,,
3527,10318.9034,,,3484.6025,5541.0398,,,,,,,,,,,,,10884.388
3528,171888,16694.625,2148.2559,59240.308,81963.15,,,,,,,,,,,,,240082.1875
3529,,,,,,,205.2978,259.4838,,,,,,,,245.3331,,
3531,,239.7982,,,,,,,,,,,,,,,68.4554,
3533,,,,,155.5557,,,,,,,,,,,,,
5664,,,,,,,,,,,964.2927,,,,,,,
5665,47.1331,,,,,,,,,,,,,,,,,
3534,2335.9731,,,734.6054,1931.0505,,,,,,,,,,,,,7691.4866
3536,234.3095,283.1656,327.9399,,,,,,,,,,,,,,,
3538,,,,,,245.3125,,,161.6893,,,,,,,,,
3540,,,,,,,,,,,,,,123.8116,,,,
3541,,,,,,,,,,,,,,,,390.6224,,
3543,,,,,,,711.0614,,,,,,,,,363.4592,,
3544,,,,,,,,,,,,,,313.8295,,,,
5666,,,,,,,,,,,,,,608.0665,,,,
3546,,,,,,6469.3013,6676.5729,6919.1833,1603.7004,1159.763,3123.769,1805.7328,2319.5866,,,,1377.1615,2290.4338
3547,,99.5868,94.3639,,,189.5824,192.855,174.4937,186.6545,140.2126,163.3456,133.7936,155.0971,154.8308,,,176.6643,
3549,,,,,,,1353.8669,,,,1623.6128,,,,1377.2261,1224.5201,,470.8582
3550,,,,,,738.6036,757.2469,,,,551.6028,481.4117,,875.6704,853.9811,1137.7906,,405.2537
3551,,,,,,696.071,,831.5325,,,,,,,,960.8952,,
3553,947.8426,1097.5511,1059.0532,,1073.0732,,,,467.8001,,,,,,,,,
3555,,,,,,257.4992,,,194.1281,,420.9964,333.5717,,330.9215,314.6983,317.4676,,
5667,,,,,,,,,,,,465.5245,,,413.5608,,,
5668,,,,,,2458.4105,2042.2248,2524.8868,,,4001.5379,2829.18,,2846.6098,2509.0221,,,
3558,77.7301,,,,84.6359,,,,,,72.473,70.8634,77.4426,,80.4032,,,77.82
3559,794.8686,,,232.1904,416.6442,,,,,,,,,,,,,773.614
3560,,,,,,83.171,100.205,106.8656,,,,,,,79.6543,,,
3561,,,,,,,90.0783,,,,,,,,,,,
3563,,,,,60.2732,,,,,,,,,,,,,
3564,145.6632,,,,85.6912,,,,,,,,,,,,,
5669,,,,,,94.6212,,90.6141,,,,,,,,,,
3565,,,,,,,,,,,,,,,941.2512,,,
3567,13692.307,1656.6313,,4658.5875,7860.389,,,,,,,,,,,,,16635.5902
3568,,,,,,,,,,,,,,207.806,,,,
5670,,,,,,265.2463,,,,,,,,,,,,
5671,,,,,,,124.798,,,,,,,,155.29,200.0219,,
3572,,,,,,,,,,,,,,113.8512,,,,
3575,,,,,,,,,,,,,,,,,123.1342,
5672,,,,,,370.8354,,,437.4501,305.5493,,,,,,,,
5673,,,,,,,576.3014,,,,448.0782,291.0835,,695.2095,687.124,,,
5674,129.6892,,,,,,,,,,,,,,,,,
5675,,,,,297.644,,,,,,,,,,,,,577.1279
3579,,,,,,,,,,,,,,,,645.1627,,
3580,14081.781,1341.8062,,4025.3674,7429.1694,,,,,,,,,,,,,19588.1222
3581,,,,,,,1088.6675,,,,859.6358,,,,661.4979,,,
3583,,,,,,1025.4213,1514.851,2030.3511,,,,,,,678.524,1746.3334,,663.4355
3584,,,,,,,,,436.567,,,,,,,,,
3585,,,,,,,,,,,,,,,110.8314,,,
3586,,,,,,,1403.8461,,,,1071.978,,,,,,,
3587,,,,,,262.2254,,,,,472.8242,,,,,,,
3588,,643.6506,,,,489.854,,,642.0616,,389.202,,694.7793,,493.3147,,,
3590,,,,,,,,,,,,,,,,294.8077,,
3591,,,,,,,,,99.3549,,,,,,,,,
3592,,,,,,164.043,257.5414,420.593,,54.167,,50.1862,,,115.5783,274.9544,48.9737,121.8756
3593,,,,,,667.6403,855.1956,1415.3698,,,,,,1462.1057,1472.1375,1868.7889,,330.0889
3595,10470.36,820.3241,,2646.9538,5978.962,,,,,,,,,,,,,11106.2972
3596,,,,,,,426.497,,,,,,,,,,,
3597,,,,,132.0141,,,,,,,,,,,,,
5677,4158.569,,,1325.5053,2329.1409,,,,,,,,,,,,,6286.8135
3598,,,,,,,,,,,,,,,,,,1352.2832
3599,,,,,,,,251.2124,,,,,,,161.3564,,,
5678,11900.344,368.5283,,,5865.145,,,,,,,,,,,,,12836.1545
3600,161134.47,15169.228,1286.7079,46615.6345,81980.805,,,,,,,,,,,,,174696.2525
3601,,,,,,,,,,,,,,,220.7581,,,
5679,,,,,,1059.2939,1037.6126,937.5379,,947.6954,3508.8741,2337.321,,1921.2131,1796.2294,2316.4346,,505.3029
3603,,,,,,,,,,489.831,,,,,183.1444,452.2266,,
3606,2634.9104,164.3621,,566.2888,1264.3575,,,,,,,,,,,,,2300.581
3607,,,,,,,,1106.0053,,,,,,,,,,
3608,,,,,,,,,,,,,,,,,,229.5098
5681,1771.3857,,,,1211.1635,,,,,,,,,,,,,1067.7683
5682,,,,,,,,,,,286.2751,,,,,,,
3609,,,,,,,,997.0393,,,176.9089,,,1321.5022,,,,104.7249
3610,,,,,,,,,,,,,,,,,,499.7769
3611,,125.8991,,,,,,,,,,,,,,,,
3614,3733.8875,,,889.7158,2046.4669,,,,,,,,,,,,,3909.0799
3615,1246.5834,,,,757.8009,,,,,,,,,,,,,2194.5962
3618,,,,,,,411.0343,,,,,,,,,,,
3621,,,,,,224.9862,,,,,,,,,,,,
3622,5878.337,,,849.7466,2734.2397,,,,,,,,,,,,,6712.9454
5684,,,,,,,,,,,288.105,,,178.4816,,161.4544,,
3623,,,,,,,,247.9832,,,,,,411.5267,,,,
3624,,,,,,,,,,,,,,575.8699,,,,
5686,,740.9177,354.8462,453.9525,416.636,,265.8085,,515.2304,,275.2821,343.9545,402.5515,346.9035,,,,391.4802
3625,,,,,,,503.318,448.0466,,,,,,,,,,
3626,,89.0081,,,,,,,,,,,,,,,,
3627,,,,,,,,270.0638,,,,,,,,,,
3628,271.2383,,,,315.636,166.263,164.4077,155.5256,,,109.7417,,,123.3595,113.9534,135.2706,,
3629,719.9852,,,,,,,,,,,,,,,,,248.0081
3632,2125.7954,,,,1084.2125,,,,,,,,,,,,,1683.1446
5689,106.8224,,621.807,,98.0982,,186.0895,,,,172.9802,,,,211.4353,,107.9483,
3633,,,,,,,,,,,,,,267.4994,,280.0371,,
3635,,,,,,261.1333,279.6587,305.0418,180.5438,,,287.131,,,,,,232.946
3636,,,,,,115.4627,579.7901,482.9923,,,631.042,255.7094,,,,327.8065,,
3638,,,,,,,,1468.8091,,,,,,,,,,
3642,,,,,,,,,,,,,,,,211.9784,,
3645,594.6566,528.1155,423.9786,584.0499,645.7748,,,,,,,,,280.9867,,,,
3646,2320.4976,274.3068,,,,,,,,,,,,,,,,1824.3125
3647,,,,,,,,,,,260.206,,,,,226.0594,,
3648,,,,,,,,191.1621,,,,,,,,,,
3649,,,,,,,,,,,,,143.8598,,,,,
5690,262.9659,299.3785,,,276.4112,,,,,,,,,,,,,
3651,99.2264,,,,,,,,,,,,,,,,,
3652,,,,,,,,,,,,,,,,,,191.3598
3653,,,,,,,,,,,229.6029,,,,,,,
3655,543.9677,67.8131,,210.7139,315.7889,,,,,,,,,,,,,314.9823
3656,,,,,,249.1406,1325.7181,634.0308,,308.3506,1209.4646,490.8459,,,1256.4896,1027.335,,225.3293
3658,,,,,,740.8311,768.7307,640.6258,,,,,,,,166.5189,,
3660,,,,,,5148.9608,6568.0026,7633.982,136.9028,,,,,2573.9964,2346.5801,2736.0741,,1983.5467
3662,,,,,,,,,,,,230.6167,,,,,,
3663,,,,,,,,,,159.9698,,,,,,,,
3665,,,,535.639,,687.2993,658.9015,709.3295,716.9571,797.4548,696.5192,718.6031,767.5225,682.7501,732.7241,,680.505,663.8746
3667,,,,,,,980.0986,998.0566,1396.927,984.9677,1212.3591,1109.095,,,,1075.1684,,
3670,,,,,,1241.2561,1594.3045,1772.3059,,,102.9936,,,608.5269,545.1097,657.9226,,480.0755
3671,,,,,,,244.3057,,,,,210.0496,,,214.6776,,,
3674,,,,,147.2928,,,,,,,,,,,,,
3676,181.4094,,,,,,,,,,,,,,,,,
3678,,,,,,,132.1778,,,,,,,,,289.3171,,
3679,,,,,,812.4446,894.5174,873.7973,,283.8738,,,,622.0176,688.8518,611.453,,440.7319
5692,,,,,,,,180.4017,,,,180.2184,,,,,,
3682,,,,,,,,,,598.4936,1091.207,,,,,,,
3683,,,,,,,1120.1456,,,,704.0468,239.4368,,,,376.4416,,
3686,,3863.9725,6829.6532,,,,,,,,,,,,,,,
3687,,,,,,,,,,,,,,,52.3943,,,
3688,,,,,,,167.9755,,184.8952,172.6634,,184.5034,222.362,,,108.9702,218.7738,
3689,,,,,,584.2933,,,,,,,,,,,,
3690,,,,,,4066.9472,4140.4258,4239.7002,,,1893.4918,1065.897,1462.437,,,,838.1762,1404.8824
3692,,,,,81.6374,,,,,,,,,,,,,
5695,,,,,,283.0302,,,,,,,,,,,,
3694,,,,,,1595.5212,1912.065,,,,,,,,,,,
3695,,,,,,,,1127.6815,,,,,,,,,,
3696,,,,,,1606.7253,7009.2578,3835.8107,239.155,1725.7297,7425.6657,3306.0095,,1896.465,7531.5945,6388.2926,,1573.4584
3698,,,,,,1011.418,3078.2975,1742.2227,753.2484,1020.582,2684.7734,1276.4347,306.7761,1128.4915,2887.9632,3392.3308,837.243,1452.8294
3699,,,,,,114.2801,127.0601,130.933,98.8057,,83.7198,81.4551,90.9217,,55.6841,,144.2686,
3701,242.335,94.0368,106.341,,,,,,,,,,,,,,,293.6647
3702,,,,,,275.9983,,,,,269.578,,,,,,,
3703,,,,,,616.9739,802.1644,2208.3575,,,198.5133,329.615,,1589.2372,1975.9778,2825.182,,411.2019
3704,,,,,,123.5952,1399.5827,671.7946,,225.3706,1471.4919,670.8589,,,1591.9882,1165.2405,24.165,182.8088
3705,,,,,,146.7826,,,,,,,,,,,,
3706,,,,,,606.6172,686.9919,,,338.4682,682.9692,377.9216,,,656.4333,708.3888,,
3707,,,,,,,,,,,,,,261.6473,,,,
3708,,,,,,,,,,,1476.1634,1043.2588,,3941.4103,,3580.1358,,
3712,,,,,,,,,,,,,,,,220.3706,,
3713,,,129.3599,,,,,,,,,,,,,,,
3714,1455.991,,,,753.633,,,,,,,,,,,,,1662.2938
3716,,,,,,,,,,,177.6781,,,,,,,
3717,,,,,,363.4412,312.0265,429.0916,160.6856,,,,,688.8359,620.7426,630.6615,,
3718,,,,,,,,,,,,,,,155.3815,,,
3719,,,,,,,,,,,,,,144.3716,,,,
3720,351.4881,,,,167.5732,,,,,,,,,,,,,405.056
3721,,,,,,294.3939,438.0176,273.3026,,,,,,,,,,
5700,,,,,,,,354.643,,,,,,,,,,
3724,9166.664,,,2758.896,5005.3774,,,,,,,,,,,,,13229.1205
5701,288.3217,,,,119.9726,,,,,,,,,,,,,349.2587
3725,,,,,,5169.5021,5536.7157,5594.5751,1287.9806,,2850.4829,1501.6664,2061.9369,,969.4551,975.501,1314.5127,1873.9633
3726,,,,,,,,,,,,,,,,296.9403,,
3727,,,,,,,,,207.2887,,,,,,,,,
3728,535.119,,,,263.5256,,,,,,,,,,,,,
5703,61.6226,108.6834,,59.8244,79.4891,78.5586,,86.243,,,67.5132,78.0649,66.8685,116.0066,,,58.6805,70.0066
3729,179.0688,,118.4291,,,,,,,115.1742,,,,,,,,
5705,,424.3639,359.0955,,,,,,,,,,,,,,,
3734,,,,,,176.7917,193.7708,200.7406,,,99.6619,57.4448,,,,44.9754,,
3737,,,,,,1181.8275,1319.7926,1466.8666,740.4728,,,,,,,,,
3738,,,,,,,,,,,,,,165.847,,,,
3739,,,,,,,,,145.0522,,,141.2052,,,,,,
3741,,,,,,,,750.02,1577.3024,,,,,,,,,
3742,,1339.3081,1671.9431,,,,,,,,,,,,,,,
3745,257.0861,,,,,,,,,,,,,,,,,
3746,,,,,,,,452.1001,,,,,,,,,,
5707,29041.871,,,1639.2204,9582.217,,,,,,,,,,,,,18322.6675
5708,5884.7935,,,1419.9691,2906.1953,2093.6525,1442.3467,2613.438,,652.5925,1087.7409,853.8534,,1455.7142,1353.4031,1446.6758,,6940.757
3748,151.3167,,,,122.6956,,,,,,,,,,,,,
3750,1830.0319,,,,1091.647,,,,,,,,,,,,,3064.0331
3751,1801.1523,,,,1184.1697,,,,,,,,,,,,,
5709,,,,,,,,145.9273,,,,,,,,,,
3754,,,,,,,,,,,,,,,146.2935,,,
3755,,,,,,436.7418,546.2839,747.6705,,,,,,,,449.6674,,266.0667
3757,,,,,,304.055,874.6836,,,,,,,238.2681,,,,
3758,,,,,,,,,,,366.3472,282.1843,,288.7735,,344.5414,,
5711,5765.037,,,1351.8721,2779.4966,2045.1578,1412.9286,2526.521,984.9863,631.0028,1080.3612,825.8792,187.8301,1388.0264,1328.2081,1364.6219,,6768.0964
3760,685.4833,,,,421.449,,,,,,,,,,,,,
3761,,,,,,,388.6115,441.6263,,,,,,,,,,
3762,,,,,,,,626.8418,,,,,,,,,,
3763,,,,,,327.8246,331.1433,396.1432,,,,,,,331.403,382.37,,
3764,,,,,,,,,,137.8995,348.393,,,260.4384,,,,
3766,,,,,,1162.7641,6036.888,2225.4208,,891.1328,4865.3964,743.6191,,847.0451,12042.1414,15617.3277,,3417.9937
3767,,,,,,,315.569,,,,,,,,214.7136,321.1169,,
3770,,,,,,,118.3094,,,,174.165,153.4565,,,,147.7736,,
3772,,,,,,,1099.5025,414.1916,,,841.6566,,,,2285.1146,2811.0619,,632.9811
3774,,,,,,,154.5327,,169.0132,,145.0179,,156.6194,128.038,139.3294,,,
3775,,306.0652,363.6894,,270.5211,,,,,,,,,,,,,
3776,,,,,,184.2566,,,,,363.6477,266.5631,,,,252.1722,,
5714,,,,,,,,,,,,,,,,1165.1174,,
5716,1921.5157,,,,940.0183,669.7968,477.7839,779.3234,,,346.5764,263.561,,429.3145,445.1346,465.6397,,2335.6431
3777,,,117.3061,,,,,,,,,,,,,,,
3778,144088.28,14200.111,1855.3389,41048.5045,68274.68,,,,,,,,,,,,,159617.765
3782,,,,,,954.1798,905.0392,998.1202,,,349.7709,,,475.0794,,534.6708,,361.4106
3783,,,,,,,147.0126,,,,148.2036,,,,,,,
3784,,,,,,,1051.5545,,,,,,,,,,697.4075,
3786,,,,,,1642.2245,,,,,,,,,,,,
3787,,,,,,,,,,,72.8368,,87.9115,,,,75.3951,
3788,,,151.356,148.0516,,,,,,,,,166.9401,124.4675,,,,
3790,,,,,,,,338.3635,,,303.2547,262.7986,,289.5243,279.2335,284.691,,
3791,232.8913,,,,,,,,,,,,,,,,,
5719,,,624.3578,,616.2696,,,,663.8549,770.3852,,,,,,,,
3793,12210.692,,,3465.03,5888.551,,,,,,,,,,,,,13721.5062
3794,,,,,,,,,262.5599,,,,,,,,,
3795,,,,,,1301.9796,,2161.3138,,774.7094,2060.151,1788.0558,,,,2046.8905,,1177.5336
3796,,,,,,,167.9042,,,,,,,,,,,
5721,182.0248,,195.8081,,199.206,,188.8412,193.5688,194.5737,209.5281,170.76,201.438,,,177.6678,183.5518,,
5722,,,,,,,618.2208,876.0108,,,1149.1402,1007.3284,,801.2987,763.6408,953.8527,,
5723,632.8076,,662.1581,,,,,672.5916,,,,661.0085,,675.0323,,,,
5724,6869.82,658.1916,,,3530.4124,,,,,,,,,,,,,6910.6481
3801,,,,,,,255.2588,,,,237.1999,,,,,,,
5727,1665.9749,154.6572,,430.0672,819.4175,,,,,,,,,,,,,1666.4992
5728,,,,,,1327.1879,,,,,,,,,,,,
3803,,,,,,188.6426,,,,,,,,,,,249.6216,
3804,,,,,,,,,,,186.8591,149.3658,,,,159.7813,,
5729,,,,,,239.5482,209.2674,,,,390.6065,,,271.7481,256.771,,,
5730,184.8969,,189.3369,,,183.7843,201.7491,191.8303,,,,,209.4021,,208.9248,221.0892,,189.9812
5731,13020.456,1243.3192,,3522.4959,6575.194,,,,,,,,,,,,,13824.6806
3808,895.6523,,,,662.5424,,,,,,,,,,,,,688.2883
3809,5623.1655,615.9307,104.2896,1280.1502,3221.8093,,,,,,,,,,,,,10025.4843
5733,262.3408,,,,,,,,,,,,,,,,,
3813,,,,,37.001,,,,,,,,,,,,,155.7223
3814,,,,,,,,,,169.2018,,,,182.5439,,,,
5734,4210.9634,341.4983,,1027.4289,2139.8801,,,,,,,,,,,,,4170.5967
3815,5156.272,,,1168.1884,2798.316,,,,,,,,,,,,,8617.1818
3817,,,,,,,,,138.7135,,,,238.6642,,,,,
3818,,,,,,,,,,418.5366,,447.3704,,,430.1096,716.9772,,
5735,140.7848,151.4349,,,,,,,,,,,,,,,,
5736,11168.357,,,,5780.706,,,,,,,,,,,,,12295.9838
3823,,,,,,405.0278,,,,,,,,,,,,175.3191
3824,,,,49.9738,145.7953,,,,,,,,,,,,,294.1798
3825,,,,,,,264.3044,,,,,,,,,,,
5737,1536.7778,,,386.5955,674.3652,,,,,,,,,,,,,1480.639
3826,1891.1002,168.8966,,432.2454,979.496,,,,,,,,,,,,,3109.4821
3827,,,,,,,1150.664,,,,,,,,,,518.7309,
3831,,,,,,,232.0161,,,,151.7806,,,,,,,
3832,,,,,,120.0674,,,,,197.2038,169.6233,,,,,,
5738,,,,,,1896.6356,1619.0892,2436.5428,,,1093.6997,,,2014.9897,1966.1177,2247.1874,,
3833,,,,,,,,,,,,,,302.6939,293.6427,326.2466,,
3834,457.9843,,,,241.3109,,,,,,,,,,,,,551.4724
3835,,,,,,,,,144.7804,,,,,,,,,
3836,,111.0959,,,,,,,,,,,,,,,,
3838,,,,,,,,,,,,,,,,1115.0861,,
3839,,,,,,,,,,,230.5937,183.976,,,,,,
3841,,,,,,,,,,,,,,414.3618,,,,
5739,691.4506,,,620.969,613.6505,,,,282.7932,,,,249.4843,,266.9426,,244.2638,508.0892
3842,740.1545,766.1321,608.4462,,950.0782,,,873.7056,756.3486,784.0144,,,413.9447,937.0089,867.7694,728.872,,
3843,,,,,,,,140.0031,,,120.7866,,164.5393,141.5541,132.0922,,,
3846,,,,,,,,907.3226,,,557.0276,516.4086,,1435.3708,1232.91,1331.4011,,
3847,,,,,,,,,,296.583,880.207,,,,,951.2199,,
3850,,,,,,,689.9637,387.0725,,,493.2882,,,,661.2772,507.3287,,166.6882
3852,,,19177.355,,,,,,,,,,,,,,,
5741,,,,,,125.1942,,172.6581,,33.5017,73.9448,,,,135.0298,156.9476,,
3854,,,,,,,1137.1485,914.9185,,,,284.292,,,,547.3473,,
5742,,117.1407,,164.6612,131.2066,,,,62.0843,,,,,,,,61.4253,
3856,,,308.0688,,257.5169,,,,,,,,,,,,278.7944,
3857,,,,,,180.8507,265.6176,394.8523,,,,,,,,266.1232,,133.9568
3858,,,5001.6174,,,,,,,,,,,,,,,
3860,,,,,,,,,,,313.9954,,,,,,,
5743,,,,,,,245.0803,,,,,,,,,,,
3861,,,,,,,3452.6864,,,,,,,,1194.5465,1121.5104,,
3863,202429.64,21195.281,2486.0007,57806.2852,115306.336,,,,,,,,,,,,,221141.3875
5744,,,,224.6217,219.151,,,,,,,,100.5121,,,,105.1164,172.7458
3864,351.9856,,228.7643,,369.8769,,,,,,,,,,,,,
3865,2135.639,366.8713,,,1470.759,,,,,,,,,,,,,2155.0486
5747,,,,,,,,,,,,,,,,,,278.4384
3866,,,,,,,,,,,,,,,,,,980.0757
3869,,,,,,,458.4644,,,281.8263,,,,,,1351.1983,,
3870,,,,,,6563.0473,6724.7147,6907.7122,,,2822.1416,,,,,,,2025.6004
3871,,,,,,,,,,,,,,368.6016,,,,
3872,,,,,,691.5782,824.1695,890.1286,,,,,,,,909.8459,484.1686,
3876,95.9403,139.9958,,,,,,,,,,,,,,,,
3878,,,,,,,,304.8252,,,,,,179.5005,,170.7627,,157.3197
3879,595.1116,,,289.9974,372.3401,,,,,,,,,,,,,415.4354
3880,149.2904,,,,,,,,,,,,,,,,,195.0784
3882,,,,,,,,,,,223.7797,171.9175,,,,195.9019,,
3883,17978.68,2622.5615,,5643.2331,11010.066,,,,,,,,,,,,,20046.956
3884,1953.1487,,,,1114.8541,,,,,,,,,,,,,3052.0861
3885,,,,,,242.9599,216.7798,,,,,181.2748,,,,205.6353,,
3886,,,875.3301,,,,,,537.1816,,,,535.2251,,,,,
3889,,,,,,,,,,,248.4398,239.2163,,280.8331,,336.422,,128.7337
3890,,,,,,,113.4574,380.6094,,,,,,,,113.2158,,
3892,5621.3755,600.0955,,1259.1623,3094.185,,,,,,,,,,,,,10346.0368
3894,522.9541,,,,,335.4165,,,179.9584,,,,,253.1784,,,,830.6548
3895,377.6016,,,99.2371,,,,,,,,,,,,,,621.1962
5749,,,,,,,,172.5755,135.2375,112.9698,,,,428.7541,105.8552,,,
3898,1230.4774,,,,,1756.1419,2597.2687,3866.4945,766.2334,,,,,,,2424.1674,,4131.9203
5751,,,,,,,,,,,,,,1912.9042,,,,
3902,,,,,,161.4006,552.3341,443.8591,,,,,,,,,,
5752,,,,,,850.2085,778.5419,1062.2335,,744.3506,1404.0005,1299.7228,,1046.5531,906.8374,1244.2519,,
5753,,,,,,,,,,,,,,1555.8159,,,,
5754,,,326.0995,,,,,,,,,,,,,,,
3903,,,,,,,,453.4456,,,186.1106,,,,,,,799.3691
3904,,,,,,,424.799,,,,,,,,,,,
5755,11884.811,1162.9711,,3364.5751,6179.5063,,,,,,,,,,,,,12731.0345
3908,,,,,,,4732.1277,1743.1303,,,3958.7179,,,,10335.3904,13254.9737,,2866.3948
3909,,,,,,,,,,,,146.453,,231.3267,168.9546,,,
3911,,259.7204,320.0798,,,421.4645,466.2614,444.0679,,,504.9395,443.5292,,509.8648,555.0294,569.7561,,348.3179
3913,122.3549,,,,,,,,,,,164.8745,,,,,,
5756,,,,,,,,,,,,,,819.9543,,,,
3915,,174.9104,147.932,,250.9368,,,,,,,,,,,,,
5758,,,,,,,,196.8444,,,,,,,182.031,,,
3918,171.0642,,,,80.886,115.0524,,126.3356,,,,,,94.182,,101.4402,,268.7494
3919,,,,,,,650.6138,,,,,,,,516.1186,529.6146,,
3920,,,,,,,217.7537,,,,207.0698,,,,,224.6812,,
5760,,171.7639,,,,,,,,,,,,,,,,
3922,,,,,,,,,,,,,,184.9201,,153.2778,,
3924,,,,,,,410.9022,,,,,,,,,,,
3926,512.1521,,,202.7542,295.8769,,,,,,,,,,,,,289.6591
3927,,,,,,538.1119,,,,,,,,,,,,
3928,,101.8549,,,,122.9538,,,,,,,,,,,,
3931,,,,,,,,,,,,,157.2539,,,,,
3932,,,,,,262.4872,426.7743,343.8334,,,,,,,,,,
3939,83.0859,,,,,,,,,,,,,,,,,
3940,,,,,,208.8444,804.9462,,,118.8783,749.2082,,,,578.0929,869.613,,197.3508
3942,,,,,,,1496.7825,1470.319,,1119.6602,2332.2772,1764.7985,,1720.5962,1498.994,1785.2859,90.669,836.6725
3943,,,,,,,,,,117.7978,,,,,,,,
3944,,,,,,529.2825,,977.1489,,,,,,760.0474,976.0905,1309.4163,,363.8231
3947,,,,,,,,586.7126,966.4661,,,,,,,,,
3948,,,,,,,,,,,172.049,,,,,,,
3949,,,,,,597.9575,715.0647,761.8105,,612.6506,1120.9914,904.5922,,821.0293,737.8918,856.4087,,
3952,,,,,,,,293.316,,,,,,,,,,
3954,,,,,,,869.6567,264.5576,,,984.9555,298.0563,,,714.382,582.601,,
3956,,,,,,639.6999,,,,,,,,920.9442,,,,
3958,,,,,,,,,,,,,467.4144,,,,,
3960,,,,,,2596.6521,,3113.9128,,,,,,1839.7434,,,,1304.1815
3964,,166.3837,,,,,,112.6011,,,,,,,,,,
3965,,,,,,289.2375,277.9139,,,260.9469,318.8965,,,239.7135,,,,
3966,,,,,,,,,,,361.1471,278.1242,,,253.9072,261.1826,,
3967,,,,,148.277,,,,,,,,,,,,,
3971,,,,,,725.5499,856.1766,720.6297,,,577.9436,,,402.7511,454.6415,395.4812,,316.0145
3972,,,,,,278.4817,,285.7186,252.2154,,,,,,226.6982,,,
3975,559.622,,,,297.7086,,,,,,,,,,,,,
5764,141.4727,,358.3197,,172.1916,,,,,,,,,,,,,
3978,,,,,,,,,123.8824,,,,,,,,,
3979,,,,,,,108.6506,,,,,,,93.9474,,,,
3980,,,,,54.1428,,,,,,,,,,,,,
3983,,,,,,,,,,150.9016,,,,,,,,
3984,,42.6526,49.3376,,,,,,,,,,,,,,,
3985,,,,,,6724.5367,6861.4797,7022.063,,,2895.1073,,,,,,,2084.9687
3986,,,,,,69.2308,,53.4789,61.4807,,,,49.3825,,60.4365,,,
3987,,,,,,,82.4461,,,,,,,,,,,
3988,241.7608,,,,103.6674,,,,,,,,,,,,,
3992,,,,,,615.0158,3812.7815,1817.0651,166.189,816.6101,5138.8417,1844.6405,,609.9151,4421.8045,3804.8996,172.9931,836.3897
3993,,,,,,,593.0538,,,,554.3368,,,,477.8421,,,
3995,,,,,,,,,229.6347,,,193.3158,,,,,,
3996,,,,,,,,,,,,,,,,159.97,,
5768,,,,,,,,,,,,,,,,,,211.4628
3997,,,,,,,,,,,,,,,,,,613.1818
3998,,,,,,249.4906,,430.2424,,534.8724,1148.567,558.9207,,,1196.2015,1737.8886,,443.5283
5769,327.1162,,,,,,,,,,,,,,,,,378.3058
4001,130.7011,162.2983,205.3098,,172.1374,,,,,,,,,,,,,
4003,,,,,,,73.7271,,,76.7901,161.449,60.6907,,,185.9194,257.2299,,
4004,16406.059,1796.5337,228.75,3281.6759,9261.236,,,,,,,,,,,,,35070.6702
5770,11194.121,1241.4562,117.1107,3601.0216,6505.034,,,,,,,,,,,139.3574,,19783.345
5771,,,,,,424.1401,,,,,692.7142,642.8226,,507.3794,410.6006,594.0054,,
4006,,,,,,266.759,,,,,,167.1839,,317.7722,333.1442,,,
4007,,,,,,,176.1542,,,,,,,,,,,
4009,1242.1237,,,,,,,,,,,,,,,,,
4010,132.4226,,,,138.1389,330.0537,,,297.9406,,258.2497,305.8339,233.8672,,215.7909,217.3136,276.6687,
4012,,,,,,,,,,,,,,,243.9883,,,
4013,,,,,,,,,,,,,,,578.2724,,,
4014,,,,,,6229.192,6438.3623,6704.6798,,,3079.4298,,,,,,,2257.5218
4016,,,,,,172.2638,,,,,,,,,,,,
4018,407.9916,,,,,,,,,,81.9135,,,,,,,236.8231
4020,709.7206,105.0398,,159.3895,436.7907,,,,,,,,,,,,,1595.616
4021,559.9337,391.8625,369.5556,,537.7037,,524.6473,296.2591,390.1833,363.1774,369.7804,331.303,389.7812,420.5872,,585.1644,,
4023,,,,,,,141.0491,,,,,,,121.1085,145.3785,,,
4025,,,,,,,578.0652,468.1511,,,,,,,,538.1203,,
4026,731.0565,,,,,,,,,,,,,,,,,
5777,11980,1153.4777,,3192.0058,5980.2993,,,,,,,,,,,,,13082.3805
4027,,,,,,262.0044,268.9354,277.4509,55.4812,,113.8961,,85.4721,,,50.7692,,
5778,,,,,,2386.6977,2261.465,2389.8478,2150.3914,2467.3709,2027.4697,2287.9387,,2506.1041,2359.9788,2338.9928,,
4029,,,,,,,,596.5386,,,,,,,,,,
4031,,,,,,,629.3228,644.9594,,,1138.254,558.4707,,,279.1039,1024.5931,,
4034,214.9208,,,,75.92,,,,,,,,,,136.0012,,,159.2364
4039,,,,,,,,,,148.828,,,,,,,,180.9015
4040,,,,,,,,,,,,292.4132,,,,240.5353,,
5779,,84.3832,,,82.217,205.4657,197.3205,217.2305,,,174.2202,248.7097,132.1691,189.8761,,,128.0576,143.9407
4041,,,,,,,318.8301,313.2198,,,,280.0485,,361.4693,298.3592,441.4285,,
4042,4831.9004,,,900.9988,2688.3945,,,,,,,,,,,,,18061.3632
4043,,,,,,272.3927,333.5368,456.9574,,201.3048,343.401,367.0547,213.6773,,178.8974,373.5185,150.354,334.5209
4044,222006.7,20120.73,2024.6737,55832.5465,112575.21,,,,,,,,,,,,,239688.4325
4045,,,,,,792.8058,1109.6998,1363.8176,297.6252,210.6762,211.5716,253.2329,,,,751.4891,,447.5802
4046,,,,,,,,,,,,,,,,,,277.773
4048,,,,,,,,184.1073,,,,,,,,,,
4050,,,,,,,,,,,,,,151.4414,,,,
4051,,,,,,,,,,,,,,,,900.4917,,
4052,,,,,,,488.3065,187.507,,,370.6504,,,,276.8241,519.6796,,
4053,,,,,,,,2832.7348,,2437.0165,4473.8942,3699.979,,3322.7783,,,,
5780,,,,,,,,,,,,303.0843,,,,,,
5781,3169.4023,259.9267,,,1378.3536,1082.5904,,1301.0329,,,,,,747.3959,684.0461,745.0289,178.4503,3768.6106
4054,,,,,,,,218.9154,,,,,,147.1382,128.8189,,,
4055,,,,,,,,,,,654.3109,,,,,,,
4056,,,,,,1067.9524,1259.4239,988.782,,469.1944,949.5761,,,954.0979,793.145,718.9062,,431.3833
4057,,,,,,,,,,,,,,651.5729,,,,
4060,,,,,,,188.2402,,,,,,,,,,,
4063,,,,,,896.3342,1012.8568,1014.2937,424.8218,840.0502,1535.7109,1241.8052,,1100.6216,1002.1907,1285.1803,,584.7896
4064,,,,,,143.6344,204.3431,151.0069,,,,,,,,,,
4065,,,,,,,1153.7786,1111.265,,,1564.9351,1374.1492,,,,1360.7008,,
5785,3049.2874,,,,1357.9476,1077.5922,,1301.9491,,,,,,,,742.7723,171.0484,3718.9143
4066,,203.1413,190.9512,,,,,,,,,,,,,,,
4067,,,,,,,,,,,,,,,404.2244,,,
4068,,,,,,,,,,,,,126.7616,,,,,
4069,229.6867,,198.2925,,195.8734,451.8164,451.7153,,,480.7109,,526.6223,306.1154,513.7012,,,305.173,
4070,,,,,,,491.2185,,,,,,,,,,,
4071,,,,,,759.8454,,,,,,,,,,,,
4072,,,,,,,226.0323,232.1427,,,353.0095,326.2676,,279.5442,,332.3156,,
5786,428.0239,,,104.2422,190.6018,155.1517,106.0587,213.1398,,,72.8264,,,,,,,549.0473
5787,17405.006,1938.676,172.7895,5098.1338,9402.848,,,,,,,,,,,,,21001.897
4074,19387.967,1641.551,,3881.3922,10022.401,,,,,,,,,,,,,32876.9575
4075,,,,,,,,,188.4338,,,,,,,,,
4076,,,,,,,,267.1607,,,370.1818,,,,239.9837,286.9529,,
5789,1042.8256,90.2715,,,450.4617,369.8429,,,160.6934,,,,,,217.8155,,,1254.1522
5790,,,,,,,,,,,283.4354,,,,,,,
4077,5149.812,419.689,,1071.5035,2223.8818,,,,,,,,,,,,,8880.3668
4078,,,,,,,453.3975,,,,,,,,,,,
4081,,,,,,441.3051,2772.0082,1276.7373,416.176,697.3194,2183.9285,972.6504,,,1899.7827,2769.1908,557.7298,1019.7242
4082,,,294.8056,,275.2712,,,,,219.7512,211.8017,207.7377,,226.8722,,,,
5791,1527.6364,,,441.1763,833.3501,,,,,,,,,,,,,1867.3276
4084,1564.5994,,,352.2947,801.4246,,,,,,,,,,,,,2651.9525
4085,,,,,268.9097,,,,,,,,,,,,,1752.034
4086,,,,,,,,,,,213.6381,,,,165.6862,395.8238,,
4087,,,,,106.6528,,,,,,,,60.1997,,128.3469,186.2551,,
5792,,,,,,,,349.2936,,,,,,,,,,
4089,,,,,,261.7758,,355.6134,,,,,,429.7914,,510.4519,,
5793,297.2761,,,,148.3499,,,,,,,,,,,,,395.0474
4090,,,,,85.0471,,,,,,,,,,,,,553.6738
4091,,601.9703,812.1014,,336.4888,,,,,,,,,,,,182.5663,
4092,,,,,,,,,,,283.5886,,,,,,,
5794,,,96.765,,,,,,,,,,,106.0541,98.2788,105.5158,,
4095,63.108,124.9384,137.9172,,,,,,,,,,,,,,,
5795,301.1882,343.265,,,,,,,,,,340.1033,,,,,,
4099,5743.0063,,,,2867.261,,,,,,,,,,,,,20134.9402
5796,93.0284,97.8108,100.5658,,,,,,,,,,,117.4834,110.8254,,,
4104,5160.426,,,1373.56,2614.5376,,,,,,,,,,,,,7134.5272
4105,,,,,,,,,,,,,,,,136.6877,,
4107,,,,,,,,568.1231,212.6754,,,,,,,,,
4108,,170.6094,,,160.3541,373.4291,464.4054,458.8348,280.1417,370.9623,551.4854,521.7811,199.9647,489.8754,532.2594,639.5319,,
4109,,55.7712,,,,,,,,,,,,,,,,
4110,,,,,,,,,,220.7807,1538.7881,505.3102,,,,709.6024,179.4783,
4112,162.9782,,,,,,,,,,,,,,,,,
4113,,,,,,,,,37.3041,,,,,,,,,
4114,,47.4886,60.6383,,46.509,,,,,62.1972,,,,,,,,
4115,,,,,,,100.3821,,,59.6356,453.7705,129.1679,122.1416,111.5506,141.9097,183.0571,,108.2909
4116,193.6139,442.3318,389.5907,,239.6978,,,,,,,,,,,,,
4117,,,,,,,,274.4603,,,,,,,,,,
5800,,,,,,,,,,,,,,,,,,190.0194
4118,3787.318,,,,2199.476,,,,,,,,,,,,,6061.7502
4119,224736.94,19887.527,2227.6477,57133.804,112451.805,,,,,,,,,,,,,250161.0225
4120,,,,,,,,,,,395.5803,,,,247.0484,326.5928,,
4121,300.4528,780.4297,1010.8484,511.864,414.2374,507.0084,481.9137,471.4213,427.2235,,342.4755,,,438.273,371.2229,,388.5975,
5802,240.8468,,,,,,,,,,,,,,,,,
5803,50.0571,,,,,,,,,,,,,,,,,
4124,,,,,,,318.1401,,,,,,,,,,,
4126,,,,,35.4986,,,,,,,,,,,,,150.9429
4127,,,,,,,397.4529,359.1236,,,507.2383,258.416,,,,411.0575,,
4131,,,,,,,197.5137,194.5205,,,204.4753,,,210.4946,,227.8322,,
4132,1193.5713,,,,766.3168,,,,,,,,,,,,,
4135,792.0508,,,,,,,,,,,,,,,,,2401.2663
4136,,,,,,,280.6886,,,,,,,,319.6338,233.986,,
4139,342.6721,,,97.7147,205.9366,,,,,,,,,,,,,491.9085
5807,599.8738,,,241.8164,387.0708,,,,,,,,,,,,,592.6181
4140,8040.3604,897.3577,154.9698,2790.6314,4752.4473,,,,,,120.8756,,,,,,,16038.5008
4143,,,,,,949.189,1251.9112,1753.7487,397.2511,196.4998,307.2167,294.4294,,,196.9912,741.4984,,509.5986
4145,,,,,,,2428.866,2779.2994,,,4005.9401,3392.4198,,2987.462,,3362.4682,,
5809,305.0831,350.6482,,,,,,,,353.3469,,,,,,,,
4147,,,,,,,608.1674,747.6672,,,733.2634,,,,,801.5472,,
4148,1006.9039,,,,,,,,,,,,,,,,,4110.0745
4149,,,,,,5463.854,5615.2637,5679.061,,,2666.3023,,,,,,,
4150,,,,,,228.4336,,199.5454,,,,,,322.0604,476.271,,,
4151,,,,,,585.9802,769.7644,657.6056,517.0201,,,,,,,,,
4152,,,,,,,,,,,295.1966,,,,,,,
4153,,,,,,,,,,,,,,,65.2336,,,
4154,,,,,,615.736,,586.9464,,,,567.3003,,,,634.1917,702.2013,779.8231
4155,,,,,,107.914,,,138.5071,,,,,,,,,
4156,,,,,,140.6795,204.0568,240.7611,,,191.8882,285.975,162.8951,,,163.5066,,
4157,,,,,,,,,556.5017,,,,,,,,,
5812,,227.0004,275.26,252.2855,167.403,236.6338,,250.7156,245.4379,277.894,,,236.6607,306.4592,233.1618,,236.7667,
4160,,,,,,1382.7954,2030.7652,2175.0752,1021.9344,1191.5216,3209.0057,2271.9668,,914.4142,1117.8613,3810.6256,,1041.6448
4161,,,,,,,,,,281.0468,,,,,,374.3173,,
5813,,,81.8726,52.9227,,,,,,,,,,,,,51.5382,
4163,,,,,,,269.2332,,87.1679,,274.8035,,,,,283.3166,,
4165,,,,,,,,,,,,,173.1847,,,,174.1937,
4166,,,,,,139.8872,167.2232,168.4989,,,259.0517,,,,,,,
4168,,,,,,,,,130.4794,,,,,,,,,
4169,516.474,,,,,,,,,,,,,,,,,
4172,,,,,,2792.8751,4038.5608,5661.9619,,,,,,,,2750.1692,,1665.208
4173,,,,,,,,,,,189.8501,,,,,,,
4174,,,,,,,,159.9851,,,147.1019,237.2727,,,,152.6444,,
5816,241.9842,,,,,,,,,,,,,,,,,150.3143
4176,,,,,,797.7878,991.9236,1590.6473,330.2331,168.2414,248.5252,181.5922,193.2238,,,731.3661,,429.879
4177,,,,,,98.6786,512.6336,252.8386,,,120.3267,,,,,132.1149,,
4178,,,,,,,,,,,180.6543,,,,,118.9543,,
5818,,,,,,,,,,,,,,,,,,2080.3571
4179,91.5007,,,,,,,102.4138,,,,,,,,142.379,,
4181,,,471.5413,,,,,,,,,,,,,,,
4182,,,,,,,,,,,,,1330.4855,,,,,
4184,,,,,,,151.9288,,,,,,,,137.0852,,,
4185,,,,,,,,,,,,,,,,211.8201,,
5820,192.4622,,181.5146,226.7885,204.3671,359.7387,253.4013,,329.763,384.9483,422.3191,380.741,460.02,488.1793,377.0544,787.3114,395.8981,
4186,,,,,,,279.3198,,,,,,,,,,,
4187,,,,,,,,,,,284.9789,221.725,,,,,,
5821,340.2558,,,,212.6177,,,,,,,,,,,,,279.1153
4188,6779.843,614.7087,,2033.9746,3655.6375,,,,,,,,,,,,,8520.9336
4190,,,,,,,,,,,143.4483,117.1509,,,,,,
5822,,,,,,,,,,,,,,,,,,175.5485
4193,,,,,,,383.777,,,,,,,,,,,
4195,,,,,,,,,,,,110.5355,,,130.0763,,,
4196,,,,,,,,,,,149.4735,,,,,,,
4197,547.4522,66.4083,,162.1553,275.6551,,,,,,,,,,,,,672.0801
4204,,,,,,,334.1234,,,,,,,,,,,
4205,,,,,,,646.5162,224.9907,,,241.1545,,,,687.0776,276.9998,,
4206,,,,,,,,,,,,,,238.5318,,,,
4207,,,,,,,,,,,200.3984,,,,,,,
4208,,,,,,,,,,,,,,,,,,196.1605
4209,,,,,,,446.6068,,,,,,,,,,,
4210,,,,,,,510.9404,230.4402,,,,,,,567.1537,533.6853,,
4211,,,,,,,,,,,,,,93.6269,,104.8255,,
5824,,,,,,190.8415,,,,,,,,175.396,,187.3631,,
4212,,,,,,282.6598,401.1058,436.647,,,166.028,,,296.406,238.0211,400.1518,,
4213,,,,,,,,,,,158.842,,,,,,,
4214,23493.043,,267.2848,4159.233,12792.538,,,,,,,,,,,,,71075.0608
4216,,,,,,394.7026,364.39,286.7374,207.1682,318.8795,324.551,373.7817,,466.1522,361.5293,385.4009,,273.9989
4218,398.1555,,,,217.3715,,,,,,,,,,,,,
4219,,,,,,,,,,,150.7562,,,217.8624,,213.2921,,
4220,,,,,,,,,,,1232.4693,,,,,,,
4221,,,,,300.8966,,,,,,,,,,,,,
4222,109.9564,,,,,,,,,,,,,,,,,218.7936
5825,908.533,,,,497.9998,,,,,,,,,,,,,1383.168
4223,12340.668,1503.8878,,3059.4199,7373.217,,,,,,,,,,,,,19399.3123
4226,,,,,,,,,,,,199.7013,198.6074,169.2216,,,,
4228,,,,,,8224.4684,8392.4889,8467.7085,,,3864.6828,2162.0311,,,,,,2829.0093
4229,,,,,,,,,,63.7756,,61.6021,,,,,,
4230,,,156.7192,,,,,,,,,,,,,,,
4233,,,,,,440.1731,3163.937,1452.0273,,418.5105,4147.0872,1286.9753,,703.3936,4346.2054,4257.2608,122.0893,792.2122
4234,,,,,,,502.4813,344.6076,,,370.867,,,,539.1338,764.0614,,104.8229
4235,189.2548,241.4813,,,,,,,,184.2181,114.0034,159.8163,,,164.2979,,,
4236,,,,,,,,,131.3647,,,62.4288,,69.831,,,,
4242,,,,,,,,,219.6285,,,,,,,,,
4243,,,,142.688,,167.9632,132.1533,,,,,,,148.9958,164.825,,,123.5739
4244,,,,,,,,,,,,114.7952,,,,,,
4246,1025.5481,,,,486.5331,,,,,,,,,,,,,947.0375
4250,1090.2803,,,,,,,,,,,,,,,,,3159.5745
4252,,,,,,5821.2606,5960.5811,6198.5417,,,2978.4998,,,,,,,
4254,178.6944,,,,76.8994,,,,,,,,,,,,,
4255,,,,,,,168.7702,,,,,,,,,,,
4257,,,,,,171.8738,222.901,281.0202,,193.435,298.1679,357.7936,,179.1307,,,146.2599,213.677
4259,,,,,,384.9595,360.7812,383.3489,148.5714,,,,,,,,,
4262,,,,,,,,326.541,,,,194.0367,,,,862.4019,,
4264,,,,,,454.04,,,,422.3816,,,,,456.5769,,,
4266,,,,,,587.1365,656.9432,715.008,,,,,,,,627.2998,367.8448,
4268,,,,,,174.3992,191.8719,212.7102,,163.5601,285.5218,238.5103,,212.8688,,233.6527,,
4270,,,,,,,,,169.351,,382.2306,660.8908,301.8522,293.5896,229.6053,,191.1722,
4271,,,,,,884.1549,1005.1222,1467.7851,288.6279,,,,161.3405,,,718.0053,,448.721
4273,,,,,,,,,,,,226.9162,123.7004,108.902,,,,
4274,,,,,,,180.0426,174.3877,,164.7231,,224.8158,,192.2791,184.5437,,,
4275,,,,,,,270.2409,364.0747,,,,,,,308.875,,,
5827,,,,,,,,,,,,,,,,,,361.6854
5828,,,,,,410.8531,384.6285,,,371.1837,579.5162,506.6966,,466.3726,424.8412,510.0182,,
4282,,,,,,,,,,,,,,,,,,1216.4066
4284,,,,,,,,760.7158,,,,,,,,,457.581,429.6533
4286,,,,,,,,,,,,,,,,322.3974,,
4287,,,,,,,,184.7873,,,,192.2346,,,,158.1188,,
4288,,401.9416,473.014,362.1826,389.9221,,,,,177.7692,,,,,,,277.8221,
4289,,,,,,,,,,,,,,75.1119,67.8062,,,
4290,43.8329,,,,,,,,,,,,,,,,,137.4865
5832,9551.62,986.9954,,2687.2745,4867.175,,,,,,,,,,,,,18064.0192
4294,4795.1475,,,,3838.9705,,,,,,,,,,,,,18540.3857
4295,,,46.8282,,,,,,,,,,,,,,,
4296,9211.764,,,,,,,,,,,,,,,,,
5833,,,,,,,,,,,,,,,,,,880.3798
4297,48310.195,6363.3154,,11587.8637,28951.414,,,,,,,,,,,,,77986.1375
4298,,,,,,,,146.724,,,,,,,,,,
4299,,,69.7877,,65.2247,,,,,,,,,,,,,
5834,4026.8318,372.8196,,1116.8138,2048.4001,,,,,,,,,,,,,7707.5487
4300,1871.8047,,,,1505.037,,,,,,,,,,,,,7429.6444
4301,,,,,,,,,,,,,,2105.7961,,,,
5835,,,,,,,,,,,,,,,,,,2258.1105
4306,,,,,,,278.4706,,,,,380.8888,,,,,,
5836,318.402,,,79.4382,162.4885,,,,,,,,,,,,,587.9107
4307,,,,,107.656,,,,,,,,,,,,,
4308,,,,,,,,447.5861,,,,,,,,,,
5837,6349.894,,,1820.6589,3333.3645,,,,,,,,,,,,,7410.4751
4312,,,,,,,,,,369.2211,587.9206,,,,,,,
4313,202.4254,,,,,,,,,,,,,,,,,
4314,37.0072,,,,,,,,,,,,,,,,,
4315,,,,,,,,,,,486.2845,,,,,,,
4316,,,,,,100.713,664.0525,252.8215,,,554.5799,177.8645,,,332.4252,712.9598,,
5838,,,,,,,,,,,1330.1916,,,,,1467.0821,,
4318,6039.093,688.8459,,1175.0945,3678.383,,,,,,,,,,,,,16677.9755
4320,,,,,,,,,,81.8872,112.4218,,,,,,,
4321,89.1567,,,,,,,,,,,,,,,,,
5841,,,,,,342.5663,,,,164.8742,,,,,,,,
4322,,,,,,5084.3263,7669.7242,7408.3871,,3775.3438,9669.8627,4859.3749,,6637.932,7375.1227,8530.9957,,3958.7366
4323,,,,,,1678.1763,2380.0683,3398.6903,656.7124,364.1149,534.3166,462.1094,353.7938,,290.3148,1347.8297,,963.9903
4324,502.7598,66.1696,,121.7096,308.9858,,,,,,,,,,,,,1508.4338
5842,,,,,,274.3514,,,,,,,,280.4925,,351.058,,249.5123
4325,,,,,,3358.8262,3231.2171,3241.1672,,,,,,,,666.585,,
4326,,,,,,,167.9442,,,,140.0976,,,,210.5893,,,
4327,,,,,,,,,,,,,,,,742.9691,237.6428,
4328,,,,,,388.8107,522.5801,519.2572,,,717.1999,318.4041,,440.1156,479.1455,,,254.1313
4330,,,106.0401,,,152.7329,199.1885,231.4516,,200.9677,254.8309,311.5594,227.3067,177.2894,145.7133,194.7103,178.9405,220.7086
5843,,,,,,,,281.1049,,,,,,,250.5174,,,
4331,,,,,,,,,,,143.3564,,,,,,,
4332,,,,,,,,,,,,,,,374.2895,,,
4333,,,,,,,,,,,,306.1384,,,,353.041,,
4334,,,,,,,,,,,,,,,,115.9162,,
4335,,,,,,,1655.5337,,,,1337.0794,689.8331,,,1087.6728,2287.2925,228.0174,548.1268
4336,,,,,,,,,,,114.3646,,,,,,,
4338,,,,,,,,,,,202.8489,,,,145.3839,286.2232,,
5844,,,,,116.7547,,,,,,,,,,,,,
4342,,,,,,3407.7093,4797.5762,7114.4041,,,,,,,,2853.8996,,1739.8326
4343,,,,,,,,,,,143.0115,203.1576,,,,,,
4344,,,,,,946.5652,1294.526,1984.5474,,,,,,,,,,481.6666
4345,,,,,,,,244.2666,,,,,,,,155.5611,,
4346,,,,,,1057.267,1040.9044,1942.3982,,,,,,1658.471,1395.1699,,,
4349,,,,,,365.587,354.7339,662.9777,132.4316,,,,,564.555,468.0563,255.5285,,165.0263
4350,,568.5656,,,,,,,,,,,,,,,,
4353,,,,,,,,,,,,,,,,183.3297,,
4360,,,,,151.7465,142.1221,,160.9381,167.2113,,,192.2685,134.4897,139.6808,,,,
4361,100.4019,,,,137.1165,,,,,,,,,,,,,
4363,,,,,,203.4798,582.3897,484.1026,,219.5632,654.5138,477.6502,,136.9056,337.27,908.7249,,207.5909
4367,,,,,,,,,,,,,,,,275.0556,,
4368,,,,,,,,,,,247.6601,,,,,,,
4369,2402.7646,,,,1883.7434,,,,,,,,,,,,,7482.4428
4371,,,,,,,625.0175,271.0612,,,839.0546,,,,1170.9327,940.1412,,
4372,8153.2085,1393.8917,,3405.0752,5392.63,,,,,,,,,,,,,10235.9801
4373,,,,,,,,,,,210.1351,,,,,,,
4374,,,,,,,262.7141,,,,230.3976,,,,204.4144,260.7983,,
4376,993.8351,,,,751.6516,,,,,,,,,,,,,3047.0382
4377,,,,,,,,173.3635,,,160.6913,,,,,,,
4378,,,,,,,,,,,,,,,,,,687.5575
5849,,,,,,,,,,,278.0136,,,,,,,
4379,232.2818,,,,200.8017,,,,,,,,,,,,,770.3629
4380,,,,,,,,,,,1020.2711,,,,,,,
4381,381.0933,,,,,,,,,,,,,,,,,
4382,,,,,,,,,,,,,,240.8156,,307.634,,
4383,,,,,,737.3142,1827.2817,1724.295,823.176,954.2192,2464.4677,1810.2192,,1022.1118,1342.4615,3170.8155,224.7173,1286.334
4384,66.2933,,,,,,,,,,,,,,,,,
4385,,,,,,128.8699,245.7728,194.8867,93.1282,,482.5539,140.0467,,,211.4123,514.3408,,
4386,,,,,,5672.8895,5772.783,5904.2868,,,3248.2999,,,,,,,
4387,,,,,,,,,,,,,,276.663,,,,
5850,,,,,,,347.4089,,,,,,,,,,,
4388,,,,,,,568.3239,345.5009,,,448.4722,148.3872,,,602.9166,755.6099,,
4389,,,,,,,1571.3645,639.7554,,,1937.3368,453.7573,,283.0561,2931.3431,2315.8337,,385.1012
4390,,,,,,,,,,,,,,455.6555,379.7243,635.0813,,
4391,,,,,,114.8709,207.665,264.6718,,,,,,,,131.16,,
4392,,,,,,,,,,,,,,934.7479,,,,
4395,2094.3933,,,,1418.5074,,,,,,,,,,,,,3803.524
5852,582.1677,,,,,,,,,,,,,,,,,
4397,,,,,,,,,,,134.7218,,,,,,,
4399,,,,,,,,139.218,,,,,,,,,,
4400,,,,,,,,,,,,,,787.8823,,,,
4401,194.0856,33.0496,,,117.7766,,,,,,,,,,,,,
4402,,,,,,4431.5258,4435.6738,4518.6322,,,,1205.5225,,,,,,
4405,,,,,,,,,,200.3295,307.8611,140.4467,,,,,,
4407,,,,,,,159.8614,166.3534,,193.3338,225.6665,267.3383,194.1838,,147.6399,,179.7957,
4409,,,,,,,,,,177.7513,,,,,,,,
4412,,,,,,121.4879,292.3092,239.8639,,251.7739,502.7984,282.9471,,,,,,
4415,857.8577,,,,,,,,,,,,,,,,,210.5128
4416,,,,,,,,,,,,,,226.8108,,,,
4417,,,,,,,,,,,,,,,402.686,,,
4418,,,,,,729.334,1037.0412,1428.1516,241.344,,198.3426,183.002,159.2599,,,651.0837,,372.1435
4419,,,,,,152.5756,171.0581,176.4772,164.7869,,,,,,,,85.2778,
4420,,,,,,216.9125,318.7836,380.2651,,,,,,,,167.9264,,
4421,,,,,186.9714,,,,,,,,,,,,,
5853,346.4674,,,211.3211,,,,,,,,,,,,,,469.7727
4423,,,,,,,,,,,,,,,,293.5046,,
5854,129.5356,,,,79.9623,,,,,,,,,,,,,168.149
4426,,,,,,,1214.2687,921.4045,,1068.7921,1972.6814,1086.6305,,,,728.9332,,653.3324
5855,,,,,,427.9096,274.0224,291.9032,,,,,,,,,,
4427,,,,,,517.0442,,,,,,,,,,,,
4429,227.9586,,,,229.7441,235.1135,,,301.3144,,226.6713,290.1722,494.0588,,,,479.8872,
4430,,488.3,611.7624,,270.8948,,,,,,,,,,,,,
4433,,,,,,120.6072,128.9587,151.3243,126.4772,,,,,,,127.1423,89.5211,
5856,,,,,,,,,,,456.2967,,,,,,,
4434,,362.6361,452.655,,,158.7689,,,,,,,,,,,,
4436,,,,,,,,,,,,,,,374.6974,239.7647,,
4437,147.7056,,,,103.1221,,,,,,,,,,,,,
5859,409.729,,,,399.0428,,,463.412,,,,,,1000.1732,,617.9897,393.1282,
4439,38.7828,,121.3741,,49.5708,,,,,,,,,,,,,
4440,,,,,,,,,,,,,,137.0673,103.6648,59.7877,,
5860,,,,,,,,,,,,,,278.1547,,,,
5861,,,,,,,,,,,,,,,,135.5156,,
4442,155.3443,186.3589,203.932,,137.3942,,,120.5118,200.8922,155.6509,,79.5138,,113.3527,179.9263,115.5041,,
4443,,,,,,238.5076,244.322,297.6447,,,231.8039,261.7994,,575.4375,446.1564,1653.2341,,203.6976
4445,,238.2557,123.4996,,339.5198,281.4347,205.989,,205.8287,,196.36,154.8283,,,151.2834,160.7098,,
4446,,,,,,,,108.5626,,,73.8838,,,181.019,,493.3236,,
4447,141.5878,,,,115.7388,346.8584,,198.0095,198.8563,,,,197.9279,274.6979,,269.1702,222.1465,
4448,244.8881,,,,293.8518,,,,,,,,,,,,,
5862,564.1892,566.0521,577.5497,,548.8165,,,473.0909,,485.9535,,,,426.7049,,,470.1796,
4453,,,,,,,,175.0449,,,,,,,,,,
4455,,,,,,,,,,,,,,706.9514,,,,
4456,,,,,,,,,,,,565.9554,,487.4379,,,,
5864,66680.02,7525.5806,,19996.1022,34612.24,,,,,,,,,,,,,98324.8272
4457,4604.611,,,,2473.2097,,,,,,,,,,,,,14481.5608
4459,,,,,,,359.0761,,,,,,,,,,,
4460,,,,,,,,172.2118,,,364.2348,,,,195.3462,498.8612,,
4461,,,,,,,257.8092,242.2787,,,434.9225,308.2131,,277.8368,,296.3651,,
4462,,,,,,,,,,,,,,,,,,284.2999
4463,1650.5885,162.232,,,904.861,,,,,,,,,,,,,5326.88
4464,,,,,,,,,,,,,,1572.9526,,,,
5867,,,,,,,,,,,,,,791.3635,,,,
4466,,,,,,,,,,,,,,,,324.6428,,
4467,336.7862,28.1654,,40.531,188.0313,,,,,,,,,,,,,1075.7774
4468,,,,,,,101.8578,110.1485,,,,,,,,,,
4469,,,,,,,,,,,199.6782,162.9207,,141.0123,,146.1985,,
4470,,,,,,,,,,,,,,186.6221,,,,
4471,,,,,,,,,,,,,,489.136,,,,
4473,652.8729,,,,,,,,,,,,,,,,,
4476,,,,,,2875.1386,4124.1818,5722.2582,830.0674,,806.9823,695.2859,,,,2317.2813,,1372.7311
4477,,50.743,,,,,,,,,,,,,,,,
4478,304.9152,1688.11,9815.299,,151.8336,,,,,334.6048,,,,,,,,
5869,10800.95,1141.4948,,3152.4352,5842.319,,,,,,,,,,,,,22100.2157
4480,,,,,,,,,,,,,,,,170.0712,,
4482,,,,,,,,2075.4999,,,,,,,,,,
4483,,,57.1821,,,,,,,,,,,,,,,
4484,,,,,,843.8481,966.3896,1652.5961,,,279.5689,283.7337,,,,560.617,,434.6924
4485,,452.4174,,,,,,,,,,,,,,,33.5143,
4487,,,,,,,,,,,176.5567,223.068,180.4872,174.7112,143.7403,178.5448,167.7074,157.2782
5870,1164.8876,117.7927,,330.2874,600.4227,,,,,,,,,,,,,2386.506
4491,,,,,,,,,,,247.1827,,,,,,,
5873,218.9708,,,66.5913,,,,,,,,,,,,,,475.0737
4494,,,,,,,,,,,,,,,,,,1571.9559
4496,,,,,,3488.1316,4851.0141,6524.0656,1331.9007,933.5156,1047.6145,1174.2493,806.3703,574.9106,503.6503,3276.4472,304.3119,1960.1678
4498,,383.2011,529.2077,,,,,,,,,,,,,,,
4499,,,,,,1094.7259,1422.2167,1930.0627,290.0871,201.3543,383.4682,350.8826,269.9291,165.1487,155.0168,976.7105,68.8535,586.0241
4502,213.7205,239.3548,253.822,,,,346.7951,,,,493.1839,332.9684,404.0935,,200.5737,,403.8623,400.6785
4504,,,,,,,268.1888,238.3645,,,346.5094,,,,,476.9163,,
4506,,194.7633,209.123,,180.8263,,,,,,,,,,,,,
4509,,,,,,,,,,,1851.7119,1459.0091,,,1211.3379,1401.4764,,
5875,,,,,,353.5096,,,,,,,,,349.87,,,
4510,176.2021,596.2859,,,255.3138,338.3125,,289.8352,209.9426,,,,196.7669,256.8112,238.067,,209.7514,
4511,,,,,,,,,,,,,,,,,,1632.6171
4512,,,,,,,,,,,,,,,,,,238.9233
4513,,,,,,476.5763,623.1321,131.5634,,,,110.8142,,145.9171,129.8723,108.1139,,
4516,,,,,,573.7728,633.7907,584.4917,,481.1348,870.9179,738.837,,713.3784,,681.114,,
5876,1094.2919,178.831,,,632.2162,,,,,,,,,,,,,1478.5286
4517,4491.352,,,1861.4729,2991.1968,,,,,,,,,,,,,5155.6804
5877,,,,,,,,,,,,,,,,232.1833,,
4518,,,,,,,694.6991,263.4467,,,567.6113,,,,224.1131,704.6459,,
5878,,,,,,166.3907,,,,,,,,,,,,
4521,,,,,,,,,,,240.9851,,,,,,,
5879,,,,,,,,,,,,,,,,,,7268.1332
4522,6021.002,483.4508,,,2872.133,,,,,,,,,,,,,22726.834
4523,,,,,,,,195.8978,,,324.5102,260.2945,,,211.0294,251.6626,,
4524,,,,,,,718.2535,,,,500.9691,,,,1385.8646,989.8189,,
4525,,,,,,,,,,,,,,187.0093,163.1277,,,
4526,,,,,,,,88.9136,,,,,,,,137.6976,,
5880,,,,,,,,,,,,,,132.5521,,,,
5881,,,,,146.1466,,,,,,,,,,,,,
4528,45.2855,,,,,,123.3442,,128.5573,149.6851,158.8294,,,,,,166.3807,134.6606
4529,922.5012,,,,,,,,,,,,,,,,,2472.4044
4530,,,,,,,,243.3743,,,618.6255,314.5552,,,351.2627,376.8949,,
4531,,,,,,,1087.1109,506.2327,,,1148.907,362.365,,196.442,,1518.3043,,385.5111
5883,,,,,,,,,,,,,,,,,,206.3835
5884,210.5061,,,,115.8328,,,,,,,,,,,,,
4533,,,,,,4126.3061,4182.415,4337.4148,,,2528.135,,,,,,,
4534,,,,,,,,,,,,,,,155.7521,283.0213,,
4535,,,,,,,1018.6601,391.8332,,,1080.5094,110.5354,,,2082.321,1648.2687,,228.3284
4536,,,,,,1020.5598,1034.1997,1074.9917,,,606.6334,,,,,,,
4537,,,,,,,,,,,,,,,,,,413.6622
4538,,,,,,,,,,,,,,,,173.5679,,
4539,,,,,,,,,,,,,,,,,,138.4715
4542,,,,,,,110.6476,183.3995,,,,,,,,,,
4543,,157.4995,,,,,,,,,,,,,,,,
4544,,,,,,,,,,,,,,,,,,640.7482
5886,,,,,,,,,,,,,,474.6721,,,,
4545,,,,,,,,197.7794,,,,,,,211.5156,,,
4546,,,,,,2397.4167,,3049.4699,,,,,,,,,,
4547,,,,,,,,,,,209.5492,122.3742,,,,,,
4549,,,,,,801.0662,689.2631,677.8176,,,448.3318,248.4783,185.5759,,,,,
5887,,,,,,,,,,,,,,515.8461,,,,
4550,,,,,,,,,,,261.0224,,524.1002,,,,,
4552,,,,,,,,,,153.4053,,190.6573,163.9284,,129.1339,,149.536,
4553,,,,336.1929,,,,,,,,,,,,,,730.96
4554,,,,,,,,,,,,,,,,,,315.4317
4555,,,,,,,194.71,,,,126.0206,,37.8033,,,,,
4560,,,,,,,,,,,467.6054,177.1889,,,,,,
4561,,,,,,206.3547,814.201,627.4757,170.5068,258.7678,940.5256,566.908,,167.9087,412.2069,1139.958,,
4562,,,,,,,527.3403,489.7356,,,,,,,,,,
4563,,,,,,,,,,,2080.6182,,,,,,,971.2587
5888,,,,,,,,,,,,,,,211.7361,,,
4564,4707.7686,,,,2240.7583,,,,,,,,,,,,,17734.839
4566,,,,,,605.4143,816.9994,1161.7522,,,175.684,,,,,474.0937,,268.7665
4567,,,,,,172.4111,254.7915,413.0206,,,,,,,,139.2493,,
4568,,,,,,,,,,,770.6775,,,,,,,
4572,,,,,,,131.4233,111.4001,,,,162.7321,,,120.4128,,,
4573,,,,,,,,,,602.2136,1248.5977,831.8261,,,,,,279.0496
4574,,,,,,521.9929,1630.7493,1397.777,488.3763,733.1067,2132.6445,1276.6648,,475.2757,1098.0368,2566.6408,,697.4626
4576,,,,,,,233.4109,214.5439,,,,,,,,,,
4577,1594.5422,,,,,,,,,,,,,,,,,
4578,,,,,,,200.3868,229.4135,,195.52,,,,200.1206,225.0121,403.4032,,
4579,,,,,,115.786,223.9194,199.7293,67.956,,461.9457,225.0122,,,117.9877,499.9462,,
4580,,,,,,183.7125,189.2364,291.4198,,,,,,,,385.2822,,
4581,,,,,,,,111.0249,,,,,,,,,,
4583,,,,,,261.2037,,230.7926,208.2331,175.0232,,,,,,,,196.273
4585,,,,,,,61.4741,90.159,,,,,,109.3756,102.9427,140.3181,,
4586,767.9835,,,,,,,,,,,,,,,,,2487.5103
5889,,,,,,,,,,,,,,,,,,230.9317
4587,,,,,,,,,,,126.9485,,,176.8761,184.7588,,,
4588,,,,,,,,178.0921,,,,,,,,256.5815,,
4590,,,,,,,,145.7081,,,,,,,,,,
4593,,,,,,,,,,98.2562,,102.0781,,,85.058,111.0736,,
4594,,,,,,251.4214,525.7249,423.9298,181.2608,507.7984,1037.6632,636.2312,,,187.523,362.4723,,292.7245
5890,1356.6282,,,,648.8017,,,,,,,,,,,,,3942.7855
4596,710.5451,,,,,,,,,,,,,,,,,845.2361
5891,,,,,,,,,,,,,,498.4826,,,,
5892,,,,,,,,,,,,,,161.6022,,,,
4599,,,,,,,,,,,271.0289,,,,146.0914,204.7992,,
4601,,,,,,,,,,,,,,,,265.8811,,
4602,,,,,,,134.0705,,,,,,,,,,,
4603,,,,,,3885.6548,5350.9394,7533.4034,1224.0846,,1047.0943,1015.0499,,,,3111.9727,,2114.9472
4605,,,,,,479.8583,941.5646,818.1941,400.5446,983.8676,1890.097,1230.5436,,378.5365,399.5174,775.034,,574.4733
4606,,,,,,,,902.6822,,,,,,,,,,
4607,,,,,,230.7347,,288.7177,,,,207.8672,,,,,,
4612,,,,,,139.0897,,,127.5752,,,,,,,,,
4613,,,,,,270.2191,400.0028,554.0291,65.9975,,86.5233,,55.6029,,,,,
4614,,,,,,,,,,,140.2751,199.4714,,,,,,
4615,,,,,,,,,,,,139.7359,,143.245,,,,
4616,,,,,,,,,,,,,,,,,,3414.4602
4617,,,,,,3399.9054,4571.5565,6524.1527,,,,,,,,3421.5748,,1880.3915
4619,,,,,,1047.6251,1445.7703,2061.5882,,,,,,,,1029.7714,,599.8885
4620,,,,,,,,,184.955,,,,,163.4599,159.971,,,
4623,419.1236,,,,,,,,,,,,,,,,,
4624,,,,,,,,,,,,,,,,,,572.8033
4625,2172.269,,,,,,,,,,,,,,,,,
4626,,,,,,,,,,,,,,,,,,247.8263
4627,828.8624,,,,444.1693,,,,,,,,,,,,,298.0389
4629,,,,,,,,,151.4164,172.8796,,,,,,,,
4630,109.9683,115.3788,86.4736,,159.4597,171.0682,165.1544,143.2615,,123.7146,166.457,144.269,,,,,,182.1781
5898,173.4753,,259.5429,,183.4302,,,,,166.9776,,,,411.5608,,,,195.2784
5899,,,,,,,,,,,,,,,83.759,,,
4631,,,,,,,761.746,,,,511.2148,,,,1392.5439,1054.7324,,151.2334
4632,,,,,,116.8885,172.0071,212.3675,,,,,,,,,,
5900,,66.6257,86.8824,,,,67.0142,,,,74.4567,,69.4148,139.6927,,,,77.9796
4633,,,,,,,,,,,274.5491,,,,,,,
4635,,,,,,106.1445,174.0722,201.5512,,,148.3017,,,223.0169,235.6527,302.3888,,
4636,,,,,,,303.7349,,,,145.8336,,,,483.3451,471.2598,,
4638,,,,,,,,,,,,,136.0858,,,,,
4639,,,,,,2420.7243,2589.733,2636.2362,369.4155,,1964.3991,897.8755,,,531.0479,803.7197,,857.4019
4641,,,,,,,,,,,178.2135,,,,,144.3306,,
5901,170.8476,,,,,,,,,,,,,,,,,
4642,,,,,,,765.6396,260.2332,,,551.6664,,,,1601.8643,1235.4492,,185.4362
4643,,,,,,682.5052,700.4938,734.5509,,,502.4527,182.6477,107.9092,,,143.2538,,174.6453
4646,214.9702,200.0568,209.264,,,189.8109,,,,203.2786,,218.7115,,169.8796,,,,
4647,,,,,,,,,,,,,,,,,,168.8958
4648,,,,,,,201.3692,,,,,139.2759,,,204.7716,262.1332,,
4649,,,,,,,192.4708,229.3933,,,,,,,,,,
4650,,,,,,,,,,,194.9597,,,,,110.0328,,
4652,,,,,,,,,,,1358.2533,,,,,,,
4653,,,,,,,,,,,,,,340.9367,,,,
4654,,,,,,,162.802,158.8366,,,369.5659,149.6077,,,126.7563,565.0791,,
4656,,,,,,,,,,,,149.8218,,,,,,
4657,,,,,,,197.6396,,,,283.4055,,,,,208.0481,,
4659,,,,,,,457.3499,252.1713,,,471.5761,117.6831,,,178.0443,607.7723,,
4660,255.8353,,,,,,,,,,,,,,,,,
4662,,,,,,538.1329,693.1291,1030.8898,151.9413,,,,,,,532.3003,,281.4859
4663,,,,,,178.8915,211.9465,297.6747,,,,,,,,155.4628,,
5905,1192.2144,,,,,,,,,,,,,,,,,4121.9387
4666,,,,,,,106.9465,,,,214.7089,,,,,,,
4667,,,,,,,,,,,,,,,,140.2278,,
4670,,,,,,,440.2196,,,,530.6504,245.456,,,,441.6985,,
4671,,,,,,,1000.3803,609.2344,,,897.4642,224.198,,157.6675,602.1298,1186.0995,,
4673,,,,,,,,,,,165.9317,,,,,121.4875,,
4674,,,,,,,156.3534,188.1937,,,143.0456,,,222.9886,198.5938,275.2411,,
4675,,,,,,,,,,,716.3402,,,,,,,
4677,,,,,,,,,,,144.7174,,,,,211.7056,,
4678,2715.478,,,,,,,,,,,,,,,,,
4679,,,,,,275.0668,307.6596,373.3132,,,,,,,,,,
4680,,,,,,,42.8571,51.7831,,,,,,,62.305,,,
4681,,,,,,,,,,88.1995,174.5498,132.2606,,,81.322,,,
4682,1016.6958,,,,,,,,,,,,,,,,,
4683,,,,,,,,245.8488,,,,,,,,,,
4685,,105.3433,,,,,,,,,,,,,,,,
4686,,,,,,148.5233,213.1044,233.2065,,,200.4903,132.3423,,348.0178,429.5412,491.2698,,145.453
4687,,,,,,,,,,,412.508,,,,216.4154,348.2884,,
4689,,,,,,,,,,,114.5627,,,,,,,
4691,,,,,,,172.7755,,,,,,,,,,,
4692,,,,,,,,,,,,,,,175.8498,180.3206,,
5906,,,,,,,,,,,,,,,,244.2162,,
4696,,,,,,,,93.8427,,,,,,,,,,
4697,,,,,,,,,,246.7189,746.9209,387.3331,,,,,,
4698,,,,,,304.8095,940.2089,724.4411,150.0486,307.5041,1024.7549,653.2659,,,519.6766,1352.4329,,261.5319
4699,,,423.9106,,,,,,,,,,,,,,,
4700,,,,,,,314.9952,,,,,,,,,,,
4702,,,,,,,161.8414,,,,257.2563,128.4827,,102.25,170.1118,246.61,,
4703,,,,,,,,,,,,,,,,,,629.6828
5907,,,,,,,,,,,,,,,168.0593,,,
4705,,,,,,89.0855,97.4076,100.8745,73.5003,,,,,,,108.3427,,
4707,,,,,,,284.8511,,,,299.0028,,,,,,,
4710,1212.4916,,,,,,,,,,,,,,,,,1136.3319
4711,,,,,,4097.3639,5476.5015,7768.0279,1186.0207,740.8852,1201.067,1188.1257,732.4089,,,3444.88,,2188.1088
4713,,,,,,,,134.3626,,814.1945,1782.7907,933.1004,,,171.0375,462.9169,,
4714,,,,,,,,,,,,178.1215,,,,183.5047,,
4715,,,,,,638.8665,1493.5597,1196.2317,316.9523,,1961.7706,1264.0258,,589.5422,1142.4643,2483.0275,89.6931,626.5758
4716,,,,,,1424.5969,2057.4245,2743.4653,,,,,,,,1218.6722,,766.0839
4717,,,,,,1046.8675,1160.2379,2742.3314,403.7305,,,,,1169.9759,981.422,368.4225,,459.9139
4718,,,,,,332.3983,417.1747,556.9506,123.8071,61.1384,,,75.3963,56.6863,,256.7534,,166.9274
4719,,,,,,,,,,,,171.6299,,,,,,
4720,,,451.8276,,,,,,,,,,,,,,,
4721,4279.488,,,,1836.1143,,,,,,,,,,,,,6408.2612
4722,,,,,,,,,,,,,,125.8995,,314.2176,,
4723,,,,,105.0635,,,,,,,,,,,,,
4724,,,,,,3023.5612,4379.1521,6166.9529,,,1230.682,,,,,3173.4588,,1805.7683
4727,,,,,,1104.4689,1500.4909,2209.115,,,405.3446,385.5354,,,,1105.1713,,627.584
4728,,,,,,226.1326,,,80.9347,,,,,190.8825,,281.6866,,
4730,,,,,,,,,,,125.77,188.0208,,,,,,
4732,,370.3429,400.8368,,,,,,,,,,,,,,,
4733,,,,,,,710.6655,,,,,,,,,,,
4734,1125.0037,,,,959.2123,,,,,,,,,,,,,1325.3617
4736,,300.7713,417.9075,,,,,,199.4726,,,,,,,,,
4737,,,,,,,,,,,147.4851,,,,,,,
4738,,,,,,262.8771,416.0787,493.7352,198.5656,601.4599,1270.5537,786.3712,,169.8561,220.0128,389.1768,,267.1317
4739,,413.9295,,,300.8515,366.5105,315.238,339.8547,446.0276,,436.29,441.8795,,401.3923,345.202,368.3093,163.4793,
4741,228.2267,,,,238.2613,,,,,,,,,271.4539,,,,
4744,,,,,,,463.8931,134.2898,,,252.6691,,,,930.9341,655.7149,,
4745,,,,,,117.0084,,242.331,,,,,,,,,,
4747,,,,,,398.7211,858.0562,787.34,381.0347,1006.4524,2147.8578,1265.4546,,406.7546,432.0546,883.3749,,507.0152
4750,,,,,,,,,,102.6407,,,,,,,,
4753,,,,,,,,,,,,,,,,,,2686.9689
4754,,,,,,1162.653,1257.8626,1298.2603,,,1207.9916,,,,,,,
4755,,,,,,,,,,,335.8522,,,,223.7546,220.2517,,116.8114
4756,1637.4423,,,,,,,,,,,,,,,,,1648.6767
4758,,,,,,,395.9847,,,,288.6788,,,,961.574,746.0967,,
4759,,,,,,,,,,,,,,112.6601,,190.7709,,
4760,154.092,,,,,,,,,,,,,,,,,
4761,,,,,,,118.1284,166.3024,,,,,,,,129.2569,,
4763,,,,,,,124.2877,,,,229.496,,,,,,,
4765,,,,,,,,,,,172.6833,,,,,,,
4767,,,,,,,143.2333,205.8274,,,,,,341.9072,349.7372,337.0004,,
4771,,,,,,716.0084,,664.7854,208.3217,125.7898,228.2781,173.735,,872.6309,676.0728,1166.9458,,353.966
4772,,,,,,377.3074,496.7009,687.2096,,,,,,,,376.9946,,202.0209
4773,,,,,,,,,,,,,,,,359.0873,,
4774,,,,,,,,,,,,,,,112.6892,172.9148,,
4776,,,,,,,,,,,193.9168,,,,,117.1617,,
4779,,,,,,,,,178.0674,,,,,,,,172.4694,
4781,,,,,124.9086,,,,,,,,,,,,,
4782,,,,,,525.4892,,,,,,,,,,,,
4783,,,,,,,,,,,,,,,,,,234.3165
4784,,,,,,,,,,,123.0137,,,,,,,
5909,,,,,,,,,,,,,,150.7308,,,,
4788,,,,,,,,114.4116,,,220.2414,,,,,336.0309,,
4789,,,,,,214.8138,,,,,365.4795,287.2193,,,,293.556,,
4792,,,,,,,,,,,,,,728.7076,591.0124,,,
4793,,,137.6822,,110.4822,104.4714,84.8422,,123.6263,,,,,,,,96.1903,
4794,,,,,,,,,,,199.1497,,,,,,,
4795,,,,,,,,,,,241.1039,,,,,,,
4796,,,,,,,273.0852,,,,268.2274,,,,,357.1226,,
4797,,,,,,,189.3321,201.1018,,,,,,,,,,
4798,,,,,,,,,,,,108.0878,,,,116.1146,,
4799,,,,,,,171.6706,132.4334,,,317.0907,156.4734,,,219.4294,235.9715,,106.608
4801,,,,,,209.4832,323.951,,,,,,,,,471.1427,,
4802,,,,,,,,,,,,,,,,176.8891,,
4803,,,,,,,167.7009,,,,386.7871,,,,,,,
4805,,,,,,,,,,,215.7856,,,,100.1221,,,
4806,,,,,,3092.0681,4285.4363,6108.1628,939.0599,,1063.124,1062.0005,668.0877,,,2803.3422,,1786.804
4807,,,,,,,,,,,119.9205,,100.538,98.7573,,102.6474,,112.9045
4809,,,,,,,262.4601,138.6647,,,440.2233,220.4925,,,175.3111,305.878,,
4810,,,,,,,516.0277,249.6649,,,474.9741,,,,260.3387,683.6487,,
4811,,,,,,1258.9965,1699.8874,2468.9271,376.2598,250.0313,510.7125,505.6204,327.8468,,,1189.423,,753.398
4812,168.823,,,,345.538,,,,,,,,,,,,,
4814,,,,,,286.3552,408.2299,557.021,,74.2927,98.1112,119.4364,,40.9341,,316.8992,,181.0918
4817,,,,,,2494.6345,3510.5646,5022.9918,,,,1055.61,,,,2753.9765,,1465.8204
4819,,,,,,912.4167,1255.4005,1800.5496,,,360.3904,408.8947,,,,965.9375,,541.6999
4822,,,,,,,,,,,171.1825,,,,,,,
4823,,,,,,212.233,319.6797,462.7754,,50.7292,87.2119,115.5084,,34.4092,,211.9264,,132.1974
4824,,,,,,,,,,,120.2056,,,,,,,
4826,,,,,,,,,,246.0314,,406.8009,,,,,,
4827,,,,,,,737.8042,581.4606,154.791,,824.5943,490.2332,,,488.8886,1115.5082,,
4828,,,,149.6731,,,,,,,,270.2935,,,,,,
4829,,,,,,,,,,,,,,316.8902,,,,
4830,,,,,,,,,,,137.6799,,,,,,,
4833,,,,,,,137.8054,,,,,,,,296.9891,282.1345,,
4834,,,,,,96.2915,,193.9415,,,,,,,,,,
4835,,,,,,,173.4365,,,632.8477,1438.7179,821.2272,,,,235.8861,,191.8425
4836,,,,,,384.7619,1032.2726,980.8777,248.9142,383.2147,1470.3815,893.3979,,446.8178,799.3177,2083.5558,,505.4945
4837,,,,,,,,,,,,,,,205.7616,,,
4838,,,,,,,,,,,150.6878,,,,,,,
4839,,,,,,88.0518,177.8517,,59.2745,89.926,394.1999,188.6881,,,172.201,541.4131,,
4840,,,,,,,,,,,600.2448,,,,,,,
4841,,,,,,,164.302,,,,298.3888,147.5303,,95.2322,168.6574,216.209,,
4842,,,,,,127.0634,,,,,,,,,,,,
4843,,,,,,,126.3498,,,,,,,,337.6937,240.4035,,
4844,,,,,,,,169.7362,,,,,,,,,,
4845,,,,,,,152.4039,,,,340.818,,,,142.3831,207.9228,,
4846,,,,,,,,137.4852,,,,,,,,,,
4847,,,,,,,,,,,172.8338,,,,,,,
4849,,,,,,,386.9488,335.1912,,451.6382,976.726,591.6182,,159.5866,,329.7962,,
4852,,,,,,,,,,,,,,166.2873,166.9698,,,
4853,,,,,,,,122.1842,,,365.2582,219.7082,,,,,,
4855,,,,,,,,,,,214.2947,156.9995,,151.3705,,,,
4858,,,,,,,,,,,,,,232.7349,,,,
4859,,,,,,258.7876,354.2398,501.5707,84.7376,,,,,,,291.2801,,
4861,,,,,,297.9018,662.5709,532.6806,214.2412,788.3604,1605.02,963.1851,,342.008,290.4414,624.2615,,369.0306
4862,,,,,,,,270.3142,249.0659,,329.6746,480.3927,384.9081,,,384.6378,456.9206,
4864,,,,,,157.6378,,,,,,,,,,,,
4865,,,,,,,,,,,,246.686,,,150.5207,,,
4866,,,,,,,,,,,124.455,94.3006,,,,93.0194,,
4871,,,,,,,,150.9827,,,,,,,,,,
4873,,,,,,,,,,,255.8416,,,,,205.0216,,
4875,,,,,,,228.1489,,188.857,,,,,,,216.205,218.9393,
4876,,,,,,,,,,,202.4239,,,,,107.3094,,
4877,,,,,,2264.0269,3220.1666,4546.8441,,,886.8936,940.6149,,,,2163.7361,,1330.1674
4878,,,,,,,,,,,,,,87.1742,92.106,75.0455,,77.0394
4880,,,,,,,214.9133,485.596,,,,94.7492,81.3444,70.5937,,,,188.8665
4883,,,,,,,,,,,,234.1324,253.8177,244.9449,,261.8622,275.0878,
4884,,,,,,,,,,,,121.1989,,,,,,
4885,,,,,,1840.0382,2602.5624,3766.4661,,,,900.7922,,,,2281.9147,,1128.1195
4886,,,,,,847.8065,1114.502,1572.7706,363.5517,306.8069,457.7473,474.6642,335.4315,213.8607,240.6886,980.1259,187.1375,553.2164
4887,,,,,118.6859,,,,,,,,,,,,,
4889,,,,,,,,,,,174.3787,,,,,199.071,,
4890,,,,,,,,,,,,,,,,146.139,,
4892,,,,,,,211.1341,,,,320.7887,,,,158.8816,301.2035,,
4893,,,,,,,328.8798,,,,195.7094,,,,136.7792,420.3875,,
4895,,,,,,,,,,,,,,191.0261,,,,
4898,,,,,246.6739,,,,,,,,,,,,,
4900,,,,,,,108.1641,,,,206.407,,,,,161.6939,,
4901,,,,,,,,136.0997,,,,,,,,,,
4903,,,,,,,,,,,153.8557,,,,,,,
5912,4958.659,,,,700.073,,,,,,,,,,,,,2154.2762
4904,,,,,,,,,,231.428,505.959,326.2192,,,,,,
4905,,,,,,115.4237,562.1404,415.1245,,,,336.5075,,,316.0618,953.7101,,193.2463
4906,,,110.1274,,,,,,,,,136.8266,,,,,145.6451,
5913,2594.063,,,,414.2381,,,,,,,,,,,,,1148.8072
4908,,,,,,,,120.1481,,,148.324,120.9696,,,,257.6677,,
4909,,,,,,,,,,,296.2121,,,,,,,
5914,,,,,,786.8896,677.4133,965.9014,,,,349.463,,863.9612,790.2468,850.6354,,441.6856
4910,,,,,,571.5074,642.3488,601.5735,,,342.5936,170.186,,701.6257,594.0489,691.7785,,174.251
4914,,,,,,,,,,,115.9547,,,,,,,
4915,,,,,,162.4975,192.9265,332.9006,,,,,,,,,,
5915,,,,,,345.0051,302.6918,409.9335,,,241.462,,,394.7495,349.7757,379.3255,,
4916,,,,,,,199.638,,,,133.084,,,206.1852,164.9196,244.0439,,
4917,,,,,,135.3621,,,,,129.4247,102.4686,145.5469,,,,,
5916,,,,,,,167.5385,247.0832,,,,,,,,,,
4918,,,,,,,,130.5982,,502.8219,1124.2036,676.2891,,,110.0955,196.3608,,
4919,,,,,,323.3904,943.9051,747.2896,161.8404,288.0969,1089.6552,719.6565,,287.9578,656.6746,1956.7167,,317.3598
4920,,,,,,,,,,,,158.6124,,142.5324,,,,
4921,,,,,,,217.7908,182.6465,,,277.8337,174.357,,65.2895,145.0413,694.0533,,97.9096
4924,,,,,,,,,,,118.9783,,,,,,,
5917,779.1895,,,,474.258,,,,,,,,,,,,,1652.2529
5918,,,,,,,,,,,,,,,,,,702.9677
4925,,,,,,,299.3508,347.4991,,353.3125,772.3235,450.4517,,,,382.8349,,153.0412
4926,,,,,155.9687,,,,,115.6179,,,,,,,,
4928,,,,,,954.317,1068.5471,1992.7567,203.5127,,,,,557.1294,446.6994,,,303.1571
4929,,,,,,,,,,,165.8307,,,,,138.7297,,
4932,,,,,,473.0976,539.9343,1016.7329,92.6765,,,,,272.2223,224.2595,,,123.6525
4934,,,,,,262.4692,485.2456,425.8941,146.6476,558.9491,1184.5696,685.7593,,209.7406,,488.6416,,303.8994
4935,,,,,,,132.1003,,,,,,,,120.0703,125.7679,,
4936,,,,,,1572.8581,2157.7591,3167.5957,449.8407,403.0326,729.5337,907.9352,472.2314,,,1580.0146,,959.5489
4938,,,,,,598.9646,937.4493,1351.9739,,,398.4551,373.8404,240.2368,,,687.6452,,454.3121
4939,,,,,,,,,,,,,,,,229.6745,,
4940,,,,,,224.1347,258.558,334.4668,75.2849,,89.6022,110.4807,65.0293,,,212.5388,,
4942,,,,,,79.3624,,,91.8275,,,,84.8758,,,,84.3793,
4943,,,,,,,,,,,,,,,,,,277.5003
4944,259.0836,,,,,,,,,,,,,,,,,
4945,,,,,,1357.2498,1919.2491,2741.0419,,,,,,,,1718.2682,,
4947,,,,,,,,,,,132.2307,,,,106.5394,,,
4949,,,,,285.7454,,,,,,,,,,,,,
4950,,,,,,121.4391,176.0586,,,,,128.053,,,,,,
4951,225.4239,,,,,,,,,244.0813,,,,,,,,
4953,,,,,,,165.6332,119.2243,,,297.4526,,,,109.6279,276.1384,,
4955,,,,,,,,,,,414.4094,191.9643,,,,,,
4956,,,,,,,321.1092,328.9245,,,490.2328,264.2647,,,238.5879,794.1567,,132.792
4958,191.5781,,,,86.4225,,,,,,,,,,,,,
4959,,,,,,,,,,335.5371,787.4189,471.6744,,,,139.7875,,
4960,,,,,,196.1441,695.9057,528.9965,,158.5999,940.1262,484.5224,,171.6324,481.947,1490.4937,,223.8339
4961,,,,,,,217.4315,157.0814,,,,147.143,,,131.9785,548.9833,,
4962,,,,,,1025.4403,1470.2981,2099.4591,,,632.5823,844.0951,,,,1026.6896,,651.8395
4964,,,,,,,197.2494,309.9129,78.7659,87.7889,,146.1995,93.2145,59.1644,74.6761,135.1901,,
5920,774.4883,,,,153.3989,,,,,,,,,,,,,381.1695
4965,,,,,,793.583,1249.5885,1805.0544,,,,800.2933,,,,1102.1921,,
4966,,,,,,368.0704,588.3877,770.0331,,,,398.9148,,,,479.7672,,
4968,,,,,,132.8017,240.0473,172.1925,,195.5965,577.3086,349.8017,,,,201.9342,,111.347
4970,,,,,,205.6027,407.1763,361.1706,,403.1887,916.2809,481.574,,153.5574,181.5602,357.0424,,175.5938
4971,,,,,,,152.4174,137.1093,,,299.7444,170.7394,,,,141.9895,,
4973,,,,,,,235.6948,,,,,,,,,,,
4974,,,,,,87.8247,94.2119,,,,,,,137.6319,133.6399,179.702,,
4975,,,,,,,97.7349,,,,,,,,,216.0646,,
4977,,,,,,550.6401,812.6983,1228.3924,,,558.6946,804.1875,365.6689,,,629.9202,,426.3589
4978,,,,,,212.5885,350.7044,533.9867,,,227.6771,471.6599,,,,296.1934,,207.6811
4979,,,,,,362.7801,576.4151,848.408,,,409.4482,638.985,295.097,,,571.086,,308.634
4980,,,,,,287.1357,369.2467,533.3487,123.8449,207.6725,306.2486,432.8746,253.5137,209.9913,142.4891,366.9517,132.0361,286.261
4981,,,,,,,,,,,261.9504,,,,,,,
4982,,,,,,,169.3611,172.6959,,,338.4133,201.3458,,,,596.0362,,
4983,,,,,,,,,,166.5459,562.6524,313.2081,,,,,,
4984,,,,,,,,343.9507,,,601.6766,334.7185,,,,905.7745,,
4985,,,,,,,148.8934,,,,192.5655,92.4544,,,,478.4633,,
5922,,,,,,,,,,,,,,,,,,470.1148
4987,254.341,,,,,,,,,,,,,,,,,876.4123
4989,,,,,,,182.7263,158.7865,,,363.7652,,,,,,,
4991,,,,,,130.5586,336.6063,202.2608,,238.0688,668.8196,323.7868,,,,263.5815,,
5923,356.6595,,,,,,,,,,,,,,,,,237.4571
4992,,,,,,,,93.9646,,,276.8877,104.3048,,,,111.0561,,
5924,177.3052,,,,45.9317,,,,,,,,,,,,,
4996,,,,,,342.9724,427.754,585.2521,187.378,307.5809,416.5859,623.5304,356.6669,280.9468,210.1057,377.4162,206.127,292.453
4997,,,,,,181.7797,248.7414,267.5055,103.8775,178.7742,219.3434,335.8683,189.6741,157.5285,123.0926,263.7435,,171.2162
4998,,,,,,254.2776,340.4024,449.0439,141.6693,233.3513,364.2925,503.5938,270.7032,243.8602,178.6997,350.2848,186.2903,248.2518
4999,,,,,,115.6612,169.8047,234.79,,,184.6249,278.2476,155.5447,130.6617,90.1147,186.9742,87.2411,123.9498
5001,,,,,,,,148.049,,,,,,461.5507,,1333.604,,
5002,,,,,,,,,,,,,,,,,,583.4228
5004,,,,,,858.3197,975.9738,,,,,,,,,,,
5006,,,,,,573.3364,656.853,212.5097,,,,,,,,,,
5007,109.6221,,,,,,,,,,,,,,,,,129.6208
5008,,,,,,,,,,,217.5231,,,,,363.41,,
5009,,,,,,,,,,,,,,,,,,17002.1783
5010,,,,,,,,,,,297.4293,161.7396,,,,,,
5011,,,,,,,,252.6986,,,394.9272,154.4141,,,145.8241,620.7236,,
5012,,,,,,,,,,,169.5258,83.3454,,,,302.8931,,
5013,,,,,,,,,,,195.2775,,,,,,,
5014,,,,,,,152.8021,,,,312.4541,158.2282,,,,,,
5015,,,,,,144.0229,172.7548,208.8316,,141.6609,217.5009,315.3121,161.8177,149.166,119.2521,196.5452,,155.8506
5016,,,,,,135.0852,,212.3238,,140.8756,191.444,252.4002,140.3645,,,135.2485,,
5017,,,,,,,76.4748,,,,,140.0423,75.7411,67.7126,,83.9656,,
5018,,,,,,150.7458,,,,,,,,,,,,
5020,,,,,,,,98.215,,,,,,,,,,
5021,,,,,,,,,,,184.0674,,,,,338.123,,
5926,,,,,,,,,,,,,,,,,,234.7991
5022,,,,,,,,,,,,,,,,,,20394.9913
5023,2310.592,,,,,,,,,,,,,,,,,
5930,160.9932,,,,,,,,,,,,,,,,,281.0502
5025,,,,,,,,,,,,,,,,171.8976,,
5933,1201.4591,,,,122.1364,,,,,,,,,,,,,
5934,845.9084,,,,82.0221,,,,,,,,,,,,,307.0602
5935,289.204,,,,,,,,,,,,,,,,,
5936,429.206,,,,,,,,,,,,,,,,,180.5914
5937,304.5808,,,,,,,,,,,,,,,,,
